<?xml version="1.0" ?>
<gpx xmlns="https://raw.githubusercontent.com/GIScience/openrouteservice-schema/main/gpx/v2/ors-gpx.xsd" version="1.1" creator="openrouteservice">
  <metadata>
    <name>openrouteservice directions</name>
    <desc>This is a directions instructions file as GPX, generated from openrouteservice</desc>
    <author>
      <name>openrouteservice</name>
      <email id="support" domain="openrouteservice.heigit.org"/>
      <link href="https://openrouteservice.org/">
        <text>https://openrouteservice.org/</text>
        <type>text/html</type>
      </link>
    </author>
    <copyright author="openrouteservice.org | OpenStreetMap contributors">
      <year>2026</year>
      <license>LGPL 3.0</license>
    </copyright>
    <time>2026-05-13T14:52:41.698Z</time>
    <bounds maxlat="46.375277" maxlon="14.114665" minlat="46.287837" minlon="13.896084"/>
    <extensions>
      <system-message/>
    </extensions>
  </metadata>
  <rte>
    <rtept lat="46.368311" lon="14.114597">
      <name>Ljubljanska cesta, 209</name>
      <desc>Head east on Ljubljanska cesta, 209</desc>
      <extensions>
        <distance>5.3</distance>
        <duration>1.1</duration>
        <type>11</type>
        <step>0</step>
      </extensions>
    </rtept>
    <rtept lat="46.368319" lon="14.114665">
      <name>Grič</name>
      <desc>Turn left onto Grič</desc>
      <extensions>
        <distance>15.8</distance>
        <duration>3.2</duration>
        <type>0</type>
        <step>1</step>
      </extensions>
    </rtept>
    <rtept lat="46.368416" lon="14.114639">
      <name>Grič</name>
      <desc>Turn left onto Grič</desc>
      <extensions>
        <distance>15.8</distance>
        <duration>3.2</duration>
        <type>0</type>
        <step>1</step>
      </extensions>
    </rtept>
    <rtept lat="46.368458" lon="14.114656">
      <name>Grič</name>
      <desc>Turn left onto Grič</desc>
      <extensions>
        <distance>156.9</distance>
        <duration>31.4</duration>
        <type>0</type>
        <step>2</step>
      </extensions>
    </rtept>
    <rtept lat="46.368642" lon="14.113984">
      <name>Grič</name>
      <desc>Turn left onto Grič</desc>
      <extensions>
        <distance>156.9</distance>
        <duration>31.4</duration>
        <type>0</type>
        <step>2</step>
      </extensions>
    </rtept>
    <rtept lat="46.368767" lon="14.113827">
      <name>Grič</name>
      <desc>Turn left onto Grič</desc>
      <extensions>
        <distance>156.9</distance>
        <duration>31.4</duration>
        <type>0</type>
        <step>2</step>
      </extensions>
    </rtept>
    <rtept lat="46.369028" lon="14.113586">
      <name>Grič</name>
      <desc>Turn left onto Grič</desc>
      <extensions>
        <distance>156.9</distance>
        <duration>31.4</duration>
        <type>0</type>
        <step>2</step>
      </extensions>
    </rtept>
    <rtept lat="46.369121" lon="14.11347">
      <name>Grič</name>
      <desc>Turn left onto Grič</desc>
      <extensions>
        <distance>156.9</distance>
        <duration>31.4</duration>
        <type>0</type>
        <step>2</step>
      </extensions>
    </rtept>
    <rtept lat="46.369182" lon="14.113281">
      <name>Grič</name>
      <desc>Turn left onto Grič</desc>
      <extensions>
        <distance>156.9</distance>
        <duration>31.4</duration>
        <type>0</type>
        <step>2</step>
      </extensions>
    </rtept>
    <rtept lat="46.369223" lon="14.113042">
      <name>Trubarjeva cesta</name>
      <desc>Turn left onto Trubarjeva cesta</desc>
      <extensions>
        <distance>8.4</distance>
        <duration>1.7</duration>
        <type>0</type>
        <step>3</step>
      </extensions>
    </rtept>
    <rtept lat="46.369157" lon="14.11299">
      <name>Prešernova cesta</name>
      <desc>Turn right onto Prešernova cesta</desc>
      <extensions>
        <distance>774.3</distance>
        <duration>154.9</duration>
        <type>1</type>
        <step>4</step>
      </extensions>
    </rtept>
    <rtept lat="46.369225" lon="14.112865">
      <name>Prešernova cesta</name>
      <desc>Turn right onto Prešernova cesta</desc>
      <extensions>
        <distance>774.3</distance>
        <duration>154.9</duration>
        <type>1</type>
        <step>4</step>
      </extensions>
    </rtept>
    <rtept lat="46.369443" lon="14.112248">
      <name>Prešernova cesta</name>
      <desc>Turn right onto Prešernova cesta</desc>
      <extensions>
        <distance>774.3</distance>
        <duration>154.9</duration>
        <type>1</type>
        <step>4</step>
      </extensions>
    </rtept>
    <rtept lat="46.369517" lon="14.112073">
      <name>Prešernova cesta</name>
      <desc>Turn right onto Prešernova cesta</desc>
      <extensions>
        <distance>774.3</distance>
        <duration>154.9</duration>
        <type>1</type>
        <step>4</step>
      </extensions>
    </rtept>
    <rtept lat="46.369637" lon="14.111794">
      <name>Prešernova cesta</name>
      <desc>Turn right onto Prešernova cesta</desc>
      <extensions>
        <distance>774.3</distance>
        <duration>154.9</duration>
        <type>1</type>
        <step>4</step>
      </extensions>
    </rtept>
    <rtept lat="46.369768" lon="14.111499">
      <name>Prešernova cesta</name>
      <desc>Turn right onto Prešernova cesta</desc>
      <extensions>
        <distance>774.3</distance>
        <duration>154.9</duration>
        <type>1</type>
        <step>4</step>
      </extensions>
    </rtept>
    <rtept lat="46.369982" lon="14.111018">
      <name>Prešernova cesta</name>
      <desc>Turn right onto Prešernova cesta</desc>
      <extensions>
        <distance>774.3</distance>
        <duration>154.9</duration>
        <type>1</type>
        <step>4</step>
      </extensions>
    </rtept>
    <rtept lat="46.370048" lon="14.110873">
      <name>Prešernova cesta</name>
      <desc>Turn right onto Prešernova cesta</desc>
      <extensions>
        <distance>774.3</distance>
        <duration>154.9</duration>
        <type>1</type>
        <step>4</step>
      </extensions>
    </rtept>
    <rtept lat="46.370272" lon="14.110352">
      <name>Prešernova cesta</name>
      <desc>Turn right onto Prešernova cesta</desc>
      <extensions>
        <distance>774.3</distance>
        <duration>154.9</duration>
        <type>1</type>
        <step>4</step>
      </extensions>
    </rtept>
    <rtept lat="46.3703" lon="14.110286">
      <name>Prešernova cesta</name>
      <desc>Turn right onto Prešernova cesta</desc>
      <extensions>
        <distance>774.3</distance>
        <duration>154.9</duration>
        <type>1</type>
        <step>4</step>
      </extensions>
    </rtept>
    <rtept lat="46.370519" lon="14.109779">
      <name>Prešernova cesta</name>
      <desc>Turn right onto Prešernova cesta</desc>
      <extensions>
        <distance>774.3</distance>
        <duration>154.9</duration>
        <type>1</type>
        <step>4</step>
      </extensions>
    </rtept>
    <rtept lat="46.370583" lon="14.109635">
      <name>Prešernova cesta</name>
      <desc>Turn right onto Prešernova cesta</desc>
      <extensions>
        <distance>774.3</distance>
        <duration>154.9</duration>
        <type>1</type>
        <step>4</step>
      </extensions>
    </rtept>
    <rtept lat="46.370672" lon="14.109441">
      <name>Prešernova cesta</name>
      <desc>Turn right onto Prešernova cesta</desc>
      <extensions>
        <distance>774.3</distance>
        <duration>154.9</duration>
        <type>1</type>
        <step>4</step>
      </extensions>
    </rtept>
    <rtept lat="46.370859" lon="14.108999">
      <name>Prešernova cesta</name>
      <desc>Turn right onto Prešernova cesta</desc>
      <extensions>
        <distance>774.3</distance>
        <duration>154.9</duration>
        <type>1</type>
        <step>4</step>
      </extensions>
    </rtept>
    <rtept lat="46.370877" lon="14.108956">
      <name>Prešernova cesta</name>
      <desc>Turn right onto Prešernova cesta</desc>
      <extensions>
        <distance>774.3</distance>
        <duration>154.9</duration>
        <type>1</type>
        <step>4</step>
      </extensions>
    </rtept>
    <rtept lat="46.371085" lon="14.108439">
      <name>Prešernova cesta</name>
      <desc>Turn right onto Prešernova cesta</desc>
      <extensions>
        <distance>774.3</distance>
        <duration>154.9</duration>
        <type>1</type>
        <step>4</step>
      </extensions>
    </rtept>
    <rtept lat="46.371256" lon="14.108098">
      <name>Prešernova cesta</name>
      <desc>Turn right onto Prešernova cesta</desc>
      <extensions>
        <distance>774.3</distance>
        <duration>154.9</duration>
        <type>1</type>
        <step>4</step>
      </extensions>
    </rtept>
    <rtept lat="46.371376" lon="14.107896">
      <name>Prešernova cesta</name>
      <desc>Turn right onto Prešernova cesta</desc>
      <extensions>
        <distance>774.3</distance>
        <duration>154.9</duration>
        <type>1</type>
        <step>4</step>
      </extensions>
    </rtept>
    <rtept lat="46.37151" lon="14.107692">
      <name>Prešernova cesta</name>
      <desc>Turn right onto Prešernova cesta</desc>
      <extensions>
        <distance>774.3</distance>
        <duration>154.9</duration>
        <type>1</type>
        <step>4</step>
      </extensions>
    </rtept>
    <rtept lat="46.371639" lon="14.107418">
      <name>Prešernova cesta</name>
      <desc>Turn right onto Prešernova cesta</desc>
      <extensions>
        <distance>774.3</distance>
        <duration>154.9</duration>
        <type>1</type>
        <step>4</step>
      </extensions>
    </rtept>
    <rtept lat="46.371778" lon="14.106914">
      <name>Prešernova cesta</name>
      <desc>Turn right onto Prešernova cesta</desc>
      <extensions>
        <distance>774.3</distance>
        <duration>154.9</duration>
        <type>1</type>
        <step>4</step>
      </extensions>
    </rtept>
    <rtept lat="46.371822" lon="14.106591">
      <name>Prešernova cesta</name>
      <desc>Turn right onto Prešernova cesta</desc>
      <extensions>
        <distance>774.3</distance>
        <duration>154.9</duration>
        <type>1</type>
        <step>4</step>
      </extensions>
    </rtept>
    <rtept lat="46.371835" lon="14.106329">
      <name>Prešernova cesta</name>
      <desc>Turn right onto Prešernova cesta</desc>
      <extensions>
        <distance>774.3</distance>
        <duration>154.9</duration>
        <type>1</type>
        <step>4</step>
      </extensions>
    </rtept>
    <rtept lat="46.371866" lon="14.10606">
      <name>Prešernova cesta</name>
      <desc>Turn right onto Prešernova cesta</desc>
      <extensions>
        <distance>774.3</distance>
        <duration>154.9</duration>
        <type>1</type>
        <step>4</step>
      </extensions>
    </rtept>
    <rtept lat="46.371914" lon="14.105863">
      <name>Prešernova cesta</name>
      <desc>Turn right onto Prešernova cesta</desc>
      <extensions>
        <distance>774.3</distance>
        <duration>154.9</duration>
        <type>1</type>
        <step>4</step>
      </extensions>
    </rtept>
    <rtept lat="46.372022" lon="14.105565">
      <name>Prešernova cesta</name>
      <desc>Turn right onto Prešernova cesta</desc>
      <extensions>
        <distance>774.3</distance>
        <duration>154.9</duration>
        <type>1</type>
        <step>4</step>
      </extensions>
    </rtept>
    <rtept lat="46.372278" lon="14.105022">
      <name>Prešernova cesta</name>
      <desc>Turn right onto Prešernova cesta</desc>
      <extensions>
        <distance>774.3</distance>
        <duration>154.9</duration>
        <type>1</type>
        <step>4</step>
      </extensions>
    </rtept>
    <rtept lat="46.372471" lon="14.104557">
      <name>Prešernova cesta</name>
      <desc>Turn right onto Prešernova cesta</desc>
      <extensions>
        <distance>774.3</distance>
        <duration>154.9</duration>
        <type>1</type>
        <step>4</step>
      </extensions>
    </rtept>
    <rtept lat="46.372526" lon="14.10446">
      <name>Prešernova cesta</name>
      <desc>Turn right onto Prešernova cesta</desc>
      <extensions>
        <distance>774.3</distance>
        <duration>154.9</duration>
        <type>1</type>
        <step>4</step>
      </extensions>
    </rtept>
    <rtept lat="46.372621" lon="14.104363">
      <name>Riklijeva cesta</name>
      <desc>Turn left onto Riklijeva cesta</desc>
      <extensions>
        <distance>70.7</distance>
        <duration>14.1</duration>
        <type>0</type>
        <step>5</step>
      </extensions>
    </rtept>
    <rtept lat="46.372579" lon="14.104284">
      <name>Riklijeva cesta</name>
      <desc>Turn left onto Riklijeva cesta</desc>
      <extensions>
        <distance>70.7</distance>
        <duration>14.1</duration>
        <type>0</type>
        <step>5</step>
      </extensions>
    </rtept>
    <rtept lat="46.372302" lon="14.103996">
      <name>Riklijeva cesta</name>
      <desc>Turn left onto Riklijeva cesta</desc>
      <extensions>
        <distance>70.7</distance>
        <duration>14.1</duration>
        <type>0</type>
        <step>5</step>
      </extensions>
    </rtept>
    <rtept lat="46.3721" lon="14.103848">
      <name>Grajska cesta</name>
      <desc>Enter the roundabout and take the 1st exit onto Grajska cesta</desc>
      <extensions>
        <distance>11.6</distance>
        <duration>2.3</duration>
        <type>7</type>
        <step>6</step>
      </extensions>
    </rtept>
    <rtept lat="46.372104" lon="14.103805">
      <name>Grajska cesta</name>
      <desc>Enter the roundabout and take the 1st exit onto Grajska cesta</desc>
      <extensions>
        <distance>11.6</distance>
        <duration>2.3</duration>
        <type>7</type>
        <step>6</step>
      </extensions>
    </rtept>
    <rtept lat="46.37209" lon="14.103766">
      <name>Grajska cesta</name>
      <desc>Enter the roundabout and take the 1st exit onto Grajska cesta</desc>
      <extensions>
        <distance>11.6</distance>
        <duration>2.3</duration>
        <type>7</type>
        <step>6</step>
      </extensions>
    </rtept>
    <rtept lat="46.372048" lon="14.103745">
      <name>Grajska cesta</name>
      <desc>Continue straight onto Grajska cesta</desc>
      <extensions>
        <distance>223.0</distance>
        <duration>44.6</duration>
        <type>6</type>
        <step>7</step>
      </extensions>
    </rtept>
    <rtept lat="46.372037" lon="14.103466">
      <name>Grajska cesta</name>
      <desc>Continue straight onto Grajska cesta</desc>
      <extensions>
        <distance>223.0</distance>
        <duration>44.6</duration>
        <type>6</type>
        <step>7</step>
      </extensions>
    </rtept>
    <rtept lat="46.372084" lon="14.103251">
      <name>Grajska cesta</name>
      <desc>Continue straight onto Grajska cesta</desc>
      <extensions>
        <distance>223.0</distance>
        <duration>44.6</duration>
        <type>6</type>
        <step>7</step>
      </extensions>
    </rtept>
    <rtept lat="46.372204" lon="14.102895">
      <name>Grajska cesta</name>
      <desc>Continue straight onto Grajska cesta</desc>
      <extensions>
        <distance>223.0</distance>
        <duration>44.6</duration>
        <type>6</type>
        <step>7</step>
      </extensions>
    </rtept>
    <rtept lat="46.372294" lon="14.102589">
      <name>Grajska cesta</name>
      <desc>Continue straight onto Grajska cesta</desc>
      <extensions>
        <distance>223.0</distance>
        <duration>44.6</duration>
        <type>6</type>
        <step>7</step>
      </extensions>
    </rtept>
    <rtept lat="46.372369" lon="14.102155">
      <name>Grajska cesta</name>
      <desc>Continue straight onto Grajska cesta</desc>
      <extensions>
        <distance>223.0</distance>
        <duration>44.6</duration>
        <type>6</type>
        <step>7</step>
      </extensions>
    </rtept>
    <rtept lat="46.372527" lon="14.101285">
      <name>Grajska cesta</name>
      <desc>Continue straight onto Grajska cesta</desc>
      <extensions>
        <distance>223.0</distance>
        <duration>44.6</duration>
        <type>6</type>
        <step>7</step>
      </extensions>
    </rtept>
    <rtept lat="46.372579" lon="14.101054">
      <name>Grajska cesta</name>
      <desc>Continue straight onto Grajska cesta</desc>
      <extensions>
        <distance>223.0</distance>
        <duration>44.6</duration>
        <type>6</type>
        <step>7</step>
      </extensions>
    </rtept>
    <rtept lat="46.372617" lon="14.100993">
      <name/>
      <desc>Turn slight right</desc>
      <extensions>
        <distance>36.8</distance>
        <duration>7.4</duration>
        <type>5</type>
        <step>8</step>
      </extensions>
    </rtept>
    <rtept lat="46.37267" lon="14.100939">
      <name/>
      <desc>Turn slight right</desc>
      <extensions>
        <distance>36.8</distance>
        <duration>7.4</duration>
        <type>5</type>
        <step>8</step>
      </extensions>
    </rtept>
    <rtept lat="46.372717" lon="14.100831">
      <name/>
      <desc>Turn slight right</desc>
      <extensions>
        <distance>36.8</distance>
        <duration>7.4</duration>
        <type>5</type>
        <step>8</step>
      </extensions>
    </rtept>
    <rtept lat="46.372791" lon="14.100596">
      <name/>
      <desc>Keep left</desc>
      <extensions>
        <distance>98.3</distance>
        <duration>19.7</duration>
        <type>12</type>
        <step>9</step>
      </extensions>
    </rtept>
    <rtept lat="46.372787" lon="14.100503">
      <name/>
      <desc>Keep left</desc>
      <extensions>
        <distance>98.3</distance>
        <duration>19.7</duration>
        <type>12</type>
        <step>9</step>
      </extensions>
    </rtept>
    <rtept lat="46.373151" lon="14.099439">
      <name/>
      <desc>Keep right</desc>
      <extensions>
        <distance>48.1</distance>
        <duration>9.6</duration>
        <type>13</type>
        <step>10</step>
      </extensions>
    </rtept>
    <rtept lat="46.373267" lon="14.0991">
      <name/>
      <desc>Keep right</desc>
      <extensions>
        <distance>48.1</distance>
        <duration>9.6</duration>
        <type>13</type>
        <step>10</step>
      </extensions>
    </rtept>
    <rtept lat="46.373333" lon="14.098908">
      <name/>
      <desc>Keep right</desc>
      <extensions>
        <distance>48.1</distance>
        <duration>9.6</duration>
        <type>13</type>
        <step>10</step>
      </extensions>
    </rtept>
    <rtept lat="46.373343" lon="14.098878">
      <name/>
      <desc>Keep right</desc>
      <extensions>
        <distance>146.9</distance>
        <duration>29.4</duration>
        <type>13</type>
        <step>11</step>
      </extensions>
    </rtept>
    <rtept lat="46.373687" lon="14.097871">
      <name/>
      <desc>Keep right</desc>
      <extensions>
        <distance>146.9</distance>
        <duration>29.4</duration>
        <type>13</type>
        <step>11</step>
      </extensions>
    </rtept>
    <rtept lat="46.37394" lon="14.097749">
      <name/>
      <desc>Keep right</desc>
      <extensions>
        <distance>146.9</distance>
        <duration>29.4</duration>
        <type>13</type>
        <step>11</step>
      </extensions>
    </rtept>
    <rtept lat="46.374212" lon="14.097653">
      <name/>
      <desc>Turn left</desc>
      <extensions>
        <distance>357.6</distance>
        <duration>71.5</duration>
        <type>0</type>
        <step>12</step>
      </extensions>
    </rtept>
    <rtept lat="46.374204" lon="14.09755">
      <name/>
      <desc>Turn left</desc>
      <extensions>
        <distance>357.6</distance>
        <duration>71.5</duration>
        <type>0</type>
        <step>12</step>
      </extensions>
    </rtept>
    <rtept lat="46.374203" lon="14.097159">
      <name/>
      <desc>Turn left</desc>
      <extensions>
        <distance>357.6</distance>
        <duration>71.5</duration>
        <type>0</type>
        <step>12</step>
      </extensions>
    </rtept>
    <rtept lat="46.374239" lon="14.09695">
      <name/>
      <desc>Turn left</desc>
      <extensions>
        <distance>357.6</distance>
        <duration>71.5</duration>
        <type>0</type>
        <step>12</step>
      </extensions>
    </rtept>
    <rtept lat="46.374421" lon="14.096404">
      <name/>
      <desc>Turn left</desc>
      <extensions>
        <distance>357.6</distance>
        <duration>71.5</duration>
        <type>0</type>
        <step>12</step>
      </extensions>
    </rtept>
    <rtept lat="46.374486" lon="14.096166">
      <name/>
      <desc>Turn left</desc>
      <extensions>
        <distance>357.6</distance>
        <duration>71.5</duration>
        <type>0</type>
        <step>12</step>
      </extensions>
    </rtept>
    <rtept lat="46.37467" lon="14.095269">
      <name/>
      <desc>Turn left</desc>
      <extensions>
        <distance>357.6</distance>
        <duration>71.5</duration>
        <type>0</type>
        <step>12</step>
      </extensions>
    </rtept>
    <rtept lat="46.374989" lon="14.09416">
      <name/>
      <desc>Turn left</desc>
      <extensions>
        <distance>357.6</distance>
        <duration>71.5</duration>
        <type>0</type>
        <step>12</step>
      </extensions>
    </rtept>
    <rtept lat="46.37505" lon="14.0939">
      <name/>
      <desc>Turn left</desc>
      <extensions>
        <distance>357.6</distance>
        <duration>71.5</duration>
        <type>0</type>
        <step>12</step>
      </extensions>
    </rtept>
    <rtept lat="46.3751" lon="14.093742">
      <name/>
      <desc>Turn left</desc>
      <extensions>
        <distance>357.6</distance>
        <duration>71.5</duration>
        <type>0</type>
        <step>12</step>
      </extensions>
    </rtept>
    <rtept lat="46.375277" lon="14.09331">
      <name/>
      <desc>Keep left</desc>
      <extensions>
        <distance>29.5</distance>
        <duration>5.9</duration>
        <type>12</type>
        <step>13</step>
      </extensions>
    </rtept>
    <rtept lat="46.375258" lon="14.092926">
      <name>Kolodvorska cesta</name>
      <desc>Turn slight left onto Kolodvorska cesta</desc>
      <extensions>
        <distance>500.2</distance>
        <duration>100.0</duration>
        <type>4</type>
        <step>14</step>
      </extensions>
    </rtept>
    <rtept lat="46.375219" lon="14.092757">
      <name>Kolodvorska cesta</name>
      <desc>Turn slight left onto Kolodvorska cesta</desc>
      <extensions>
        <distance>500.2</distance>
        <duration>100.0</duration>
        <type>4</type>
        <step>14</step>
      </extensions>
    </rtept>
    <rtept lat="46.375182" lon="14.092645">
      <name>Kolodvorska cesta</name>
      <desc>Turn slight left onto Kolodvorska cesta</desc>
      <extensions>
        <distance>500.2</distance>
        <duration>100.0</duration>
        <type>4</type>
        <step>14</step>
      </extensions>
    </rtept>
    <rtept lat="46.375108" lon="14.092343">
      <name>Kolodvorska cesta</name>
      <desc>Turn slight left onto Kolodvorska cesta</desc>
      <extensions>
        <distance>500.2</distance>
        <duration>100.0</duration>
        <type>4</type>
        <step>14</step>
      </extensions>
    </rtept>
    <rtept lat="46.375056" lon="14.092053">
      <name>Kolodvorska cesta</name>
      <desc>Turn slight left onto Kolodvorska cesta</desc>
      <extensions>
        <distance>500.2</distance>
        <duration>100.0</duration>
        <type>4</type>
        <step>14</step>
      </extensions>
    </rtept>
    <rtept lat="46.374878" lon="14.091129">
      <name>Kolodvorska cesta</name>
      <desc>Turn slight left onto Kolodvorska cesta</desc>
      <extensions>
        <distance>500.2</distance>
        <duration>100.0</duration>
        <type>4</type>
        <step>14</step>
      </extensions>
    </rtept>
    <rtept lat="46.374639" lon="14.090128">
      <name>Kolodvorska cesta</name>
      <desc>Turn slight left onto Kolodvorska cesta</desc>
      <extensions>
        <distance>500.2</distance>
        <duration>100.0</duration>
        <type>4</type>
        <step>14</step>
      </extensions>
    </rtept>
    <rtept lat="46.374477" lon="14.089582">
      <name>Kolodvorska cesta</name>
      <desc>Turn slight left onto Kolodvorska cesta</desc>
      <extensions>
        <distance>500.2</distance>
        <duration>100.0</duration>
        <type>4</type>
        <step>14</step>
      </extensions>
    </rtept>
    <rtept lat="46.374227" lon="14.089037">
      <name>Kolodvorska cesta</name>
      <desc>Turn slight left onto Kolodvorska cesta</desc>
      <extensions>
        <distance>500.2</distance>
        <duration>100.0</duration>
        <type>4</type>
        <step>14</step>
      </extensions>
    </rtept>
    <rtept lat="46.373868" lon="14.08842">
      <name>Kolodvorska cesta</name>
      <desc>Turn slight left onto Kolodvorska cesta</desc>
      <extensions>
        <distance>500.2</distance>
        <duration>100.0</duration>
        <type>4</type>
        <step>14</step>
      </extensions>
    </rtept>
    <rtept lat="46.373453" lon="14.087754">
      <name>Kolodvorska cesta</name>
      <desc>Turn slight left onto Kolodvorska cesta</desc>
      <extensions>
        <distance>500.2</distance>
        <duration>100.0</duration>
        <type>4</type>
        <step>14</step>
      </extensions>
    </rtept>
    <rtept lat="46.373297" lon="14.087456">
      <name>Kolodvorska cesta</name>
      <desc>Turn slight left onto Kolodvorska cesta</desc>
      <extensions>
        <distance>500.2</distance>
        <duration>100.0</duration>
        <type>4</type>
        <step>14</step>
      </extensions>
    </rtept>
    <rtept lat="46.373252" lon="14.087327">
      <name>Kolodvorska cesta</name>
      <desc>Turn slight left onto Kolodvorska cesta</desc>
      <extensions>
        <distance>500.2</distance>
        <duration>100.0</duration>
        <type>4</type>
        <step>14</step>
      </extensions>
    </rtept>
    <rtept lat="46.373234" lon="14.087224">
      <name>Kolodvorska cesta</name>
      <desc>Keep left onto Kolodvorska cesta</desc>
      <extensions>
        <distance>186.0</distance>
        <duration>37.2</duration>
        <type>12</type>
        <step>15</step>
      </extensions>
    </rtept>
    <rtept lat="46.373227" lon="14.087156">
      <name>Kolodvorska cesta</name>
      <desc>Keep left onto Kolodvorska cesta</desc>
      <extensions>
        <distance>186.0</distance>
        <duration>37.2</duration>
        <type>12</type>
        <step>15</step>
      </extensions>
    </rtept>
    <rtept lat="46.37324" lon="14.087035">
      <name>Kolodvorska cesta</name>
      <desc>Keep left onto Kolodvorska cesta</desc>
      <extensions>
        <distance>186.0</distance>
        <duration>37.2</duration>
        <type>12</type>
        <step>15</step>
      </extensions>
    </rtept>
    <rtept lat="46.373306" lon="14.086785">
      <name>Kolodvorska cesta</name>
      <desc>Keep left onto Kolodvorska cesta</desc>
      <extensions>
        <distance>186.0</distance>
        <duration>37.2</duration>
        <type>12</type>
        <step>15</step>
      </extensions>
    </rtept>
    <rtept lat="46.373331" lon="14.086669">
      <name>Kolodvorska cesta</name>
      <desc>Keep left onto Kolodvorska cesta</desc>
      <extensions>
        <distance>186.0</distance>
        <duration>37.2</duration>
        <type>12</type>
        <step>15</step>
      </extensions>
    </rtept>
    <rtept lat="46.373323" lon="14.086366">
      <name>Kolodvorska cesta</name>
      <desc>Keep left onto Kolodvorska cesta</desc>
      <extensions>
        <distance>186.0</distance>
        <duration>37.2</duration>
        <type>12</type>
        <step>15</step>
      </extensions>
    </rtept>
    <rtept lat="46.37322" lon="14.08608">
      <name>Kolodvorska cesta</name>
      <desc>Keep left onto Kolodvorska cesta</desc>
      <extensions>
        <distance>186.0</distance>
        <duration>37.2</duration>
        <type>12</type>
        <step>15</step>
      </extensions>
    </rtept>
    <rtept lat="46.372917" lon="14.085499">
      <name>Kolodvorska cesta</name>
      <desc>Keep left onto Kolodvorska cesta</desc>
      <extensions>
        <distance>186.0</distance>
        <duration>37.2</duration>
        <type>12</type>
        <step>15</step>
      </extensions>
    </rtept>
    <rtept lat="46.372684" lon="14.085144">
      <name>Aljaževa cesta</name>
      <desc>Keep right onto Aljaževa cesta</desc>
      <extensions>
        <distance>496.1</distance>
        <duration>102.9</duration>
        <type>13</type>
        <step>16</step>
      </extensions>
    </rtept>
    <rtept lat="46.37268" lon="14.085053">
      <name>Aljaževa cesta</name>
      <desc>Keep right onto Aljaževa cesta</desc>
      <extensions>
        <distance>496.1</distance>
        <duration>102.9</duration>
        <type>13</type>
        <step>16</step>
      </extensions>
    </rtept>
    <rtept lat="46.372673" lon="14.085018">
      <name>Aljaževa cesta</name>
      <desc>Keep right onto Aljaževa cesta</desc>
      <extensions>
        <distance>496.1</distance>
        <duration>102.9</duration>
        <type>13</type>
        <step>16</step>
      </extensions>
    </rtept>
    <rtept lat="46.372624" lon="14.084534">
      <name>Aljaževa cesta</name>
      <desc>Keep right onto Aljaževa cesta</desc>
      <extensions>
        <distance>496.1</distance>
        <duration>102.9</duration>
        <type>13</type>
        <step>16</step>
      </extensions>
    </rtept>
    <rtept lat="46.37257" lon="14.084449">
      <name>Aljaževa cesta</name>
      <desc>Keep right onto Aljaževa cesta</desc>
      <extensions>
        <distance>496.1</distance>
        <duration>102.9</duration>
        <type>13</type>
        <step>16</step>
      </extensions>
    </rtept>
    <rtept lat="46.37245" lon="14.084443">
      <name>Aljaževa cesta</name>
      <desc>Keep right onto Aljaževa cesta</desc>
      <extensions>
        <distance>496.1</distance>
        <duration>102.9</duration>
        <type>13</type>
        <step>16</step>
      </extensions>
    </rtept>
    <rtept lat="46.372294" lon="14.084505">
      <name>Aljaževa cesta</name>
      <desc>Keep right onto Aljaževa cesta</desc>
      <extensions>
        <distance>496.1</distance>
        <duration>102.9</duration>
        <type>13</type>
        <step>16</step>
      </extensions>
    </rtept>
    <rtept lat="46.372081" lon="14.084496">
      <name>Aljaževa cesta</name>
      <desc>Keep right onto Aljaževa cesta</desc>
      <extensions>
        <distance>496.1</distance>
        <duration>102.9</duration>
        <type>13</type>
        <step>16</step>
      </extensions>
    </rtept>
    <rtept lat="46.371986" lon="14.084381">
      <name>Aljaževa cesta</name>
      <desc>Keep right onto Aljaževa cesta</desc>
      <extensions>
        <distance>496.1</distance>
        <duration>102.9</duration>
        <type>13</type>
        <step>16</step>
      </extensions>
    </rtept>
    <rtept lat="46.371947" lon="14.084263">
      <name>Aljaževa cesta</name>
      <desc>Keep right onto Aljaževa cesta</desc>
      <extensions>
        <distance>496.1</distance>
        <duration>102.9</duration>
        <type>13</type>
        <step>16</step>
      </extensions>
    </rtept>
    <rtept lat="46.371906" lon="14.083933">
      <name>Aljaževa cesta</name>
      <desc>Keep right onto Aljaževa cesta</desc>
      <extensions>
        <distance>496.1</distance>
        <duration>102.9</duration>
        <type>13</type>
        <step>16</step>
      </extensions>
    </rtept>
    <rtept lat="46.371893" lon="14.083817">
      <name>Aljaževa cesta</name>
      <desc>Keep right onto Aljaževa cesta</desc>
      <extensions>
        <distance>496.1</distance>
        <duration>102.9</duration>
        <type>13</type>
        <step>16</step>
      </extensions>
    </rtept>
    <rtept lat="46.371901" lon="14.083657">
      <name>Aljaževa cesta</name>
      <desc>Keep right onto Aljaževa cesta</desc>
      <extensions>
        <distance>496.1</distance>
        <duration>102.9</duration>
        <type>13</type>
        <step>16</step>
      </extensions>
    </rtept>
    <rtept lat="46.372035" lon="14.083247">
      <name>Aljaževa cesta</name>
      <desc>Keep right onto Aljaževa cesta</desc>
      <extensions>
        <distance>496.1</distance>
        <duration>102.9</duration>
        <type>13</type>
        <step>16</step>
      </extensions>
    </rtept>
    <rtept lat="46.372065" lon="14.083084">
      <name>Aljaževa cesta</name>
      <desc>Keep right onto Aljaževa cesta</desc>
      <extensions>
        <distance>496.1</distance>
        <duration>102.9</duration>
        <type>13</type>
        <step>16</step>
      </extensions>
    </rtept>
    <rtept lat="46.372079" lon="14.08284">
      <name>Aljaževa cesta</name>
      <desc>Keep right onto Aljaževa cesta</desc>
      <extensions>
        <distance>496.1</distance>
        <duration>102.9</duration>
        <type>13</type>
        <step>16</step>
      </extensions>
    </rtept>
    <rtept lat="46.372105" lon="14.082632">
      <name>Aljaževa cesta</name>
      <desc>Keep right onto Aljaževa cesta</desc>
      <extensions>
        <distance>496.1</distance>
        <duration>102.9</duration>
        <type>13</type>
        <step>16</step>
      </extensions>
    </rtept>
    <rtept lat="46.372166" lon="14.082418">
      <name>Aljaževa cesta</name>
      <desc>Keep right onto Aljaževa cesta</desc>
      <extensions>
        <distance>496.1</distance>
        <duration>102.9</duration>
        <type>13</type>
        <step>16</step>
      </extensions>
    </rtept>
    <rtept lat="46.372374" lon="14.081893">
      <name>Aljaževa cesta</name>
      <desc>Keep right onto Aljaževa cesta</desc>
      <extensions>
        <distance>496.1</distance>
        <duration>102.9</duration>
        <type>13</type>
        <step>16</step>
      </extensions>
    </rtept>
    <rtept lat="46.372417" lon="14.081756">
      <name>Aljaževa cesta</name>
      <desc>Keep right onto Aljaževa cesta</desc>
      <extensions>
        <distance>496.1</distance>
        <duration>102.9</duration>
        <type>13</type>
        <step>16</step>
      </extensions>
    </rtept>
    <rtept lat="46.372427" lon="14.081623">
      <name>Aljaževa cesta</name>
      <desc>Keep right onto Aljaževa cesta</desc>
      <extensions>
        <distance>496.1</distance>
        <duration>102.9</duration>
        <type>13</type>
        <step>16</step>
      </extensions>
    </rtept>
    <rtept lat="46.372425" lon="14.081509">
      <name>Aljaževa cesta</name>
      <desc>Keep right onto Aljaževa cesta</desc>
      <extensions>
        <distance>496.1</distance>
        <duration>102.9</duration>
        <type>13</type>
        <step>16</step>
      </extensions>
    </rtept>
    <rtept lat="46.372395" lon="14.081364">
      <name>Aljaževa cesta</name>
      <desc>Keep right onto Aljaževa cesta</desc>
      <extensions>
        <distance>496.1</distance>
        <duration>102.9</duration>
        <type>13</type>
        <step>16</step>
      </extensions>
    </rtept>
    <rtept lat="46.372334" lon="14.0812">
      <name>Aljaževa cesta</name>
      <desc>Keep right onto Aljaževa cesta</desc>
      <extensions>
        <distance>496.1</distance>
        <duration>102.9</duration>
        <type>13</type>
        <step>16</step>
      </extensions>
    </rtept>
    <rtept lat="46.372242" lon="14.08101">
      <name>Aljaževa cesta</name>
      <desc>Keep right onto Aljaževa cesta</desc>
      <extensions>
        <distance>496.1</distance>
        <duration>102.9</duration>
        <type>13</type>
        <step>16</step>
      </extensions>
    </rtept>
    <rtept lat="46.37205" lon="14.080688">
      <name>Aljaževa cesta</name>
      <desc>Keep right onto Aljaževa cesta</desc>
      <extensions>
        <distance>496.1</distance>
        <duration>102.9</duration>
        <type>13</type>
        <step>16</step>
      </extensions>
    </rtept>
    <rtept lat="46.371995" lon="14.080537">
      <name>Aljaževa cesta</name>
      <desc>Keep right onto Aljaževa cesta</desc>
      <extensions>
        <distance>496.1</distance>
        <duration>102.9</duration>
        <type>13</type>
        <step>16</step>
      </extensions>
    </rtept>
    <rtept lat="46.371962" lon="14.080352">
      <name>Aljaževa cesta</name>
      <desc>Keep right onto Aljaževa cesta</desc>
      <extensions>
        <distance>496.1</distance>
        <duration>102.9</duration>
        <type>13</type>
        <step>16</step>
      </extensions>
    </rtept>
    <rtept lat="46.371992" lon="14.079932">
      <name/>
      <desc>Keep left</desc>
      <extensions>
        <distance>1288.1</distance>
        <duration>289.8</duration>
        <type>12</type>
        <step>17</step>
      </extensions>
    </rtept>
    <rtept lat="46.372059" lon="14.079322">
      <name/>
      <desc>Keep left</desc>
      <extensions>
        <distance>1288.1</distance>
        <duration>289.8</duration>
        <type>12</type>
        <step>17</step>
      </extensions>
    </rtept>
    <rtept lat="46.372026" lon="14.079146">
      <name/>
      <desc>Keep left</desc>
      <extensions>
        <distance>1288.1</distance>
        <duration>289.8</duration>
        <type>12</type>
        <step>17</step>
      </extensions>
    </rtept>
    <rtept lat="46.371983" lon="14.079093">
      <name/>
      <desc>Keep left</desc>
      <extensions>
        <distance>1288.1</distance>
        <duration>289.8</duration>
        <type>12</type>
        <step>17</step>
      </extensions>
    </rtept>
    <rtept lat="46.371928" lon="14.079062">
      <name/>
      <desc>Keep left</desc>
      <extensions>
        <distance>1288.1</distance>
        <duration>289.8</duration>
        <type>12</type>
        <step>17</step>
      </extensions>
    </rtept>
    <rtept lat="46.371824" lon="14.07909">
      <name/>
      <desc>Keep left</desc>
      <extensions>
        <distance>1288.1</distance>
        <duration>289.8</duration>
        <type>12</type>
        <step>17</step>
      </extensions>
    </rtept>
    <rtept lat="46.371596" lon="14.079324">
      <name/>
      <desc>Keep left</desc>
      <extensions>
        <distance>1288.1</distance>
        <duration>289.8</duration>
        <type>12</type>
        <step>17</step>
      </extensions>
    </rtept>
    <rtept lat="46.371435" lon="14.079328">
      <name/>
      <desc>Keep left</desc>
      <extensions>
        <distance>1288.1</distance>
        <duration>289.8</duration>
        <type>12</type>
        <step>17</step>
      </extensions>
    </rtept>
    <rtept lat="46.371357" lon="14.07915">
      <name/>
      <desc>Keep left</desc>
      <extensions>
        <distance>1288.1</distance>
        <duration>289.8</duration>
        <type>12</type>
        <step>17</step>
      </extensions>
    </rtept>
    <rtept lat="46.371358" lon="14.078971">
      <name/>
      <desc>Keep left</desc>
      <extensions>
        <distance>1288.1</distance>
        <duration>289.8</duration>
        <type>12</type>
        <step>17</step>
      </extensions>
    </rtept>
    <rtept lat="46.371465" lon="14.078542">
      <name/>
      <desc>Keep left</desc>
      <extensions>
        <distance>1288.1</distance>
        <duration>289.8</duration>
        <type>12</type>
        <step>17</step>
      </extensions>
    </rtept>
    <rtept lat="46.371523" lon="14.078056">
      <name/>
      <desc>Keep left</desc>
      <extensions>
        <distance>1288.1</distance>
        <duration>289.8</duration>
        <type>12</type>
        <step>17</step>
      </extensions>
    </rtept>
    <rtept lat="46.371487" lon="14.077651">
      <name/>
      <desc>Keep left</desc>
      <extensions>
        <distance>1288.1</distance>
        <duration>289.8</duration>
        <type>12</type>
        <step>17</step>
      </extensions>
    </rtept>
    <rtept lat="46.371371" lon="14.077138">
      <name/>
      <desc>Keep left</desc>
      <extensions>
        <distance>1288.1</distance>
        <duration>289.8</duration>
        <type>12</type>
        <step>17</step>
      </extensions>
    </rtept>
    <rtept lat="46.371246" lon="14.076071">
      <name/>
      <desc>Keep left</desc>
      <extensions>
        <distance>1288.1</distance>
        <duration>289.8</duration>
        <type>12</type>
        <step>17</step>
      </extensions>
    </rtept>
    <rtept lat="46.371244" lon="14.075843">
      <name/>
      <desc>Keep left</desc>
      <extensions>
        <distance>1288.1</distance>
        <duration>289.8</duration>
        <type>12</type>
        <step>17</step>
      </extensions>
    </rtept>
    <rtept lat="46.371413" lon="14.075267">
      <name/>
      <desc>Keep left</desc>
      <extensions>
        <distance>1288.1</distance>
        <duration>289.8</duration>
        <type>12</type>
        <step>17</step>
      </extensions>
    </rtept>
    <rtept lat="46.371447" lon="14.075073">
      <name/>
      <desc>Keep left</desc>
      <extensions>
        <distance>1288.1</distance>
        <duration>289.8</duration>
        <type>12</type>
        <step>17</step>
      </extensions>
    </rtept>
    <rtept lat="46.371418" lon="14.074828">
      <name/>
      <desc>Keep left</desc>
      <extensions>
        <distance>1288.1</distance>
        <duration>289.8</duration>
        <type>12</type>
        <step>17</step>
      </extensions>
    </rtept>
    <rtept lat="46.371339" lon="14.074534">
      <name/>
      <desc>Keep left</desc>
      <extensions>
        <distance>1288.1</distance>
        <duration>289.8</duration>
        <type>12</type>
        <step>17</step>
      </extensions>
    </rtept>
    <rtept lat="46.37112" lon="14.074103">
      <name/>
      <desc>Keep left</desc>
      <extensions>
        <distance>1288.1</distance>
        <duration>289.8</duration>
        <type>12</type>
        <step>17</step>
      </extensions>
    </rtept>
    <rtept lat="46.370964" lon="14.073549">
      <name/>
      <desc>Keep left</desc>
      <extensions>
        <distance>1288.1</distance>
        <duration>289.8</duration>
        <type>12</type>
        <step>17</step>
      </extensions>
    </rtept>
    <rtept lat="46.370944" lon="14.073146">
      <name/>
      <desc>Keep left</desc>
      <extensions>
        <distance>1288.1</distance>
        <duration>289.8</duration>
        <type>12</type>
        <step>17</step>
      </extensions>
    </rtept>
    <rtept lat="46.370884" lon="14.072695">
      <name/>
      <desc>Keep left</desc>
      <extensions>
        <distance>1288.1</distance>
        <duration>289.8</duration>
        <type>12</type>
        <step>17</step>
      </extensions>
    </rtept>
    <rtept lat="46.370748" lon="14.072474">
      <name/>
      <desc>Keep left</desc>
      <extensions>
        <distance>1288.1</distance>
        <duration>289.8</duration>
        <type>12</type>
        <step>17</step>
      </extensions>
    </rtept>
    <rtept lat="46.370606" lon="14.072376">
      <name/>
      <desc>Keep left</desc>
      <extensions>
        <distance>1288.1</distance>
        <duration>289.8</duration>
        <type>12</type>
        <step>17</step>
      </extensions>
    </rtept>
    <rtept lat="46.370417" lon="14.072317">
      <name/>
      <desc>Keep left</desc>
      <extensions>
        <distance>1288.1</distance>
        <duration>289.8</duration>
        <type>12</type>
        <step>17</step>
      </extensions>
    </rtept>
    <rtept lat="46.370086" lon="14.072447">
      <name/>
      <desc>Keep left</desc>
      <extensions>
        <distance>1288.1</distance>
        <duration>289.8</duration>
        <type>12</type>
        <step>17</step>
      </extensions>
    </rtept>
    <rtept lat="46.369855" lon="14.072429">
      <name/>
      <desc>Keep left</desc>
      <extensions>
        <distance>1288.1</distance>
        <duration>289.8</duration>
        <type>12</type>
        <step>17</step>
      </extensions>
    </rtept>
    <rtept lat="46.369629" lon="14.072349">
      <name/>
      <desc>Keep left</desc>
      <extensions>
        <distance>1288.1</distance>
        <duration>289.8</duration>
        <type>12</type>
        <step>17</step>
      </extensions>
    </rtept>
    <rtept lat="46.369349" lon="14.072298">
      <name/>
      <desc>Keep left</desc>
      <extensions>
        <distance>1288.1</distance>
        <duration>289.8</duration>
        <type>12</type>
        <step>17</step>
      </extensions>
    </rtept>
    <rtept lat="46.369011" lon="14.072279">
      <name/>
      <desc>Keep left</desc>
      <extensions>
        <distance>1288.1</distance>
        <duration>289.8</duration>
        <type>12</type>
        <step>17</step>
      </extensions>
    </rtept>
    <rtept lat="46.368891" lon="14.072187">
      <name/>
      <desc>Keep left</desc>
      <extensions>
        <distance>1288.1</distance>
        <duration>289.8</duration>
        <type>12</type>
        <step>17</step>
      </extensions>
    </rtept>
    <rtept lat="46.368588" lon="14.071659">
      <name/>
      <desc>Keep left</desc>
      <extensions>
        <distance>1288.1</distance>
        <duration>289.8</duration>
        <type>12</type>
        <step>17</step>
      </extensions>
    </rtept>
    <rtept lat="46.368366" lon="14.071495">
      <name/>
      <desc>Keep left</desc>
      <extensions>
        <distance>1288.1</distance>
        <duration>289.8</duration>
        <type>12</type>
        <step>17</step>
      </extensions>
    </rtept>
    <rtept lat="46.36816" lon="14.071449">
      <name/>
      <desc>Keep left</desc>
      <extensions>
        <distance>1288.1</distance>
        <duration>289.8</duration>
        <type>12</type>
        <step>17</step>
      </extensions>
    </rtept>
    <rtept lat="46.367964" lon="14.071374">
      <name/>
      <desc>Keep left</desc>
      <extensions>
        <distance>1288.1</distance>
        <duration>289.8</duration>
        <type>12</type>
        <step>17</step>
      </extensions>
    </rtept>
    <rtept lat="46.367913" lon="14.071303">
      <name/>
      <desc>Keep left</desc>
      <extensions>
        <distance>1288.1</distance>
        <duration>289.8</duration>
        <type>12</type>
        <step>17</step>
      </extensions>
    </rtept>
    <rtept lat="46.367884" lon="14.07097">
      <name/>
      <desc>Keep left</desc>
      <extensions>
        <distance>1288.1</distance>
        <duration>289.8</duration>
        <type>12</type>
        <step>17</step>
      </extensions>
    </rtept>
    <rtept lat="46.367899" lon="14.070825">
      <name/>
      <desc>Keep left</desc>
      <extensions>
        <distance>1288.1</distance>
        <duration>289.8</duration>
        <type>12</type>
        <step>17</step>
      </extensions>
    </rtept>
    <rtept lat="46.367887" lon="14.070748">
      <name/>
      <desc>Keep left</desc>
      <extensions>
        <distance>1288.1</distance>
        <duration>289.8</duration>
        <type>12</type>
        <step>17</step>
      </extensions>
    </rtept>
    <rtept lat="46.367723" lon="14.070431">
      <name/>
      <desc>Keep left</desc>
      <extensions>
        <distance>1288.1</distance>
        <duration>289.8</duration>
        <type>12</type>
        <step>17</step>
      </extensions>
    </rtept>
    <rtept lat="46.367585" lon="14.070096">
      <name/>
      <desc>Keep left</desc>
      <extensions>
        <distance>1288.1</distance>
        <duration>289.8</duration>
        <type>12</type>
        <step>17</step>
      </extensions>
    </rtept>
    <rtept lat="46.367459" lon="14.070007">
      <name/>
      <desc>Keep left</desc>
      <extensions>
        <distance>1288.1</distance>
        <duration>289.8</duration>
        <type>12</type>
        <step>17</step>
      </extensions>
    </rtept>
    <rtept lat="46.367295" lon="14.069709">
      <name/>
      <desc>Keep left</desc>
      <extensions>
        <distance>1288.1</distance>
        <duration>289.8</duration>
        <type>12</type>
        <step>17</step>
      </extensions>
    </rtept>
    <rtept lat="46.367124" lon="14.069303">
      <name/>
      <desc>Keep left</desc>
      <extensions>
        <distance>1288.1</distance>
        <duration>289.8</duration>
        <type>12</type>
        <step>17</step>
      </extensions>
    </rtept>
    <rtept lat="46.366957" lon="14.069088">
      <name/>
      <desc>Keep left</desc>
      <extensions>
        <distance>1288.1</distance>
        <duration>289.8</duration>
        <type>12</type>
        <step>17</step>
      </extensions>
    </rtept>
    <rtept lat="46.366864" lon="14.068888">
      <name/>
      <desc>Keep left</desc>
      <extensions>
        <distance>1288.1</distance>
        <duration>289.8</duration>
        <type>12</type>
        <step>17</step>
      </extensions>
    </rtept>
    <rtept lat="46.366712" lon="14.068756">
      <name/>
      <desc>Keep left</desc>
      <extensions>
        <distance>243.4</distance>
        <duration>54.8</duration>
        <type>12</type>
        <step>18</step>
      </extensions>
    </rtept>
    <rtept lat="46.366404" lon="14.068655">
      <name/>
      <desc>Keep left</desc>
      <extensions>
        <distance>243.4</distance>
        <duration>54.8</duration>
        <type>12</type>
        <step>18</step>
      </extensions>
    </rtept>
    <rtept lat="46.366159" lon="14.068361">
      <name/>
      <desc>Keep left</desc>
      <extensions>
        <distance>243.4</distance>
        <duration>54.8</duration>
        <type>12</type>
        <step>18</step>
      </extensions>
    </rtept>
    <rtept lat="46.365869" lon="14.068179">
      <name/>
      <desc>Keep left</desc>
      <extensions>
        <distance>243.4</distance>
        <duration>54.8</duration>
        <type>12</type>
        <step>18</step>
      </extensions>
    </rtept>
    <rtept lat="46.365567" lon="14.068247">
      <name/>
      <desc>Keep left</desc>
      <extensions>
        <distance>243.4</distance>
        <duration>54.8</duration>
        <type>12</type>
        <step>18</step>
      </extensions>
    </rtept>
    <rtept lat="46.365309" lon="14.068372">
      <name/>
      <desc>Keep left</desc>
      <extensions>
        <distance>243.4</distance>
        <duration>54.8</duration>
        <type>12</type>
        <step>18</step>
      </extensions>
    </rtept>
    <rtept lat="46.364974" lon="14.068382">
      <name/>
      <desc>Keep left</desc>
      <extensions>
        <distance>243.4</distance>
        <duration>54.8</duration>
        <type>12</type>
        <step>18</step>
      </extensions>
    </rtept>
    <rtept lat="46.364669" lon="14.068213">
      <name/>
      <desc>Keep right</desc>
      <extensions>
        <distance>941.2</distance>
        <duration>211.8</duration>
        <type>13</type>
        <step>19</step>
      </extensions>
    </rtept>
    <rtept lat="46.364414" lon="14.067939">
      <name/>
      <desc>Keep right</desc>
      <extensions>
        <distance>941.2</distance>
        <duration>211.8</duration>
        <type>13</type>
        <step>19</step>
      </extensions>
    </rtept>
    <rtept lat="46.364044" lon="14.067133">
      <name/>
      <desc>Keep right</desc>
      <extensions>
        <distance>941.2</distance>
        <duration>211.8</duration>
        <type>13</type>
        <step>19</step>
      </extensions>
    </rtept>
    <rtept lat="46.363901" lon="14.066589">
      <name/>
      <desc>Keep right</desc>
      <extensions>
        <distance>941.2</distance>
        <duration>211.8</duration>
        <type>13</type>
        <step>19</step>
      </extensions>
    </rtept>
    <rtept lat="46.363615" lon="14.065236">
      <name/>
      <desc>Keep right</desc>
      <extensions>
        <distance>941.2</distance>
        <duration>211.8</duration>
        <type>13</type>
        <step>19</step>
      </extensions>
    </rtept>
    <rtept lat="46.363589" lon="14.065108">
      <name/>
      <desc>Keep right</desc>
      <extensions>
        <distance>941.2</distance>
        <duration>211.8</duration>
        <type>13</type>
        <step>19</step>
      </extensions>
    </rtept>
    <rtept lat="46.363608" lon="14.064901">
      <name/>
      <desc>Keep right</desc>
      <extensions>
        <distance>941.2</distance>
        <duration>211.8</duration>
        <type>13</type>
        <step>19</step>
      </extensions>
    </rtept>
    <rtept lat="46.363576" lon="14.064691">
      <name/>
      <desc>Keep right</desc>
      <extensions>
        <distance>941.2</distance>
        <duration>211.8</duration>
        <type>13</type>
        <step>19</step>
      </extensions>
    </rtept>
    <rtept lat="46.363429" lon="14.064498">
      <name/>
      <desc>Keep right</desc>
      <extensions>
        <distance>941.2</distance>
        <duration>211.8</duration>
        <type>13</type>
        <step>19</step>
      </extensions>
    </rtept>
    <rtept lat="46.363159" lon="14.063938">
      <name/>
      <desc>Keep right</desc>
      <extensions>
        <distance>941.2</distance>
        <duration>211.8</duration>
        <type>13</type>
        <step>19</step>
      </extensions>
    </rtept>
    <rtept lat="46.36304" lon="14.063804">
      <name/>
      <desc>Keep right</desc>
      <extensions>
        <distance>941.2</distance>
        <duration>211.8</duration>
        <type>13</type>
        <step>19</step>
      </extensions>
    </rtept>
    <rtept lat="46.362896" lon="14.063761">
      <name/>
      <desc>Keep right</desc>
      <extensions>
        <distance>941.2</distance>
        <duration>211.8</duration>
        <type>13</type>
        <step>19</step>
      </extensions>
    </rtept>
    <rtept lat="46.36278" lon="14.063804">
      <name/>
      <desc>Keep right</desc>
      <extensions>
        <distance>941.2</distance>
        <duration>211.8</duration>
        <type>13</type>
        <step>19</step>
      </extensions>
    </rtept>
    <rtept lat="46.362683" lon="14.063753">
      <name/>
      <desc>Keep right</desc>
      <extensions>
        <distance>941.2</distance>
        <duration>211.8</duration>
        <type>13</type>
        <step>19</step>
      </extensions>
    </rtept>
    <rtept lat="46.362524" lon="14.063372">
      <name/>
      <desc>Keep right</desc>
      <extensions>
        <distance>941.2</distance>
        <duration>211.8</duration>
        <type>13</type>
        <step>19</step>
      </extensions>
    </rtept>
    <rtept lat="46.362461" lon="14.062819">
      <name/>
      <desc>Keep right</desc>
      <extensions>
        <distance>941.2</distance>
        <duration>211.8</duration>
        <type>13</type>
        <step>19</step>
      </extensions>
    </rtept>
    <rtept lat="46.362349" lon="14.062263">
      <name/>
      <desc>Keep right</desc>
      <extensions>
        <distance>941.2</distance>
        <duration>211.8</duration>
        <type>13</type>
        <step>19</step>
      </extensions>
    </rtept>
    <rtept lat="46.362213" lon="14.061644">
      <name/>
      <desc>Keep right</desc>
      <extensions>
        <distance>941.2</distance>
        <duration>211.8</duration>
        <type>13</type>
        <step>19</step>
      </extensions>
    </rtept>
    <rtept lat="46.361946" lon="14.060898">
      <name/>
      <desc>Keep right</desc>
      <extensions>
        <distance>941.2</distance>
        <duration>211.8</duration>
        <type>13</type>
        <step>19</step>
      </extensions>
    </rtept>
    <rtept lat="46.361731" lon="14.060358">
      <name/>
      <desc>Keep right</desc>
      <extensions>
        <distance>941.2</distance>
        <duration>211.8</duration>
        <type>13</type>
        <step>19</step>
      </extensions>
    </rtept>
    <rtept lat="46.361621" lon="14.059968">
      <name/>
      <desc>Keep right</desc>
      <extensions>
        <distance>941.2</distance>
        <duration>211.8</duration>
        <type>13</type>
        <step>19</step>
      </extensions>
    </rtept>
    <rtept lat="46.3615" lon="14.059727">
      <name/>
      <desc>Keep right</desc>
      <extensions>
        <distance>941.2</distance>
        <duration>211.8</duration>
        <type>13</type>
        <step>19</step>
      </extensions>
    </rtept>
    <rtept lat="46.36129" lon="14.059043">
      <name/>
      <desc>Keep right</desc>
      <extensions>
        <distance>941.2</distance>
        <duration>211.8</duration>
        <type>13</type>
        <step>19</step>
      </extensions>
    </rtept>
    <rtept lat="46.361154" lon="14.058734">
      <name/>
      <desc>Keep right</desc>
      <extensions>
        <distance>941.2</distance>
        <duration>211.8</duration>
        <type>13</type>
        <step>19</step>
      </extensions>
    </rtept>
    <rtept lat="46.36086" lon="14.057801">
      <name/>
      <desc>Keep right</desc>
      <extensions>
        <distance>209.0</distance>
        <duration>47.0</duration>
        <type>13</type>
        <step>20</step>
      </extensions>
    </rtept>
    <rtept lat="46.360815" lon="14.057661">
      <name/>
      <desc>Keep right</desc>
      <extensions>
        <distance>209.0</distance>
        <duration>47.0</duration>
        <type>13</type>
        <step>20</step>
      </extensions>
    </rtept>
    <rtept lat="46.360742" lon="14.057281">
      <name/>
      <desc>Keep right</desc>
      <extensions>
        <distance>209.0</distance>
        <duration>47.0</duration>
        <type>13</type>
        <step>20</step>
      </extensions>
    </rtept>
    <rtept lat="46.360629" lon="14.056598">
      <name/>
      <desc>Keep right</desc>
      <extensions>
        <distance>209.0</distance>
        <duration>47.0</duration>
        <type>13</type>
        <step>20</step>
      </extensions>
    </rtept>
    <rtept lat="46.360591" lon="14.05615">
      <name/>
      <desc>Keep right</desc>
      <extensions>
        <distance>209.0</distance>
        <duration>47.0</duration>
        <type>13</type>
        <step>20</step>
      </extensions>
    </rtept>
    <rtept lat="46.360939" lon="14.055902">
      <name/>
      <desc>Keep right</desc>
      <extensions>
        <distance>209.0</distance>
        <duration>47.0</duration>
        <type>13</type>
        <step>20</step>
      </extensions>
    </rtept>
    <rtept lat="46.361022" lon="14.055653">
      <name/>
      <desc>Keep right</desc>
      <extensions>
        <distance>209.0</distance>
        <duration>47.0</duration>
        <type>13</type>
        <step>20</step>
      </extensions>
    </rtept>
    <rtept lat="46.361076" lon="14.055489">
      <name/>
      <desc>Keep right</desc>
      <extensions>
        <distance>22.8</distance>
        <duration>4.6</duration>
        <type>13</type>
        <step>21</step>
      </extensions>
    </rtept>
    <rtept lat="46.361143" lon="14.055367">
      <name/>
      <desc>Keep right</desc>
      <extensions>
        <distance>22.8</distance>
        <duration>4.6</duration>
        <type>13</type>
        <step>21</step>
      </extensions>
    </rtept>
    <rtept lat="46.361224" lon="14.055288">
      <name/>
      <desc>Turn left</desc>
      <extensions>
        <distance>424.6</distance>
        <duration>84.9</duration>
        <type>0</type>
        <step>22</step>
      </extensions>
    </rtept>
    <rtept lat="46.361267" lon="14.053834">
      <name/>
      <desc>Turn left</desc>
      <extensions>
        <distance>424.6</distance>
        <duration>84.9</duration>
        <type>0</type>
        <step>22</step>
      </extensions>
    </rtept>
    <rtept lat="46.361315" lon="14.053563">
      <name/>
      <desc>Turn left</desc>
      <extensions>
        <distance>424.6</distance>
        <duration>84.9</duration>
        <type>0</type>
        <step>22</step>
      </extensions>
    </rtept>
    <rtept lat="46.361354" lon="14.052733">
      <name/>
      <desc>Turn left</desc>
      <extensions>
        <distance>424.6</distance>
        <duration>84.9</duration>
        <type>0</type>
        <step>22</step>
      </extensions>
    </rtept>
    <rtept lat="46.361185" lon="14.052043">
      <name/>
      <desc>Turn left</desc>
      <extensions>
        <distance>424.6</distance>
        <duration>84.9</duration>
        <type>0</type>
        <step>22</step>
      </extensions>
    </rtept>
    <rtept lat="46.361187" lon="14.051842">
      <name/>
      <desc>Turn left</desc>
      <extensions>
        <distance>424.6</distance>
        <duration>84.9</duration>
        <type>0</type>
        <step>22</step>
      </extensions>
    </rtept>
    <rtept lat="46.361115" lon="14.051516">
      <name/>
      <desc>Turn left</desc>
      <extensions>
        <distance>424.6</distance>
        <duration>84.9</duration>
        <type>0</type>
        <step>22</step>
      </extensions>
    </rtept>
    <rtept lat="46.361039" lon="14.051368">
      <name/>
      <desc>Turn left</desc>
      <extensions>
        <distance>424.6</distance>
        <duration>84.9</duration>
        <type>0</type>
        <step>22</step>
      </extensions>
    </rtept>
    <rtept lat="46.360829" lon="14.050984">
      <name/>
      <desc>Turn left</desc>
      <extensions>
        <distance>424.6</distance>
        <duration>84.9</duration>
        <type>0</type>
        <step>22</step>
      </extensions>
    </rtept>
    <rtept lat="46.360747" lon="14.05078">
      <name/>
      <desc>Turn left</desc>
      <extensions>
        <distance>424.6</distance>
        <duration>84.9</duration>
        <type>0</type>
        <step>22</step>
      </extensions>
    </rtept>
    <rtept lat="46.360735" lon="14.050679">
      <name/>
      <desc>Turn left</desc>
      <extensions>
        <distance>424.6</distance>
        <duration>84.9</duration>
        <type>0</type>
        <step>22</step>
      </extensions>
    </rtept>
    <rtept lat="46.360665" lon="14.050622">
      <name/>
      <desc>Turn left</desc>
      <extensions>
        <distance>424.6</distance>
        <duration>84.9</duration>
        <type>0</type>
        <step>22</step>
      </extensions>
    </rtept>
    <rtept lat="46.36058" lon="14.050603">
      <name/>
      <desc>Turn left</desc>
      <extensions>
        <distance>424.6</distance>
        <duration>84.9</duration>
        <type>0</type>
        <step>22</step>
      </extensions>
    </rtept>
    <rtept lat="46.360532" lon="14.050513">
      <name/>
      <desc>Turn left</desc>
      <extensions>
        <distance>424.6</distance>
        <duration>84.9</duration>
        <type>0</type>
        <step>22</step>
      </extensions>
    </rtept>
    <rtept lat="46.360523" lon="14.050391">
      <name/>
      <desc>Turn left</desc>
      <extensions>
        <distance>424.6</distance>
        <duration>84.9</duration>
        <type>0</type>
        <step>22</step>
      </extensions>
    </rtept>
    <rtept lat="46.360469" lon="14.050207">
      <name/>
      <desc>Turn right</desc>
      <extensions>
        <distance>140.8</distance>
        <duration>28.2</duration>
        <type>1</type>
        <step>23</step>
      </extensions>
    </rtept>
    <rtept lat="46.360652" lon="14.049768">
      <name/>
      <desc>Turn right</desc>
      <extensions>
        <distance>140.8</distance>
        <duration>28.2</duration>
        <type>1</type>
        <step>23</step>
      </extensions>
    </rtept>
    <rtept lat="46.360873" lon="14.049581">
      <name/>
      <desc>Turn right</desc>
      <extensions>
        <distance>140.8</distance>
        <duration>28.2</duration>
        <type>1</type>
        <step>23</step>
      </extensions>
    </rtept>
    <rtept lat="46.361225" lon="14.049707">
      <name/>
      <desc>Turn right</desc>
      <extensions>
        <distance>140.8</distance>
        <duration>28.2</duration>
        <type>1</type>
        <step>23</step>
      </extensions>
    </rtept>
    <rtept lat="46.361519" lon="14.049683">
      <name/>
      <desc>Turn slight right</desc>
      <extensions>
        <distance>41.7</distance>
        <duration>9.4</duration>
        <type>5</type>
        <step>24</step>
      </extensions>
    </rtept>
    <rtept lat="46.361595" lon="14.04977">
      <name/>
      <desc>Turn slight right</desc>
      <extensions>
        <distance>41.7</distance>
        <duration>9.4</duration>
        <type>5</type>
        <step>24</step>
      </extensions>
    </rtept>
    <rtept lat="46.361731" lon="14.04983">
      <name/>
      <desc>Turn slight right</desc>
      <extensions>
        <distance>41.7</distance>
        <duration>9.4</duration>
        <type>5</type>
        <step>24</step>
      </extensions>
    </rtept>
    <rtept lat="46.361836" lon="14.049957">
      <name/>
      <desc>Turn sharp left</desc>
      <extensions>
        <distance>339.6</distance>
        <duration>67.9</duration>
        <type>2</type>
        <step>25</step>
      </extensions>
    </rtept>
    <rtept lat="46.361989" lon="14.049412">
      <name/>
      <desc>Turn sharp left</desc>
      <extensions>
        <distance>339.6</distance>
        <duration>67.9</duration>
        <type>2</type>
        <step>25</step>
      </extensions>
    </rtept>
    <rtept lat="46.36215" lon="14.049045">
      <name/>
      <desc>Turn sharp left</desc>
      <extensions>
        <distance>339.6</distance>
        <duration>67.9</duration>
        <type>2</type>
        <step>25</step>
      </extensions>
    </rtept>
    <rtept lat="46.362415" lon="14.048643">
      <name/>
      <desc>Turn sharp left</desc>
      <extensions>
        <distance>339.6</distance>
        <duration>67.9</duration>
        <type>2</type>
        <step>25</step>
      </extensions>
    </rtept>
    <rtept lat="46.362636" lon="14.048353">
      <name/>
      <desc>Turn sharp left</desc>
      <extensions>
        <distance>339.6</distance>
        <duration>67.9</duration>
        <type>2</type>
        <step>25</step>
      </extensions>
    </rtept>
    <rtept lat="46.362797" lon="14.047635">
      <name/>
      <desc>Turn sharp left</desc>
      <extensions>
        <distance>339.6</distance>
        <duration>67.9</duration>
        <type>2</type>
        <step>25</step>
      </extensions>
    </rtept>
    <rtept lat="46.362731" lon="14.047416">
      <name/>
      <desc>Turn sharp left</desc>
      <extensions>
        <distance>339.6</distance>
        <duration>67.9</duration>
        <type>2</type>
        <step>25</step>
      </extensions>
    </rtept>
    <rtept lat="46.362646" lon="14.047315">
      <name/>
      <desc>Turn sharp left</desc>
      <extensions>
        <distance>339.6</distance>
        <duration>67.9</duration>
        <type>2</type>
        <step>25</step>
      </extensions>
    </rtept>
    <rtept lat="46.362594" lon="14.047104">
      <name/>
      <desc>Turn sharp left</desc>
      <extensions>
        <distance>339.6</distance>
        <duration>67.9</duration>
        <type>2</type>
        <step>25</step>
      </extensions>
    </rtept>
    <rtept lat="46.362346" lon="14.046762">
      <name/>
      <desc>Turn sharp left</desc>
      <extensions>
        <distance>339.6</distance>
        <duration>67.9</duration>
        <type>2</type>
        <step>25</step>
      </extensions>
    </rtept>
    <rtept lat="46.36218" lon="14.046279">
      <name/>
      <desc>Turn slight right</desc>
      <extensions>
        <distance>396.5</distance>
        <duration>89.2</duration>
        <type>5</type>
        <step>26</step>
      </extensions>
    </rtept>
    <rtept lat="46.362166" lon="14.046143">
      <name/>
      <desc>Turn slight right</desc>
      <extensions>
        <distance>396.5</distance>
        <duration>89.2</duration>
        <type>5</type>
        <step>26</step>
      </extensions>
    </rtept>
    <rtept lat="46.362102" lon="14.045992">
      <name/>
      <desc>Turn slight right</desc>
      <extensions>
        <distance>396.5</distance>
        <duration>89.2</duration>
        <type>5</type>
        <step>26</step>
      </extensions>
    </rtept>
    <rtept lat="46.361942" lon="14.045848">
      <name/>
      <desc>Turn slight right</desc>
      <extensions>
        <distance>396.5</distance>
        <duration>89.2</duration>
        <type>5</type>
        <step>26</step>
      </extensions>
    </rtept>
    <rtept lat="46.36182" lon="14.045695">
      <name/>
      <desc>Turn slight right</desc>
      <extensions>
        <distance>396.5</distance>
        <duration>89.2</duration>
        <type>5</type>
        <step>26</step>
      </extensions>
    </rtept>
    <rtept lat="46.361741" lon="14.045488">
      <name/>
      <desc>Turn slight right</desc>
      <extensions>
        <distance>396.5</distance>
        <duration>89.2</duration>
        <type>5</type>
        <step>26</step>
      </extensions>
    </rtept>
    <rtept lat="46.361592" lon="14.04521">
      <name/>
      <desc>Turn slight right</desc>
      <extensions>
        <distance>396.5</distance>
        <duration>89.2</duration>
        <type>5</type>
        <step>26</step>
      </extensions>
    </rtept>
    <rtept lat="46.361554" lon="14.045093">
      <name/>
      <desc>Turn slight right</desc>
      <extensions>
        <distance>396.5</distance>
        <duration>89.2</duration>
        <type>5</type>
        <step>26</step>
      </extensions>
    </rtept>
    <rtept lat="46.361553" lon="14.044895">
      <name/>
      <desc>Turn slight right</desc>
      <extensions>
        <distance>396.5</distance>
        <duration>89.2</duration>
        <type>5</type>
        <step>26</step>
      </extensions>
    </rtept>
    <rtept lat="46.361642" lon="14.043938">
      <name/>
      <desc>Turn slight right</desc>
      <extensions>
        <distance>396.5</distance>
        <duration>89.2</duration>
        <type>5</type>
        <step>26</step>
      </extensions>
    </rtept>
    <rtept lat="46.361619" lon="14.04375">
      <name/>
      <desc>Turn slight right</desc>
      <extensions>
        <distance>396.5</distance>
        <duration>89.2</duration>
        <type>5</type>
        <step>26</step>
      </extensions>
    </rtept>
    <rtept lat="46.36151" lon="14.043448">
      <name/>
      <desc>Turn slight right</desc>
      <extensions>
        <distance>396.5</distance>
        <duration>89.2</duration>
        <type>5</type>
        <step>26</step>
      </extensions>
    </rtept>
    <rtept lat="46.361499" lon="14.043265">
      <name/>
      <desc>Turn slight right</desc>
      <extensions>
        <distance>396.5</distance>
        <duration>89.2</duration>
        <type>5</type>
        <step>26</step>
      </extensions>
    </rtept>
    <rtept lat="46.361543" lon="14.042789">
      <name/>
      <desc>Turn slight right</desc>
      <extensions>
        <distance>396.5</distance>
        <duration>89.2</duration>
        <type>5</type>
        <step>26</step>
      </extensions>
    </rtept>
    <rtept lat="46.361493" lon="14.042535">
      <name/>
      <desc>Turn slight right</desc>
      <extensions>
        <distance>396.5</distance>
        <duration>89.2</duration>
        <type>5</type>
        <step>26</step>
      </extensions>
    </rtept>
    <rtept lat="46.3614" lon="14.042413">
      <name/>
      <desc>Turn slight right</desc>
      <extensions>
        <distance>396.5</distance>
        <duration>89.2</duration>
        <type>5</type>
        <step>26</step>
      </extensions>
    </rtept>
    <rtept lat="46.361268" lon="14.042331">
      <name/>
      <desc>Turn slight right</desc>
      <extensions>
        <distance>396.5</distance>
        <duration>89.2</duration>
        <type>5</type>
        <step>26</step>
      </extensions>
    </rtept>
    <rtept lat="46.361239" lon="14.042169">
      <name/>
      <desc>Turn slight right</desc>
      <extensions>
        <distance>396.5</distance>
        <duration>89.2</duration>
        <type>5</type>
        <step>26</step>
      </extensions>
    </rtept>
    <rtept lat="46.361095" lon="14.041773">
      <name/>
      <desc>Keep left</desc>
      <extensions>
        <distance>540.1</distance>
        <duration>121.5</duration>
        <type>12</type>
        <step>27</step>
      </extensions>
    </rtept>
    <rtept lat="46.361058" lon="14.041645">
      <name/>
      <desc>Keep left</desc>
      <extensions>
        <distance>540.1</distance>
        <duration>121.5</duration>
        <type>12</type>
        <step>27</step>
      </extensions>
    </rtept>
    <rtept lat="46.361017" lon="14.040782">
      <name/>
      <desc>Keep left</desc>
      <extensions>
        <distance>540.1</distance>
        <duration>121.5</duration>
        <type>12</type>
        <step>27</step>
      </extensions>
    </rtept>
    <rtept lat="46.361016" lon="14.04049">
      <name/>
      <desc>Keep left</desc>
      <extensions>
        <distance>540.1</distance>
        <duration>121.5</duration>
        <type>12</type>
        <step>27</step>
      </extensions>
    </rtept>
    <rtept lat="46.360934" lon="14.040019">
      <name/>
      <desc>Keep left</desc>
      <extensions>
        <distance>540.1</distance>
        <duration>121.5</duration>
        <type>12</type>
        <step>27</step>
      </extensions>
    </rtept>
    <rtept lat="46.360902" lon="14.039459">
      <name/>
      <desc>Keep left</desc>
      <extensions>
        <distance>540.1</distance>
        <duration>121.5</duration>
        <type>12</type>
        <step>27</step>
      </extensions>
    </rtept>
    <rtept lat="46.360719" lon="14.038783">
      <name/>
      <desc>Keep left</desc>
      <extensions>
        <distance>540.1</distance>
        <duration>121.5</duration>
        <type>12</type>
        <step>27</step>
      </extensions>
    </rtept>
    <rtept lat="46.360581" lon="14.038407">
      <name/>
      <desc>Keep left</desc>
      <extensions>
        <distance>540.1</distance>
        <duration>121.5</duration>
        <type>12</type>
        <step>27</step>
      </extensions>
    </rtept>
    <rtept lat="46.360566" lon="14.038167">
      <name/>
      <desc>Keep left</desc>
      <extensions>
        <distance>540.1</distance>
        <duration>121.5</duration>
        <type>12</type>
        <step>27</step>
      </extensions>
    </rtept>
    <rtept lat="46.360629" lon="14.037761">
      <name/>
      <desc>Keep left</desc>
      <extensions>
        <distance>540.1</distance>
        <duration>121.5</duration>
        <type>12</type>
        <step>27</step>
      </extensions>
    </rtept>
    <rtept lat="46.360669" lon="14.037211">
      <name/>
      <desc>Keep left</desc>
      <extensions>
        <distance>540.1</distance>
        <duration>121.5</duration>
        <type>12</type>
        <step>27</step>
      </extensions>
    </rtept>
    <rtept lat="46.360644" lon="14.036909">
      <name/>
      <desc>Keep left</desc>
      <extensions>
        <distance>540.1</distance>
        <duration>121.5</duration>
        <type>12</type>
        <step>27</step>
      </extensions>
    </rtept>
    <rtept lat="46.360564" lon="14.036642">
      <name/>
      <desc>Keep left</desc>
      <extensions>
        <distance>540.1</distance>
        <duration>121.5</duration>
        <type>12</type>
        <step>27</step>
      </extensions>
    </rtept>
    <rtept lat="46.360464" lon="14.036483">
      <name/>
      <desc>Keep left</desc>
      <extensions>
        <distance>540.1</distance>
        <duration>121.5</duration>
        <type>12</type>
        <step>27</step>
      </extensions>
    </rtept>
    <rtept lat="46.360295" lon="14.036362">
      <name/>
      <desc>Keep left</desc>
      <extensions>
        <distance>540.1</distance>
        <duration>121.5</duration>
        <type>12</type>
        <step>27</step>
      </extensions>
    </rtept>
    <rtept lat="46.359471" lon="14.035995">
      <name/>
      <desc>Keep right</desc>
      <extensions>
        <distance>174.1</distance>
        <duration>39.2</duration>
        <type>13</type>
        <step>28</step>
      </extensions>
    </rtept>
    <rtept lat="46.359348" lon="14.035665">
      <name/>
      <desc>Keep right</desc>
      <extensions>
        <distance>174.1</distance>
        <duration>39.2</duration>
        <type>13</type>
        <step>28</step>
      </extensions>
    </rtept>
    <rtept lat="46.35928" lon="14.03523">
      <name/>
      <desc>Keep right</desc>
      <extensions>
        <distance>174.1</distance>
        <duration>39.2</duration>
        <type>13</type>
        <step>28</step>
      </extensions>
    </rtept>
    <rtept lat="46.359213" lon="14.035081">
      <name/>
      <desc>Keep right</desc>
      <extensions>
        <distance>174.1</distance>
        <duration>39.2</duration>
        <type>13</type>
        <step>28</step>
      </extensions>
    </rtept>
    <rtept lat="46.358693" lon="14.034576">
      <name/>
      <desc>Keep right</desc>
      <extensions>
        <distance>174.1</distance>
        <duration>39.2</duration>
        <type>13</type>
        <step>28</step>
      </extensions>
    </rtept>
    <rtept lat="46.358583" lon="14.034513">
      <name/>
      <desc>Keep right</desc>
      <extensions>
        <distance>174.1</distance>
        <duration>39.2</duration>
        <type>13</type>
        <step>28</step>
      </extensions>
    </rtept>
    <rtept lat="46.358451" lon="14.034509">
      <name/>
      <desc>Turn right</desc>
      <extensions>
        <distance>915.2</distance>
        <duration>183.0</duration>
        <type>1</type>
        <step>29</step>
      </extensions>
    </rtept>
    <rtept lat="46.358474" lon="14.03427">
      <name/>
      <desc>Turn right</desc>
      <extensions>
        <distance>915.2</distance>
        <duration>183.0</duration>
        <type>1</type>
        <step>29</step>
      </extensions>
    </rtept>
    <rtept lat="46.358568" lon="14.033942">
      <name/>
      <desc>Turn right</desc>
      <extensions>
        <distance>915.2</distance>
        <duration>183.0</duration>
        <type>1</type>
        <step>29</step>
      </extensions>
    </rtept>
    <rtept lat="46.359363" lon="14.032864">
      <name/>
      <desc>Turn right</desc>
      <extensions>
        <distance>915.2</distance>
        <duration>183.0</duration>
        <type>1</type>
        <step>29</step>
      </extensions>
    </rtept>
    <rtept lat="46.359593" lon="14.03239">
      <name/>
      <desc>Turn right</desc>
      <extensions>
        <distance>915.2</distance>
        <duration>183.0</duration>
        <type>1</type>
        <step>29</step>
      </extensions>
    </rtept>
    <rtept lat="46.359588" lon="14.031979">
      <name/>
      <desc>Turn right</desc>
      <extensions>
        <distance>915.2</distance>
        <duration>183.0</duration>
        <type>1</type>
        <step>29</step>
      </extensions>
    </rtept>
    <rtept lat="46.3595" lon="14.031611">
      <name/>
      <desc>Turn right</desc>
      <extensions>
        <distance>915.2</distance>
        <duration>183.0</duration>
        <type>1</type>
        <step>29</step>
      </extensions>
    </rtept>
    <rtept lat="46.358239" lon="14.030089">
      <name/>
      <desc>Turn right</desc>
      <extensions>
        <distance>915.2</distance>
        <duration>183.0</duration>
        <type>1</type>
        <step>29</step>
      </extensions>
    </rtept>
    <rtept lat="46.358112" lon="14.029756">
      <name/>
      <desc>Turn right</desc>
      <extensions>
        <distance>915.2</distance>
        <duration>183.0</duration>
        <type>1</type>
        <step>29</step>
      </extensions>
    </rtept>
    <rtept lat="46.357936" lon="14.028914">
      <name/>
      <desc>Turn right</desc>
      <extensions>
        <distance>915.2</distance>
        <duration>183.0</duration>
        <type>1</type>
        <step>29</step>
      </extensions>
    </rtept>
    <rtept lat="46.357766" lon="14.028369">
      <name/>
      <desc>Turn right</desc>
      <extensions>
        <distance>915.2</distance>
        <duration>183.0</duration>
        <type>1</type>
        <step>29</step>
      </extensions>
    </rtept>
    <rtept lat="46.357582" lon="14.027336">
      <name/>
      <desc>Turn right</desc>
      <extensions>
        <distance>915.2</distance>
        <duration>183.0</duration>
        <type>1</type>
        <step>29</step>
      </extensions>
    </rtept>
    <rtept lat="46.357547" lon="14.027087">
      <name/>
      <desc>Turn right</desc>
      <extensions>
        <distance>915.2</distance>
        <duration>183.0</duration>
        <type>1</type>
        <step>29</step>
      </extensions>
    </rtept>
    <rtept lat="46.357579" lon="14.026658">
      <name/>
      <desc>Turn right</desc>
      <extensions>
        <distance>915.2</distance>
        <duration>183.0</duration>
        <type>1</type>
        <step>29</step>
      </extensions>
    </rtept>
    <rtept lat="46.357574" lon="14.026527">
      <name/>
      <desc>Turn right</desc>
      <extensions>
        <distance>915.2</distance>
        <duration>183.0</duration>
        <type>1</type>
        <step>29</step>
      </extensions>
    </rtept>
    <rtept lat="46.357485" lon="14.025924">
      <name/>
      <desc>Turn right</desc>
      <extensions>
        <distance>915.2</distance>
        <duration>183.0</duration>
        <type>1</type>
        <step>29</step>
      </extensions>
    </rtept>
    <rtept lat="46.357371" lon="14.025556">
      <name/>
      <desc>Turn right</desc>
      <extensions>
        <distance>915.2</distance>
        <duration>183.0</duration>
        <type>1</type>
        <step>29</step>
      </extensions>
    </rtept>
    <rtept lat="46.357152" lon="14.025">
      <name/>
      <desc>Turn right</desc>
      <extensions>
        <distance>915.2</distance>
        <duration>183.0</duration>
        <type>1</type>
        <step>29</step>
      </extensions>
    </rtept>
    <rtept lat="46.356846" lon="14.024606">
      <name/>
      <desc>Keep right</desc>
      <extensions>
        <distance>346.1</distance>
        <duration>77.9</duration>
        <type>13</type>
        <step>30</step>
      </extensions>
    </rtept>
    <rtept lat="46.356804" lon="14.024078">
      <name/>
      <desc>Keep right</desc>
      <extensions>
        <distance>346.1</distance>
        <duration>77.9</duration>
        <type>13</type>
        <step>30</step>
      </extensions>
    </rtept>
    <rtept lat="46.35672" lon="14.023591">
      <name/>
      <desc>Keep right</desc>
      <extensions>
        <distance>346.1</distance>
        <duration>77.9</duration>
        <type>13</type>
        <step>30</step>
      </extensions>
    </rtept>
    <rtept lat="46.356608" lon="14.023247">
      <name/>
      <desc>Keep right</desc>
      <extensions>
        <distance>346.1</distance>
        <duration>77.9</duration>
        <type>13</type>
        <step>30</step>
      </extensions>
    </rtept>
    <rtept lat="46.356435" lon="14.022882">
      <name/>
      <desc>Keep right</desc>
      <extensions>
        <distance>346.1</distance>
        <duration>77.9</duration>
        <type>13</type>
        <step>30</step>
      </extensions>
    </rtept>
    <rtept lat="46.356137" lon="14.02251">
      <name/>
      <desc>Keep right</desc>
      <extensions>
        <distance>346.1</distance>
        <duration>77.9</duration>
        <type>13</type>
        <step>30</step>
      </extensions>
    </rtept>
    <rtept lat="46.355768" lon="14.022118">
      <name/>
      <desc>Keep right</desc>
      <extensions>
        <distance>346.1</distance>
        <duration>77.9</duration>
        <type>13</type>
        <step>30</step>
      </extensions>
    </rtept>
    <rtept lat="46.35533" lon="14.021787">
      <name/>
      <desc>Keep right</desc>
      <extensions>
        <distance>346.1</distance>
        <duration>77.9</duration>
        <type>13</type>
        <step>30</step>
      </extensions>
    </rtept>
    <rtept lat="46.355027" lon="14.021807">
      <name/>
      <desc>Keep right</desc>
      <extensions>
        <distance>346.1</distance>
        <duration>77.9</duration>
        <type>13</type>
        <step>30</step>
      </extensions>
    </rtept>
    <rtept lat="46.354873" lon="14.021949">
      <name/>
      <desc>Turn right</desc>
      <extensions>
        <distance>243.9</distance>
        <duration>48.8</duration>
        <type>1</type>
        <step>31</step>
      </extensions>
    </rtept>
    <rtept lat="46.354683" lon="14.021674">
      <name/>
      <desc>Turn right</desc>
      <extensions>
        <distance>243.9</distance>
        <duration>48.8</duration>
        <type>1</type>
        <step>31</step>
      </extensions>
    </rtept>
    <rtept lat="46.354586" lon="14.021374">
      <name/>
      <desc>Turn right</desc>
      <extensions>
        <distance>243.9</distance>
        <duration>48.8</duration>
        <type>1</type>
        <step>31</step>
      </extensions>
    </rtept>
    <rtept lat="46.35444" lon="14.02076">
      <name/>
      <desc>Turn right</desc>
      <extensions>
        <distance>243.9</distance>
        <duration>48.8</duration>
        <type>1</type>
        <step>31</step>
      </extensions>
    </rtept>
    <rtept lat="46.354402" lon="14.020381">
      <name/>
      <desc>Turn right</desc>
      <extensions>
        <distance>243.9</distance>
        <duration>48.8</duration>
        <type>1</type>
        <step>31</step>
      </extensions>
    </rtept>
    <rtept lat="46.354415" lon="14.020239">
      <name/>
      <desc>Turn right</desc>
      <extensions>
        <distance>243.9</distance>
        <duration>48.8</duration>
        <type>1</type>
        <step>31</step>
      </extensions>
    </rtept>
    <rtept lat="46.354579" lon="14.020054">
      <name/>
      <desc>Turn right</desc>
      <extensions>
        <distance>243.9</distance>
        <duration>48.8</duration>
        <type>1</type>
        <step>31</step>
      </extensions>
    </rtept>
    <rtept lat="46.354603" lon="14.019935">
      <name/>
      <desc>Turn right</desc>
      <extensions>
        <distance>243.9</distance>
        <duration>48.8</duration>
        <type>1</type>
        <step>31</step>
      </extensions>
    </rtept>
    <rtept lat="46.354578" lon="14.019903">
      <name/>
      <desc>Turn right</desc>
      <extensions>
        <distance>243.9</distance>
        <duration>48.8</duration>
        <type>1</type>
        <step>31</step>
      </extensions>
    </rtept>
    <rtept lat="46.354289" lon="14.019873">
      <name/>
      <desc>Turn right</desc>
      <extensions>
        <distance>243.9</distance>
        <duration>48.8</duration>
        <type>1</type>
        <step>31</step>
      </extensions>
    </rtept>
    <rtept lat="46.354055" lon="14.019682">
      <name/>
      <desc>Turn slight right</desc>
      <extensions>
        <distance>165.5</distance>
        <duration>33.1</duration>
        <type>5</type>
        <step>32</step>
      </extensions>
    </rtept>
    <rtept lat="46.35394" lon="14.019303">
      <name/>
      <desc>Turn slight right</desc>
      <extensions>
        <distance>165.5</distance>
        <duration>33.1</duration>
        <type>5</type>
        <step>32</step>
      </extensions>
    </rtept>
    <rtept lat="46.353788" lon="14.01909">
      <name/>
      <desc>Turn slight right</desc>
      <extensions>
        <distance>165.5</distance>
        <duration>33.1</duration>
        <type>5</type>
        <step>32</step>
      </extensions>
    </rtept>
    <rtept lat="46.353603" lon="14.018938">
      <name/>
      <desc>Turn slight right</desc>
      <extensions>
        <distance>165.5</distance>
        <duration>33.1</duration>
        <type>5</type>
        <step>32</step>
      </extensions>
    </rtept>
    <rtept lat="46.353211" lon="14.018695">
      <name/>
      <desc>Turn slight right</desc>
      <extensions>
        <distance>165.5</distance>
        <duration>33.1</duration>
        <type>5</type>
        <step>32</step>
      </extensions>
    </rtept>
    <rtept lat="46.352981" lon="14.018681">
      <name/>
      <desc>Turn slight right</desc>
      <extensions>
        <distance>165.5</distance>
        <duration>33.1</duration>
        <type>5</type>
        <step>32</step>
      </extensions>
    </rtept>
    <rtept lat="46.352877" lon="14.018591">
      <name/>
      <desc>Turn slight left</desc>
      <extensions>
        <distance>81.7</distance>
        <duration>16.3</duration>
        <type>4</type>
        <step>33</step>
      </extensions>
    </rtept>
    <rtept lat="46.35256" lon="14.018464">
      <name/>
      <desc>Turn slight left</desc>
      <extensions>
        <distance>81.7</distance>
        <duration>16.3</duration>
        <type>4</type>
        <step>33</step>
      </extensions>
    </rtept>
    <rtept lat="46.352396" lon="14.018327">
      <name/>
      <desc>Turn slight left</desc>
      <extensions>
        <distance>81.7</distance>
        <duration>16.3</duration>
        <type>4</type>
        <step>33</step>
      </extensions>
    </rtept>
    <rtept lat="46.352225" lon="14.018134">
      <name/>
      <desc>Keep right</desc>
      <extensions>
        <distance>254.0</distance>
        <duration>50.8</duration>
        <type>13</type>
        <step>34</step>
      </extensions>
    </rtept>
    <rtept lat="46.352107" lon="14.017775">
      <name/>
      <desc>Keep right</desc>
      <extensions>
        <distance>254.0</distance>
        <duration>50.8</duration>
        <type>13</type>
        <step>34</step>
      </extensions>
    </rtept>
    <rtept lat="46.352117" lon="14.017358">
      <name/>
      <desc>Keep right</desc>
      <extensions>
        <distance>254.0</distance>
        <duration>50.8</duration>
        <type>13</type>
        <step>34</step>
      </extensions>
    </rtept>
    <rtept lat="46.352103" lon="14.017013">
      <name/>
      <desc>Keep right</desc>
      <extensions>
        <distance>254.0</distance>
        <duration>50.8</duration>
        <type>13</type>
        <step>34</step>
      </extensions>
    </rtept>
    <rtept lat="46.35202" lon="14.016638">
      <name/>
      <desc>Keep right</desc>
      <extensions>
        <distance>254.0</distance>
        <duration>50.8</duration>
        <type>13</type>
        <step>34</step>
      </extensions>
    </rtept>
    <rtept lat="46.35204" lon="14.016093">
      <name/>
      <desc>Keep right</desc>
      <extensions>
        <distance>254.0</distance>
        <duration>50.8</duration>
        <type>13</type>
        <step>34</step>
      </extensions>
    </rtept>
    <rtept lat="46.352094" lon="14.015884">
      <name/>
      <desc>Keep right</desc>
      <extensions>
        <distance>254.0</distance>
        <duration>50.8</duration>
        <type>13</type>
        <step>34</step>
      </extensions>
    </rtept>
    <rtept lat="46.352094" lon="14.015665">
      <name/>
      <desc>Keep right</desc>
      <extensions>
        <distance>254.0</distance>
        <duration>50.8</duration>
        <type>13</type>
        <step>34</step>
      </extensions>
    </rtept>
    <rtept lat="46.352043" lon="14.015326">
      <name/>
      <desc>Keep right</desc>
      <extensions>
        <distance>254.0</distance>
        <duration>50.8</duration>
        <type>13</type>
        <step>34</step>
      </extensions>
    </rtept>
    <rtept lat="46.352074" lon="14.014908">
      <name/>
      <desc>Keep left</desc>
      <extensions>
        <distance>227.0</distance>
        <duration>45.4</duration>
        <type>12</type>
        <step>35</step>
      </extensions>
    </rtept>
    <rtept lat="46.351902" lon="14.014542">
      <name/>
      <desc>Keep left</desc>
      <extensions>
        <distance>227.0</distance>
        <duration>45.4</duration>
        <type>12</type>
        <step>35</step>
      </extensions>
    </rtept>
    <rtept lat="46.351772" lon="14.014326">
      <name/>
      <desc>Keep left</desc>
      <extensions>
        <distance>227.0</distance>
        <duration>45.4</duration>
        <type>12</type>
        <step>35</step>
      </extensions>
    </rtept>
    <rtept lat="46.351714" lon="14.01404">
      <name/>
      <desc>Keep left</desc>
      <extensions>
        <distance>227.0</distance>
        <duration>45.4</duration>
        <type>12</type>
        <step>35</step>
      </extensions>
    </rtept>
    <rtept lat="46.351704" lon="14.013621">
      <name/>
      <desc>Keep left</desc>
      <extensions>
        <distance>227.0</distance>
        <duration>45.4</duration>
        <type>12</type>
        <step>35</step>
      </extensions>
    </rtept>
    <rtept lat="46.351605" lon="14.013211">
      <name/>
      <desc>Keep left</desc>
      <extensions>
        <distance>227.0</distance>
        <duration>45.4</duration>
        <type>12</type>
        <step>35</step>
      </extensions>
    </rtept>
    <rtept lat="46.351036" lon="14.012517">
      <name/>
      <desc>Continue straight</desc>
      <extensions>
        <distance>725.2</distance>
        <duration>145.0</duration>
        <type>6</type>
        <step>36</step>
      </extensions>
    </rtept>
    <rtept lat="46.350281" lon="14.011578">
      <name/>
      <desc>Continue straight</desc>
      <extensions>
        <distance>725.2</distance>
        <duration>145.0</duration>
        <type>6</type>
        <step>36</step>
      </extensions>
    </rtept>
    <rtept lat="46.349911" lon="14.010723">
      <name/>
      <desc>Continue straight</desc>
      <extensions>
        <distance>725.2</distance>
        <duration>145.0</duration>
        <type>6</type>
        <step>36</step>
      </extensions>
    </rtept>
    <rtept lat="46.349654" lon="14.009931">
      <name/>
      <desc>Continue straight</desc>
      <extensions>
        <distance>725.2</distance>
        <duration>145.0</duration>
        <type>6</type>
        <step>36</step>
      </extensions>
    </rtept>
    <rtept lat="46.349536" lon="14.009695">
      <name/>
      <desc>Continue straight</desc>
      <extensions>
        <distance>725.2</distance>
        <duration>145.0</duration>
        <type>6</type>
        <step>36</step>
      </extensions>
    </rtept>
    <rtept lat="46.349097" lon="14.009152">
      <name/>
      <desc>Continue straight</desc>
      <extensions>
        <distance>725.2</distance>
        <duration>145.0</duration>
        <type>6</type>
        <step>36</step>
      </extensions>
    </rtept>
    <rtept lat="46.348805" lon="14.008899">
      <name/>
      <desc>Continue straight</desc>
      <extensions>
        <distance>725.2</distance>
        <duration>145.0</duration>
        <type>6</type>
        <step>36</step>
      </extensions>
    </rtept>
    <rtept lat="46.348658" lon="14.008765">
      <name/>
      <desc>Continue straight</desc>
      <extensions>
        <distance>725.2</distance>
        <duration>145.0</duration>
        <type>6</type>
        <step>36</step>
      </extensions>
    </rtept>
    <rtept lat="46.347997" lon="14.008258">
      <name/>
      <desc>Continue straight</desc>
      <extensions>
        <distance>725.2</distance>
        <duration>145.0</duration>
        <type>6</type>
        <step>36</step>
      </extensions>
    </rtept>
    <rtept lat="46.347839" lon="14.008107">
      <name/>
      <desc>Continue straight</desc>
      <extensions>
        <distance>725.2</distance>
        <duration>145.0</duration>
        <type>6</type>
        <step>36</step>
      </extensions>
    </rtept>
    <rtept lat="46.34774" lon="14.007922">
      <name/>
      <desc>Continue straight</desc>
      <extensions>
        <distance>725.2</distance>
        <duration>145.0</duration>
        <type>6</type>
        <step>36</step>
      </extensions>
    </rtept>
    <rtept lat="46.347656" lon="14.007657">
      <name/>
      <desc>Continue straight</desc>
      <extensions>
        <distance>725.2</distance>
        <duration>145.0</duration>
        <type>6</type>
        <step>36</step>
      </extensions>
    </rtept>
    <rtept lat="46.347624" lon="14.007474">
      <name/>
      <desc>Continue straight</desc>
      <extensions>
        <distance>725.2</distance>
        <duration>145.0</duration>
        <type>6</type>
        <step>36</step>
      </extensions>
    </rtept>
    <rtept lat="46.347517" lon="14.007131">
      <name/>
      <desc>Continue straight</desc>
      <extensions>
        <distance>725.2</distance>
        <duration>145.0</duration>
        <type>6</type>
        <step>36</step>
      </extensions>
    </rtept>
    <rtept lat="46.347212" lon="14.006515">
      <name/>
      <desc>Continue straight</desc>
      <extensions>
        <distance>725.2</distance>
        <duration>145.0</duration>
        <type>6</type>
        <step>36</step>
      </extensions>
    </rtept>
    <rtept lat="46.346821" lon="14.005638">
      <name/>
      <desc>Keep right</desc>
      <extensions>
        <distance>1282.2</distance>
        <duration>256.4</duration>
        <type>13</type>
        <step>37</step>
      </extensions>
    </rtept>
    <rtept lat="46.346529" lon="14.005277">
      <name/>
      <desc>Keep right</desc>
      <extensions>
        <distance>1282.2</distance>
        <duration>256.4</duration>
        <type>13</type>
        <step>37</step>
      </extensions>
    </rtept>
    <rtept lat="46.346441" lon="14.00505">
      <name/>
      <desc>Keep right</desc>
      <extensions>
        <distance>1282.2</distance>
        <duration>256.4</duration>
        <type>13</type>
        <step>37</step>
      </extensions>
    </rtept>
    <rtept lat="46.346411" lon="14.004809">
      <name/>
      <desc>Keep right</desc>
      <extensions>
        <distance>1282.2</distance>
        <duration>256.4</duration>
        <type>13</type>
        <step>37</step>
      </extensions>
    </rtept>
    <rtept lat="46.34646" lon="14.004483">
      <name/>
      <desc>Keep right</desc>
      <extensions>
        <distance>1282.2</distance>
        <duration>256.4</duration>
        <type>13</type>
        <step>37</step>
      </extensions>
    </rtept>
    <rtept lat="46.346525" lon="14.004265">
      <name/>
      <desc>Keep right</desc>
      <extensions>
        <distance>1282.2</distance>
        <duration>256.4</duration>
        <type>13</type>
        <step>37</step>
      </extensions>
    </rtept>
    <rtept lat="46.346603" lon="14.004074">
      <name/>
      <desc>Keep right</desc>
      <extensions>
        <distance>1282.2</distance>
        <duration>256.4</duration>
        <type>13</type>
        <step>37</step>
      </extensions>
    </rtept>
    <rtept lat="46.346714" lon="14.003916">
      <name/>
      <desc>Keep right</desc>
      <extensions>
        <distance>1282.2</distance>
        <duration>256.4</duration>
        <type>13</type>
        <step>37</step>
      </extensions>
    </rtept>
    <rtept lat="46.346805" lon="14.00385">
      <name/>
      <desc>Keep right</desc>
      <extensions>
        <distance>1282.2</distance>
        <duration>256.4</duration>
        <type>13</type>
        <step>37</step>
      </extensions>
    </rtept>
    <rtept lat="46.346894" lon="14.003818">
      <name/>
      <desc>Keep right</desc>
      <extensions>
        <distance>1282.2</distance>
        <duration>256.4</duration>
        <type>13</type>
        <step>37</step>
      </extensions>
    </rtept>
    <rtept lat="46.346995" lon="14.003734">
      <name/>
      <desc>Keep right</desc>
      <extensions>
        <distance>1282.2</distance>
        <duration>256.4</duration>
        <type>13</type>
        <step>37</step>
      </extensions>
    </rtept>
    <rtept lat="46.347089" lon="14.003616">
      <name/>
      <desc>Keep right</desc>
      <extensions>
        <distance>1282.2</distance>
        <duration>256.4</duration>
        <type>13</type>
        <step>37</step>
      </extensions>
    </rtept>
    <rtept lat="46.347145" lon="14.003517">
      <name/>
      <desc>Keep right</desc>
      <extensions>
        <distance>1282.2</distance>
        <duration>256.4</duration>
        <type>13</type>
        <step>37</step>
      </extensions>
    </rtept>
    <rtept lat="46.34718" lon="14.003373">
      <name/>
      <desc>Keep right</desc>
      <extensions>
        <distance>1282.2</distance>
        <duration>256.4</duration>
        <type>13</type>
        <step>37</step>
      </extensions>
    </rtept>
    <rtept lat="46.347216" lon="14.002997">
      <name/>
      <desc>Keep right</desc>
      <extensions>
        <distance>1282.2</distance>
        <duration>256.4</duration>
        <type>13</type>
        <step>37</step>
      </extensions>
    </rtept>
    <rtept lat="46.34721" lon="14.002776">
      <name/>
      <desc>Keep right</desc>
      <extensions>
        <distance>1282.2</distance>
        <duration>256.4</duration>
        <type>13</type>
        <step>37</step>
      </extensions>
    </rtept>
    <rtept lat="46.347251" lon="14.002328">
      <name/>
      <desc>Keep right</desc>
      <extensions>
        <distance>1282.2</distance>
        <duration>256.4</duration>
        <type>13</type>
        <step>37</step>
      </extensions>
    </rtept>
    <rtept lat="46.347302" lon="14.002051">
      <name/>
      <desc>Keep right</desc>
      <extensions>
        <distance>1282.2</distance>
        <duration>256.4</duration>
        <type>13</type>
        <step>37</step>
      </extensions>
    </rtept>
    <rtept lat="46.347461" lon="14.00128">
      <name/>
      <desc>Keep right</desc>
      <extensions>
        <distance>1282.2</distance>
        <duration>256.4</duration>
        <type>13</type>
        <step>37</step>
      </extensions>
    </rtept>
    <rtept lat="46.347538" lon="14.00114">
      <name/>
      <desc>Keep right</desc>
      <extensions>
        <distance>1282.2</distance>
        <duration>256.4</duration>
        <type>13</type>
        <step>37</step>
      </extensions>
    </rtept>
    <rtept lat="46.347744" lon="14.000838">
      <name/>
      <desc>Keep right</desc>
      <extensions>
        <distance>1282.2</distance>
        <duration>256.4</duration>
        <type>13</type>
        <step>37</step>
      </extensions>
    </rtept>
    <rtept lat="46.347845" lon="14.000614">
      <name/>
      <desc>Keep right</desc>
      <extensions>
        <distance>1282.2</distance>
        <duration>256.4</duration>
        <type>13</type>
        <step>37</step>
      </extensions>
    </rtept>
    <rtept lat="46.347933" lon="14.000287">
      <name/>
      <desc>Keep right</desc>
      <extensions>
        <distance>1282.2</distance>
        <duration>256.4</duration>
        <type>13</type>
        <step>37</step>
      </extensions>
    </rtept>
    <rtept lat="46.347938" lon="13.999615">
      <name/>
      <desc>Keep right</desc>
      <extensions>
        <distance>1282.2</distance>
        <duration>256.4</duration>
        <type>13</type>
        <step>37</step>
      </extensions>
    </rtept>
    <rtept lat="46.347927" lon="13.999432">
      <name/>
      <desc>Keep right</desc>
      <extensions>
        <distance>1282.2</distance>
        <duration>256.4</duration>
        <type>13</type>
        <step>37</step>
      </extensions>
    </rtept>
    <rtept lat="46.347882" lon="13.999267">
      <name/>
      <desc>Keep right</desc>
      <extensions>
        <distance>1282.2</distance>
        <duration>256.4</duration>
        <type>13</type>
        <step>37</step>
      </extensions>
    </rtept>
    <rtept lat="46.347796" lon="13.999102">
      <name/>
      <desc>Keep right</desc>
      <extensions>
        <distance>1282.2</distance>
        <duration>256.4</duration>
        <type>13</type>
        <step>37</step>
      </extensions>
    </rtept>
    <rtept lat="46.347369" lon="13.998445">
      <name/>
      <desc>Keep right</desc>
      <extensions>
        <distance>1282.2</distance>
        <duration>256.4</duration>
        <type>13</type>
        <step>37</step>
      </extensions>
    </rtept>
    <rtept lat="46.347147" lon="13.99806">
      <name/>
      <desc>Keep right</desc>
      <extensions>
        <distance>1282.2</distance>
        <duration>256.4</duration>
        <type>13</type>
        <step>37</step>
      </extensions>
    </rtept>
    <rtept lat="46.346779" lon="13.997402">
      <name/>
      <desc>Keep right</desc>
      <extensions>
        <distance>1282.2</distance>
        <duration>256.4</duration>
        <type>13</type>
        <step>37</step>
      </extensions>
    </rtept>
    <rtept lat="46.346638" lon="13.997077">
      <name/>
      <desc>Keep right</desc>
      <extensions>
        <distance>1282.2</distance>
        <duration>256.4</duration>
        <type>13</type>
        <step>37</step>
      </extensions>
    </rtept>
    <rtept lat="46.346577" lon="13.996794">
      <name/>
      <desc>Keep right</desc>
      <extensions>
        <distance>1282.2</distance>
        <duration>256.4</duration>
        <type>13</type>
        <step>37</step>
      </extensions>
    </rtept>
    <rtept lat="46.346574" lon="13.996563">
      <name/>
      <desc>Keep right</desc>
      <extensions>
        <distance>1282.2</distance>
        <duration>256.4</duration>
        <type>13</type>
        <step>37</step>
      </extensions>
    </rtept>
    <rtept lat="46.346633" lon="13.996353">
      <name/>
      <desc>Keep right</desc>
      <extensions>
        <distance>1282.2</distance>
        <duration>256.4</duration>
        <type>13</type>
        <step>37</step>
      </extensions>
    </rtept>
    <rtept lat="46.346978" lon="13.9957">
      <name/>
      <desc>Keep right</desc>
      <extensions>
        <distance>1282.2</distance>
        <duration>256.4</duration>
        <type>13</type>
        <step>37</step>
      </extensions>
    </rtept>
    <rtept lat="46.347075" lon="13.995572">
      <name/>
      <desc>Keep right</desc>
      <extensions>
        <distance>1282.2</distance>
        <duration>256.4</duration>
        <type>13</type>
        <step>37</step>
      </extensions>
    </rtept>
    <rtept lat="46.347188" lon="13.995542">
      <name/>
      <desc>Keep right</desc>
      <extensions>
        <distance>1282.2</distance>
        <duration>256.4</duration>
        <type>13</type>
        <step>37</step>
      </extensions>
    </rtept>
    <rtept lat="46.3475" lon="13.995546">
      <name/>
      <desc>Keep right</desc>
      <extensions>
        <distance>1282.2</distance>
        <duration>256.4</duration>
        <type>13</type>
        <step>37</step>
      </extensions>
    </rtept>
    <rtept lat="46.347835" lon="13.995518">
      <name/>
      <desc>Keep right</desc>
      <extensions>
        <distance>1282.2</distance>
        <duration>256.4</duration>
        <type>13</type>
        <step>37</step>
      </extensions>
    </rtept>
    <rtept lat="46.348433" lon="13.995436">
      <name/>
      <desc>Keep right</desc>
      <extensions>
        <distance>1282.2</distance>
        <duration>256.4</duration>
        <type>13</type>
        <step>37</step>
      </extensions>
    </rtept>
    <rtept lat="46.34915" lon="13.995209">
      <name/>
      <desc>Keep right</desc>
      <extensions>
        <distance>1282.2</distance>
        <duration>256.4</duration>
        <type>13</type>
        <step>37</step>
      </extensions>
    </rtept>
    <rtept lat="46.349318" lon="13.995063">
      <name/>
      <desc>Keep right</desc>
      <extensions>
        <distance>1282.2</distance>
        <duration>256.4</duration>
        <type>13</type>
        <step>37</step>
      </extensions>
    </rtept>
    <rtept lat="46.349524" lon="13.99484">
      <name/>
      <desc>Keep right</desc>
      <extensions>
        <distance>1282.2</distance>
        <duration>256.4</duration>
        <type>13</type>
        <step>37</step>
      </extensions>
    </rtept>
    <rtept lat="46.349861" lon="13.994204">
      <name/>
      <desc>Keep right</desc>
      <extensions>
        <distance>1282.2</distance>
        <duration>256.4</duration>
        <type>13</type>
        <step>37</step>
      </extensions>
    </rtept>
    <rtept lat="46.34993" lon="13.994019">
      <name>905</name>
      <desc>Turn left onto 905</desc>
      <extensions>
        <distance>623.0</distance>
        <duration>124.6</duration>
        <type>0</type>
        <step>38</step>
      </extensions>
    </rtept>
    <rtept lat="46.349854" lon="13.993962">
      <name>905</name>
      <desc>Turn left onto 905</desc>
      <extensions>
        <distance>623.0</distance>
        <duration>124.6</duration>
        <type>0</type>
        <step>38</step>
      </extensions>
    </rtept>
    <rtept lat="46.349793" lon="13.993851">
      <name>905</name>
      <desc>Turn left onto 905</desc>
      <extensions>
        <distance>623.0</distance>
        <duration>124.6</duration>
        <type>0</type>
        <step>38</step>
      </extensions>
    </rtept>
    <rtept lat="46.349754" lon="13.993684">
      <name>905</name>
      <desc>Turn left onto 905</desc>
      <extensions>
        <distance>623.0</distance>
        <duration>124.6</duration>
        <type>0</type>
        <step>38</step>
      </extensions>
    </rtept>
    <rtept lat="46.349683" lon="13.992751">
      <name>905</name>
      <desc>Turn left onto 905</desc>
      <extensions>
        <distance>623.0</distance>
        <duration>124.6</duration>
        <type>0</type>
        <step>38</step>
      </extensions>
    </rtept>
    <rtept lat="46.349555" lon="13.992023">
      <name>905</name>
      <desc>Turn left onto 905</desc>
      <extensions>
        <distance>623.0</distance>
        <duration>124.6</duration>
        <type>0</type>
        <step>38</step>
      </extensions>
    </rtept>
    <rtept lat="46.34955" lon="13.991784">
      <name>905</name>
      <desc>Turn left onto 905</desc>
      <extensions>
        <distance>623.0</distance>
        <duration>124.6</duration>
        <type>0</type>
        <step>38</step>
      </extensions>
    </rtept>
    <rtept lat="46.349568" lon="13.991622">
      <name>905</name>
      <desc>Turn left onto 905</desc>
      <extensions>
        <distance>623.0</distance>
        <duration>124.6</duration>
        <type>0</type>
        <step>38</step>
      </extensions>
    </rtept>
    <rtept lat="46.349608" lon="13.991463">
      <name>905</name>
      <desc>Turn left onto 905</desc>
      <extensions>
        <distance>623.0</distance>
        <duration>124.6</duration>
        <type>0</type>
        <step>38</step>
      </extensions>
    </rtept>
    <rtept lat="46.349751" lon="13.991054">
      <name>905</name>
      <desc>Turn left onto 905</desc>
      <extensions>
        <distance>623.0</distance>
        <duration>124.6</duration>
        <type>0</type>
        <step>38</step>
      </extensions>
    </rtept>
    <rtept lat="46.34979" lon="13.99078">
      <name>905</name>
      <desc>Turn left onto 905</desc>
      <extensions>
        <distance>623.0</distance>
        <duration>124.6</duration>
        <type>0</type>
        <step>38</step>
      </extensions>
    </rtept>
    <rtept lat="46.349691" lon="13.989961">
      <name>905</name>
      <desc>Turn left onto 905</desc>
      <extensions>
        <distance>623.0</distance>
        <duration>124.6</duration>
        <type>0</type>
        <step>38</step>
      </extensions>
    </rtept>
    <rtept lat="46.349678" lon="13.989612">
      <name>905</name>
      <desc>Turn left onto 905</desc>
      <extensions>
        <distance>623.0</distance>
        <duration>124.6</duration>
        <type>0</type>
        <step>38</step>
      </extensions>
    </rtept>
    <rtept lat="46.349684" lon="13.989315">
      <name>905</name>
      <desc>Turn left onto 905</desc>
      <extensions>
        <distance>623.0</distance>
        <duration>124.6</duration>
        <type>0</type>
        <step>38</step>
      </extensions>
    </rtept>
    <rtept lat="46.349746" lon="13.988703">
      <name>905</name>
      <desc>Turn left onto 905</desc>
      <extensions>
        <distance>623.0</distance>
        <duration>124.6</duration>
        <type>0</type>
        <step>38</step>
      </extensions>
    </rtept>
    <rtept lat="46.349754" lon="13.988406">
      <name>905</name>
      <desc>Turn left onto 905</desc>
      <extensions>
        <distance>623.0</distance>
        <duration>124.6</duration>
        <type>0</type>
        <step>38</step>
      </extensions>
    </rtept>
    <rtept lat="46.349734" lon="13.988281">
      <name>905</name>
      <desc>Turn left onto 905</desc>
      <extensions>
        <distance>623.0</distance>
        <duration>124.6</duration>
        <type>0</type>
        <step>38</step>
      </extensions>
    </rtept>
    <rtept lat="46.349686" lon="13.988141">
      <name>905</name>
      <desc>Turn left onto 905</desc>
      <extensions>
        <distance>623.0</distance>
        <duration>124.6</duration>
        <type>0</type>
        <step>38</step>
      </extensions>
    </rtept>
    <rtept lat="46.349433" lon="13.98767">
      <name>905</name>
      <desc>Turn left onto 905</desc>
      <extensions>
        <distance>623.0</distance>
        <duration>124.6</duration>
        <type>0</type>
        <step>38</step>
      </extensions>
    </rtept>
    <rtept lat="46.349296" lon="13.987338">
      <name>905</name>
      <desc>Turn left onto 905</desc>
      <extensions>
        <distance>623.0</distance>
        <duration>124.6</duration>
        <type>0</type>
        <step>38</step>
      </extensions>
    </rtept>
    <rtept lat="46.349245" lon="13.987177">
      <name>905</name>
      <desc>Turn left onto 905</desc>
      <extensions>
        <distance>623.0</distance>
        <duration>124.6</duration>
        <type>0</type>
        <step>38</step>
      </extensions>
    </rtept>
    <rtept lat="46.349159" lon="13.986753">
      <name>905</name>
      <desc>Turn left onto 905</desc>
      <extensions>
        <distance>623.0</distance>
        <duration>124.6</duration>
        <type>0</type>
        <step>38</step>
      </extensions>
    </rtept>
    <rtept lat="46.349137" lon="13.986495">
      <name>905</name>
      <desc>Turn left onto 905</desc>
      <extensions>
        <distance>623.0</distance>
        <duration>124.6</duration>
        <type>0</type>
        <step>38</step>
      </extensions>
    </rtept>
    <rtept lat="46.349142" lon="13.986362">
      <name>906</name>
      <desc>Turn slight right onto 906</desc>
      <extensions>
        <distance>1118.0</distance>
        <duration>223.6</duration>
        <type>5</type>
        <step>39</step>
      </extensions>
    </rtept>
    <rtept lat="46.349178" lon="13.98618">
      <name>906</name>
      <desc>Turn slight right onto 906</desc>
      <extensions>
        <distance>1118.0</distance>
        <duration>223.6</duration>
        <type>5</type>
        <step>39</step>
      </extensions>
    </rtept>
    <rtept lat="46.349299" lon="13.985909">
      <name>906</name>
      <desc>Turn slight right onto 906</desc>
      <extensions>
        <distance>1118.0</distance>
        <duration>223.6</duration>
        <type>5</type>
        <step>39</step>
      </extensions>
    </rtept>
    <rtept lat="46.349428" lon="13.985736">
      <name>906</name>
      <desc>Turn slight right onto 906</desc>
      <extensions>
        <distance>1118.0</distance>
        <duration>223.6</duration>
        <type>5</type>
        <step>39</step>
      </extensions>
    </rtept>
    <rtept lat="46.34958" lon="13.985593">
      <name>906</name>
      <desc>Turn slight right onto 906</desc>
      <extensions>
        <distance>1118.0</distance>
        <duration>223.6</duration>
        <type>5</type>
        <step>39</step>
      </extensions>
    </rtept>
    <rtept lat="46.349689" lon="13.985463">
      <name>906</name>
      <desc>Turn slight right onto 906</desc>
      <extensions>
        <distance>1118.0</distance>
        <duration>223.6</duration>
        <type>5</type>
        <step>39</step>
      </extensions>
    </rtept>
    <rtept lat="46.34976" lon="13.985306">
      <name>906</name>
      <desc>Turn slight right onto 906</desc>
      <extensions>
        <distance>1118.0</distance>
        <duration>223.6</duration>
        <type>5</type>
        <step>39</step>
      </extensions>
    </rtept>
    <rtept lat="46.349792" lon="13.985135">
      <name>906</name>
      <desc>Turn slight right onto 906</desc>
      <extensions>
        <distance>1118.0</distance>
        <duration>223.6</duration>
        <type>5</type>
        <step>39</step>
      </extensions>
    </rtept>
    <rtept lat="46.349797" lon="13.984987">
      <name>906</name>
      <desc>Turn slight right onto 906</desc>
      <extensions>
        <distance>1118.0</distance>
        <duration>223.6</duration>
        <type>5</type>
        <step>39</step>
      </extensions>
    </rtept>
    <rtept lat="46.349787" lon="13.984854">
      <name>906</name>
      <desc>Turn slight right onto 906</desc>
      <extensions>
        <distance>1118.0</distance>
        <duration>223.6</duration>
        <type>5</type>
        <step>39</step>
      </extensions>
    </rtept>
    <rtept lat="46.349575" lon="13.983634">
      <name>906</name>
      <desc>Turn slight right onto 906</desc>
      <extensions>
        <distance>1118.0</distance>
        <duration>223.6</duration>
        <type>5</type>
        <step>39</step>
      </extensions>
    </rtept>
    <rtept lat="46.349179" lon="13.98096">
      <name>906</name>
      <desc>Turn slight right onto 906</desc>
      <extensions>
        <distance>1118.0</distance>
        <duration>223.6</duration>
        <type>5</type>
        <step>39</step>
      </extensions>
    </rtept>
    <rtept lat="46.348865" lon="13.978999">
      <name>906</name>
      <desc>Turn slight right onto 906</desc>
      <extensions>
        <distance>1118.0</distance>
        <duration>223.6</duration>
        <type>5</type>
        <step>39</step>
      </extensions>
    </rtept>
    <rtept lat="46.348555" lon="13.97686">
      <name>906</name>
      <desc>Turn slight right onto 906</desc>
      <extensions>
        <distance>1118.0</distance>
        <duration>223.6</duration>
        <type>5</type>
        <step>39</step>
      </extensions>
    </rtept>
    <rtept lat="46.348019" lon="13.973158">
      <name>906</name>
      <desc>Turn slight right onto 906</desc>
      <extensions>
        <distance>1118.0</distance>
        <duration>223.6</duration>
        <type>5</type>
        <step>39</step>
      </extensions>
    </rtept>
    <rtept lat="46.347948" lon="13.972796">
      <name>906</name>
      <desc>Turn slight right onto 906</desc>
      <extensions>
        <distance>1118.0</distance>
        <duration>223.6</duration>
        <type>5</type>
        <step>39</step>
      </extensions>
    </rtept>
    <rtept lat="46.34786" lon="13.972487">
      <name/>
      <desc>Arrive at 906, on the left</desc>
      <extensions>
        <distance>0.0</distance>
        <duration>0.0</duration>
        <type>10</type>
        <step>40</step>
      </extensions>
    </rtept>
    <rtept lat="46.34786" lon="13.972487">
      <name>906</name>
      <desc>Head west on 906</desc>
      <extensions>
        <distance>1252.1</distance>
        <duration>250.4</duration>
        <type>11</type>
        <step>41</step>
      </extensions>
    </rtept>
    <rtept lat="46.347759" lon="13.972132">
      <name>906</name>
      <desc>Head west on 906</desc>
      <extensions>
        <distance>1252.1</distance>
        <duration>250.4</duration>
        <type>11</type>
        <step>41</step>
      </extensions>
    </rtept>
    <rtept lat="46.347548" lon="13.971611">
      <name>906</name>
      <desc>Head west on 906</desc>
      <extensions>
        <distance>1252.1</distance>
        <duration>250.4</duration>
        <type>11</type>
        <step>41</step>
      </extensions>
    </rtept>
    <rtept lat="46.34737" lon="13.971314">
      <name>906</name>
      <desc>Head west on 906</desc>
      <extensions>
        <distance>1252.1</distance>
        <duration>250.4</duration>
        <type>11</type>
        <step>41</step>
      </extensions>
    </rtept>
    <rtept lat="46.347118" lon="13.970984">
      <name>906</name>
      <desc>Head west on 906</desc>
      <extensions>
        <distance>1252.1</distance>
        <duration>250.4</duration>
        <type>11</type>
        <step>41</step>
      </extensions>
    </rtept>
    <rtept lat="46.346877" lon="13.970743">
      <name>906</name>
      <desc>Head west on 906</desc>
      <extensions>
        <distance>1252.1</distance>
        <duration>250.4</duration>
        <type>11</type>
        <step>41</step>
      </extensions>
    </rtept>
    <rtept lat="46.34654" lon="13.970475">
      <name>906</name>
      <desc>Head west on 906</desc>
      <extensions>
        <distance>1252.1</distance>
        <duration>250.4</duration>
        <type>11</type>
        <step>41</step>
      </extensions>
    </rtept>
    <rtept lat="46.346355" lon="13.970328">
      <name>906</name>
      <desc>Head west on 906</desc>
      <extensions>
        <distance>1252.1</distance>
        <duration>250.4</duration>
        <type>11</type>
        <step>41</step>
      </extensions>
    </rtept>
    <rtept lat="46.346" lon="13.970104">
      <name>906</name>
      <desc>Head west on 906</desc>
      <extensions>
        <distance>1252.1</distance>
        <duration>250.4</duration>
        <type>11</type>
        <step>41</step>
      </extensions>
    </rtept>
    <rtept lat="46.345752" lon="13.969978">
      <name>906</name>
      <desc>Head west on 906</desc>
      <extensions>
        <distance>1252.1</distance>
        <duration>250.4</duration>
        <type>11</type>
        <step>41</step>
      </extensions>
    </rtept>
    <rtept lat="46.345314" lon="13.969793">
      <name>906</name>
      <desc>Head west on 906</desc>
      <extensions>
        <distance>1252.1</distance>
        <duration>250.4</duration>
        <type>11</type>
        <step>41</step>
      </extensions>
    </rtept>
    <rtept lat="46.34474" lon="13.969657">
      <name>906</name>
      <desc>Head west on 906</desc>
      <extensions>
        <distance>1252.1</distance>
        <duration>250.4</duration>
        <type>11</type>
        <step>41</step>
      </extensions>
    </rtept>
    <rtept lat="46.344222" lon="13.969457">
      <name>906</name>
      <desc>Head west on 906</desc>
      <extensions>
        <distance>1252.1</distance>
        <duration>250.4</duration>
        <type>11</type>
        <step>41</step>
      </extensions>
    </rtept>
    <rtept lat="46.343875" lon="13.969255">
      <name>906</name>
      <desc>Head west on 906</desc>
      <extensions>
        <distance>1252.1</distance>
        <duration>250.4</duration>
        <type>11</type>
        <step>41</step>
      </extensions>
    </rtept>
    <rtept lat="46.343591" lon="13.969008">
      <name>906</name>
      <desc>Head west on 906</desc>
      <extensions>
        <distance>1252.1</distance>
        <duration>250.4</duration>
        <type>11</type>
        <step>41</step>
      </extensions>
    </rtept>
    <rtept lat="46.343378" lon="13.96878">
      <name>906</name>
      <desc>Head west on 906</desc>
      <extensions>
        <distance>1252.1</distance>
        <duration>250.4</duration>
        <type>11</type>
        <step>41</step>
      </extensions>
    </rtept>
    <rtept lat="46.343213" lon="13.968548">
      <name>906</name>
      <desc>Head west on 906</desc>
      <extensions>
        <distance>1252.1</distance>
        <duration>250.4</duration>
        <type>11</type>
        <step>41</step>
      </extensions>
    </rtept>
    <rtept lat="46.343069" lon="13.968296">
      <name>906</name>
      <desc>Head west on 906</desc>
      <extensions>
        <distance>1252.1</distance>
        <duration>250.4</duration>
        <type>11</type>
        <step>41</step>
      </extensions>
    </rtept>
    <rtept lat="46.342925" lon="13.967989">
      <name>906</name>
      <desc>Head west on 906</desc>
      <extensions>
        <distance>1252.1</distance>
        <duration>250.4</duration>
        <type>11</type>
        <step>41</step>
      </extensions>
    </rtept>
    <rtept lat="46.342698" lon="13.967299">
      <name>906</name>
      <desc>Head west on 906</desc>
      <extensions>
        <distance>1252.1</distance>
        <duration>250.4</duration>
        <type>11</type>
        <step>41</step>
      </extensions>
    </rtept>
    <rtept lat="46.342655" lon="13.967088">
      <name>906</name>
      <desc>Head west on 906</desc>
      <extensions>
        <distance>1252.1</distance>
        <duration>250.4</duration>
        <type>11</type>
        <step>41</step>
      </extensions>
    </rtept>
    <rtept lat="46.342613" lon="13.966522">
      <name>906</name>
      <desc>Head west on 906</desc>
      <extensions>
        <distance>1252.1</distance>
        <duration>250.4</duration>
        <type>11</type>
        <step>41</step>
      </extensions>
    </rtept>
    <rtept lat="46.342661" lon="13.965273">
      <name>906</name>
      <desc>Head west on 906</desc>
      <extensions>
        <distance>1252.1</distance>
        <duration>250.4</duration>
        <type>11</type>
        <step>41</step>
      </extensions>
    </rtept>
    <rtept lat="46.342652" lon="13.964901">
      <name>906</name>
      <desc>Head west on 906</desc>
      <extensions>
        <distance>1252.1</distance>
        <duration>250.4</duration>
        <type>11</type>
        <step>41</step>
      </extensions>
    </rtept>
    <rtept lat="46.342631" lon="13.964725">
      <name>906</name>
      <desc>Head west on 906</desc>
      <extensions>
        <distance>1252.1</distance>
        <duration>250.4</duration>
        <type>11</type>
        <step>41</step>
      </extensions>
    </rtept>
    <rtept lat="46.3426" lon="13.96456">
      <name>906</name>
      <desc>Head west on 906</desc>
      <extensions>
        <distance>1252.1</distance>
        <duration>250.4</duration>
        <type>11</type>
        <step>41</step>
      </extensions>
    </rtept>
    <rtept lat="46.342521" lon="13.964299">
      <name>906</name>
      <desc>Head west on 906</desc>
      <extensions>
        <distance>1252.1</distance>
        <duration>250.4</duration>
        <type>11</type>
        <step>41</step>
      </extensions>
    </rtept>
    <rtept lat="46.342251" lon="13.963594">
      <name>906</name>
      <desc>Head west on 906</desc>
      <extensions>
        <distance>1252.1</distance>
        <duration>250.4</duration>
        <type>11</type>
        <step>41</step>
      </extensions>
    </rtept>
    <rtept lat="46.341735" lon="13.962101">
      <name>906</name>
      <desc>Head west on 906</desc>
      <extensions>
        <distance>1252.1</distance>
        <duration>250.4</duration>
        <type>11</type>
        <step>41</step>
      </extensions>
    </rtept>
    <rtept lat="46.341642" lon="13.961723">
      <name>906</name>
      <desc>Head west on 906</desc>
      <extensions>
        <distance>1252.1</distance>
        <duration>250.4</duration>
        <type>11</type>
        <step>41</step>
      </extensions>
    </rtept>
    <rtept lat="46.341607" lon="13.961475">
      <name>906</name>
      <desc>Head west on 906</desc>
      <extensions>
        <distance>1252.1</distance>
        <duration>250.4</duration>
        <type>11</type>
        <step>41</step>
      </extensions>
    </rtept>
    <rtept lat="46.341592" lon="13.961192">
      <name>906</name>
      <desc>Head west on 906</desc>
      <extensions>
        <distance>1252.1</distance>
        <duration>250.4</duration>
        <type>11</type>
        <step>41</step>
      </extensions>
    </rtept>
    <rtept lat="46.341605" lon="13.960925">
      <name/>
      <desc>Turn left</desc>
      <extensions>
        <distance>388.3</distance>
        <duration>77.7</duration>
        <type>0</type>
        <step>42</step>
      </extensions>
    </rtept>
    <rtept lat="46.341245" lon="13.960842">
      <name/>
      <desc>Turn left</desc>
      <extensions>
        <distance>388.3</distance>
        <duration>77.7</duration>
        <type>0</type>
        <step>42</step>
      </extensions>
    </rtept>
    <rtept lat="46.340553" lon="13.960638">
      <name/>
      <desc>Turn left</desc>
      <extensions>
        <distance>388.3</distance>
        <duration>77.7</duration>
        <type>0</type>
        <step>42</step>
      </extensions>
    </rtept>
    <rtept lat="46.340307" lon="13.960609">
      <name/>
      <desc>Turn left</desc>
      <extensions>
        <distance>388.3</distance>
        <duration>77.7</duration>
        <type>0</type>
        <step>42</step>
      </extensions>
    </rtept>
    <rtept lat="46.340073" lon="13.960638">
      <name/>
      <desc>Turn left</desc>
      <extensions>
        <distance>388.3</distance>
        <duration>77.7</duration>
        <type>0</type>
        <step>42</step>
      </extensions>
    </rtept>
    <rtept lat="46.339775" lon="13.960816">
      <name/>
      <desc>Turn left</desc>
      <extensions>
        <distance>388.3</distance>
        <duration>77.7</duration>
        <type>0</type>
        <step>42</step>
      </extensions>
    </rtept>
    <rtept lat="46.33923" lon="13.961373">
      <name/>
      <desc>Turn left</desc>
      <extensions>
        <distance>388.3</distance>
        <duration>77.7</duration>
        <type>0</type>
        <step>42</step>
      </extensions>
    </rtept>
    <rtept lat="46.338939" lon="13.961606">
      <name/>
      <desc>Turn left</desc>
      <extensions>
        <distance>388.3</distance>
        <duration>77.7</duration>
        <type>0</type>
        <step>42</step>
      </extensions>
    </rtept>
    <rtept lat="46.338615" lon="13.961797">
      <name/>
      <desc>Turn left</desc>
      <extensions>
        <distance>388.3</distance>
        <duration>77.7</duration>
        <type>0</type>
        <step>42</step>
      </extensions>
    </rtept>
    <rtept lat="46.338376" lon="13.961973">
      <name/>
      <desc>Keep left</desc>
      <extensions>
        <distance>168.3</distance>
        <duration>33.7</duration>
        <type>12</type>
        <step>43</step>
      </extensions>
    </rtept>
    <rtept lat="46.338098" lon="13.962139">
      <name/>
      <desc>Keep left</desc>
      <extensions>
        <distance>168.3</distance>
        <duration>33.7</duration>
        <type>12</type>
        <step>43</step>
      </extensions>
    </rtept>
    <rtept lat="46.337969" lon="13.962276">
      <name/>
      <desc>Keep left</desc>
      <extensions>
        <distance>168.3</distance>
        <duration>33.7</duration>
        <type>12</type>
        <step>43</step>
      </extensions>
    </rtept>
    <rtept lat="46.337911" lon="13.962407">
      <name/>
      <desc>Keep left</desc>
      <extensions>
        <distance>168.3</distance>
        <duration>33.7</duration>
        <type>12</type>
        <step>43</step>
      </extensions>
    </rtept>
    <rtept lat="46.337714" lon="13.963004">
      <name/>
      <desc>Keep left</desc>
      <extensions>
        <distance>168.3</distance>
        <duration>33.7</duration>
        <type>12</type>
        <step>43</step>
      </extensions>
    </rtept>
    <rtept lat="46.33759" lon="13.963218">
      <name/>
      <desc>Keep left</desc>
      <extensions>
        <distance>168.3</distance>
        <duration>33.7</duration>
        <type>12</type>
        <step>43</step>
      </extensions>
    </rtept>
    <rtept lat="46.337487" lon="13.963346">
      <name/>
      <desc>Keep left</desc>
      <extensions>
        <distance>168.3</distance>
        <duration>33.7</duration>
        <type>12</type>
        <step>43</step>
      </extensions>
    </rtept>
    <rtept lat="46.337354" lon="13.963475">
      <name/>
      <desc>Keep right</desc>
      <extensions>
        <distance>97.1</distance>
        <duration>19.4</duration>
        <type>13</type>
        <step>44</step>
      </extensions>
    </rtept>
    <rtept lat="46.33706" lon="13.963675">
      <name/>
      <desc>Keep right</desc>
      <extensions>
        <distance>97.1</distance>
        <duration>19.4</duration>
        <type>13</type>
        <step>44</step>
      </extensions>
    </rtept>
    <rtept lat="46.336671" lon="13.964024">
      <name/>
      <desc>Keep right</desc>
      <extensions>
        <distance>97.1</distance>
        <duration>19.4</duration>
        <type>13</type>
        <step>44</step>
      </extensions>
    </rtept>
    <rtept lat="46.336617" lon="13.964129">
      <name/>
      <desc>Keep right</desc>
      <extensions>
        <distance>85.3</distance>
        <duration>17.1</duration>
        <type>13</type>
        <step>45</step>
      </extensions>
    </rtept>
    <rtept lat="46.336535" lon="13.964323">
      <name/>
      <desc>Keep right</desc>
      <extensions>
        <distance>85.3</distance>
        <duration>17.1</duration>
        <type>13</type>
        <step>45</step>
      </extensions>
    </rtept>
    <rtept lat="46.336372" lon="13.964868">
      <name/>
      <desc>Keep right</desc>
      <extensions>
        <distance>85.3</distance>
        <duration>17.1</duration>
        <type>13</type>
        <step>45</step>
      </extensions>
    </rtept>
    <rtept lat="46.336269" lon="13.965116">
      <name/>
      <desc>Turn right</desc>
      <extensions>
        <distance>561.3</distance>
        <duration>112.3</duration>
        <type>1</type>
        <step>46</step>
      </extensions>
    </rtept>
    <rtept lat="46.336154" lon="13.965134">
      <name/>
      <desc>Turn right</desc>
      <extensions>
        <distance>561.3</distance>
        <duration>112.3</duration>
        <type>1</type>
        <step>46</step>
      </extensions>
    </rtept>
    <rtept lat="46.336028" lon="13.965125">
      <name/>
      <desc>Turn right</desc>
      <extensions>
        <distance>561.3</distance>
        <duration>112.3</duration>
        <type>1</type>
        <step>46</step>
      </extensions>
    </rtept>
    <rtept lat="46.33597" lon="13.965122">
      <name/>
      <desc>Turn right</desc>
      <extensions>
        <distance>561.3</distance>
        <duration>112.3</duration>
        <type>1</type>
        <step>46</step>
      </extensions>
    </rtept>
    <rtept lat="46.335729" lon="13.965128">
      <name/>
      <desc>Turn right</desc>
      <extensions>
        <distance>561.3</distance>
        <duration>112.3</duration>
        <type>1</type>
        <step>46</step>
      </extensions>
    </rtept>
    <rtept lat="46.335522" lon="13.965206">
      <name/>
      <desc>Turn right</desc>
      <extensions>
        <distance>561.3</distance>
        <duration>112.3</duration>
        <type>1</type>
        <step>46</step>
      </extensions>
    </rtept>
    <rtept lat="46.335076" lon="13.965613">
      <name/>
      <desc>Turn right</desc>
      <extensions>
        <distance>561.3</distance>
        <duration>112.3</duration>
        <type>1</type>
        <step>46</step>
      </extensions>
    </rtept>
    <rtept lat="46.33495" lon="13.965709">
      <name/>
      <desc>Turn right</desc>
      <extensions>
        <distance>561.3</distance>
        <duration>112.3</duration>
        <type>1</type>
        <step>46</step>
      </extensions>
    </rtept>
    <rtept lat="46.334761" lon="13.965801">
      <name/>
      <desc>Turn right</desc>
      <extensions>
        <distance>561.3</distance>
        <duration>112.3</duration>
        <type>1</type>
        <step>46</step>
      </extensions>
    </rtept>
    <rtept lat="46.334614" lon="13.965838">
      <name/>
      <desc>Turn right</desc>
      <extensions>
        <distance>561.3</distance>
        <duration>112.3</duration>
        <type>1</type>
        <step>46</step>
      </extensions>
    </rtept>
    <rtept lat="46.33442" lon="13.965933">
      <name/>
      <desc>Turn right</desc>
      <extensions>
        <distance>561.3</distance>
        <duration>112.3</duration>
        <type>1</type>
        <step>46</step>
      </extensions>
    </rtept>
    <rtept lat="46.334348" lon="13.965996">
      <name/>
      <desc>Turn right</desc>
      <extensions>
        <distance>561.3</distance>
        <duration>112.3</duration>
        <type>1</type>
        <step>46</step>
      </extensions>
    </rtept>
    <rtept lat="46.334257" lon="13.966116">
      <name/>
      <desc>Turn right</desc>
      <extensions>
        <distance>561.3</distance>
        <duration>112.3</duration>
        <type>1</type>
        <step>46</step>
      </extensions>
    </rtept>
    <rtept lat="46.334028" lon="13.966568">
      <name/>
      <desc>Turn right</desc>
      <extensions>
        <distance>561.3</distance>
        <duration>112.3</duration>
        <type>1</type>
        <step>46</step>
      </extensions>
    </rtept>
    <rtept lat="46.333823" lon="13.966881">
      <name/>
      <desc>Turn right</desc>
      <extensions>
        <distance>561.3</distance>
        <duration>112.3</duration>
        <type>1</type>
        <step>46</step>
      </extensions>
    </rtept>
    <rtept lat="46.333568" lon="13.967176">
      <name/>
      <desc>Turn right</desc>
      <extensions>
        <distance>561.3</distance>
        <duration>112.3</duration>
        <type>1</type>
        <step>46</step>
      </extensions>
    </rtept>
    <rtept lat="46.33341" lon="13.967427">
      <name/>
      <desc>Turn right</desc>
      <extensions>
        <distance>561.3</distance>
        <duration>112.3</duration>
        <type>1</type>
        <step>46</step>
      </extensions>
    </rtept>
    <rtept lat="46.333171" lon="13.967947">
      <name/>
      <desc>Turn right</desc>
      <extensions>
        <distance>561.3</distance>
        <duration>112.3</duration>
        <type>1</type>
        <step>46</step>
      </extensions>
    </rtept>
    <rtept lat="46.333031" lon="13.968273">
      <name/>
      <desc>Turn right</desc>
      <extensions>
        <distance>561.3</distance>
        <duration>112.3</duration>
        <type>1</type>
        <step>46</step>
      </extensions>
    </rtept>
    <rtept lat="46.332974" lon="13.96845">
      <name/>
      <desc>Turn right</desc>
      <extensions>
        <distance>561.3</distance>
        <duration>112.3</duration>
        <type>1</type>
        <step>46</step>
      </extensions>
    </rtept>
    <rtept lat="46.33277" lon="13.969316">
      <name/>
      <desc>Turn right</desc>
      <extensions>
        <distance>561.3</distance>
        <duration>112.3</duration>
        <type>1</type>
        <step>46</step>
      </extensions>
    </rtept>
    <rtept lat="46.332697" lon="13.969512">
      <name/>
      <desc>Keep right</desc>
      <extensions>
        <distance>395.8</distance>
        <duration>79.2</duration>
        <type>13</type>
        <step>47</step>
      </extensions>
    </rtept>
    <rtept lat="46.332653" lon="13.969631">
      <name/>
      <desc>Keep right</desc>
      <extensions>
        <distance>395.8</distance>
        <duration>79.2</duration>
        <type>13</type>
        <step>47</step>
      </extensions>
    </rtept>
    <rtept lat="46.332419" lon="13.97006">
      <name/>
      <desc>Keep right</desc>
      <extensions>
        <distance>395.8</distance>
        <duration>79.2</duration>
        <type>13</type>
        <step>47</step>
      </extensions>
    </rtept>
    <rtept lat="46.332283" lon="13.970415">
      <name/>
      <desc>Keep right</desc>
      <extensions>
        <distance>395.8</distance>
        <duration>79.2</duration>
        <type>13</type>
        <step>47</step>
      </extensions>
    </rtept>
    <rtept lat="46.331928" lon="13.971338">
      <name/>
      <desc>Keep right</desc>
      <extensions>
        <distance>395.8</distance>
        <duration>79.2</duration>
        <type>13</type>
        <step>47</step>
      </extensions>
    </rtept>
    <rtept lat="46.331848" lon="13.971715">
      <name/>
      <desc>Keep right</desc>
      <extensions>
        <distance>395.8</distance>
        <duration>79.2</duration>
        <type>13</type>
        <step>47</step>
      </extensions>
    </rtept>
    <rtept lat="46.331846" lon="13.971772">
      <name/>
      <desc>Keep right</desc>
      <extensions>
        <distance>395.8</distance>
        <duration>79.2</duration>
        <type>13</type>
        <step>47</step>
      </extensions>
    </rtept>
    <rtept lat="46.331846" lon="13.971815">
      <name/>
      <desc>Keep right</desc>
      <extensions>
        <distance>395.8</distance>
        <duration>79.2</duration>
        <type>13</type>
        <step>47</step>
      </extensions>
    </rtept>
    <rtept lat="46.331857" lon="13.97225">
      <name/>
      <desc>Keep right</desc>
      <extensions>
        <distance>395.8</distance>
        <duration>79.2</duration>
        <type>13</type>
        <step>47</step>
      </extensions>
    </rtept>
    <rtept lat="46.331933" lon="13.972588">
      <name/>
      <desc>Keep right</desc>
      <extensions>
        <distance>395.8</distance>
        <duration>79.2</duration>
        <type>13</type>
        <step>47</step>
      </extensions>
    </rtept>
    <rtept lat="46.332223" lon="13.973333">
      <name/>
      <desc>Keep right</desc>
      <extensions>
        <distance>395.8</distance>
        <duration>79.2</duration>
        <type>13</type>
        <step>47</step>
      </extensions>
    </rtept>
    <rtept lat="46.332299" lon="13.973926">
      <name/>
      <desc>Keep right</desc>
      <extensions>
        <distance>395.8</distance>
        <duration>79.2</duration>
        <type>13</type>
        <step>47</step>
      </extensions>
    </rtept>
    <rtept lat="46.332327" lon="13.97419">
      <name/>
      <desc>Keep right</desc>
      <extensions>
        <distance>295.1</distance>
        <duration>59.0</duration>
        <type>13</type>
        <step>48</step>
      </extensions>
    </rtept>
    <rtept lat="46.332267" lon="13.974483">
      <name/>
      <desc>Keep right</desc>
      <extensions>
        <distance>295.1</distance>
        <duration>59.0</duration>
        <type>13</type>
        <step>48</step>
      </extensions>
    </rtept>
    <rtept lat="46.332223" lon="13.974583">
      <name/>
      <desc>Keep right</desc>
      <extensions>
        <distance>295.1</distance>
        <duration>59.0</duration>
        <type>13</type>
        <step>48</step>
      </extensions>
    </rtept>
    <rtept lat="46.331928" lon="13.974771">
      <name/>
      <desc>Keep right</desc>
      <extensions>
        <distance>295.1</distance>
        <duration>59.0</duration>
        <type>13</type>
        <step>48</step>
      </extensions>
    </rtept>
    <rtept lat="46.331614" lon="13.974986">
      <name/>
      <desc>Keep right</desc>
      <extensions>
        <distance>295.1</distance>
        <duration>59.0</duration>
        <type>13</type>
        <step>48</step>
      </extensions>
    </rtept>
    <rtept lat="46.331044" lon="13.975543">
      <name/>
      <desc>Keep right</desc>
      <extensions>
        <distance>295.1</distance>
        <duration>59.0</duration>
        <type>13</type>
        <step>48</step>
      </extensions>
    </rtept>
    <rtept lat="46.330461" lon="13.975821">
      <name/>
      <desc>Keep right</desc>
      <extensions>
        <distance>295.1</distance>
        <duration>59.0</duration>
        <type>13</type>
        <step>48</step>
      </extensions>
    </rtept>
    <rtept lat="46.330182" lon="13.975861">
      <name/>
      <desc>Keep right</desc>
      <extensions>
        <distance>295.1</distance>
        <duration>59.0</duration>
        <type>13</type>
        <step>48</step>
      </extensions>
    </rtept>
    <rtept lat="46.330079" lon="13.975916">
      <name/>
      <desc>Keep right</desc>
      <extensions>
        <distance>2182.0</distance>
        <duration>436.4</duration>
        <type>13</type>
        <step>49</step>
      </extensions>
    </rtept>
    <rtept lat="46.32985" lon="13.975918">
      <name/>
      <desc>Keep right</desc>
      <extensions>
        <distance>2182.0</distance>
        <duration>436.4</duration>
        <type>13</type>
        <step>49</step>
      </extensions>
    </rtept>
    <rtept lat="46.329568" lon="13.975892">
      <name/>
      <desc>Keep right</desc>
      <extensions>
        <distance>2182.0</distance>
        <duration>436.4</duration>
        <type>13</type>
        <step>49</step>
      </extensions>
    </rtept>
    <rtept lat="46.32904" lon="13.975808">
      <name/>
      <desc>Keep right</desc>
      <extensions>
        <distance>2182.0</distance>
        <duration>436.4</duration>
        <type>13</type>
        <step>49</step>
      </extensions>
    </rtept>
    <rtept lat="46.328918" lon="13.975841">
      <name/>
      <desc>Keep right</desc>
      <extensions>
        <distance>2182.0</distance>
        <duration>436.4</duration>
        <type>13</type>
        <step>49</step>
      </extensions>
    </rtept>
    <rtept lat="46.328633" lon="13.975976">
      <name/>
      <desc>Keep right</desc>
      <extensions>
        <distance>2182.0</distance>
        <duration>436.4</duration>
        <type>13</type>
        <step>49</step>
      </extensions>
    </rtept>
    <rtept lat="46.328527" lon="13.976049">
      <name/>
      <desc>Keep right</desc>
      <extensions>
        <distance>2182.0</distance>
        <duration>436.4</duration>
        <type>13</type>
        <step>49</step>
      </extensions>
    </rtept>
    <rtept lat="46.328121" lon="13.976491">
      <name/>
      <desc>Keep right</desc>
      <extensions>
        <distance>2182.0</distance>
        <duration>436.4</duration>
        <type>13</type>
        <step>49</step>
      </extensions>
    </rtept>
    <rtept lat="46.327993" lon="13.976678">
      <name/>
      <desc>Keep right</desc>
      <extensions>
        <distance>2182.0</distance>
        <duration>436.4</duration>
        <type>13</type>
        <step>49</step>
      </extensions>
    </rtept>
    <rtept lat="46.327826" lon="13.977246">
      <name/>
      <desc>Keep right</desc>
      <extensions>
        <distance>2182.0</distance>
        <duration>436.4</duration>
        <type>13</type>
        <step>49</step>
      </extensions>
    </rtept>
    <rtept lat="46.327786" lon="13.977511">
      <name/>
      <desc>Keep right</desc>
      <extensions>
        <distance>2182.0</distance>
        <duration>436.4</duration>
        <type>13</type>
        <step>49</step>
      </extensions>
    </rtept>
    <rtept lat="46.327782" lon="13.977751">
      <name/>
      <desc>Keep right</desc>
      <extensions>
        <distance>2182.0</distance>
        <duration>436.4</duration>
        <type>13</type>
        <step>49</step>
      </extensions>
    </rtept>
    <rtept lat="46.327885" lon="13.978188">
      <name/>
      <desc>Keep right</desc>
      <extensions>
        <distance>2182.0</distance>
        <duration>436.4</duration>
        <type>13</type>
        <step>49</step>
      </extensions>
    </rtept>
    <rtept lat="46.327905" lon="13.978344">
      <name/>
      <desc>Keep right</desc>
      <extensions>
        <distance>2182.0</distance>
        <duration>436.4</duration>
        <type>13</type>
        <step>49</step>
      </extensions>
    </rtept>
    <rtept lat="46.327882" lon="13.978489">
      <name/>
      <desc>Keep right</desc>
      <extensions>
        <distance>2182.0</distance>
        <duration>436.4</duration>
        <type>13</type>
        <step>49</step>
      </extensions>
    </rtept>
    <rtept lat="46.327611" lon="13.979242">
      <name/>
      <desc>Keep right</desc>
      <extensions>
        <distance>2182.0</distance>
        <duration>436.4</duration>
        <type>13</type>
        <step>49</step>
      </extensions>
    </rtept>
    <rtept lat="46.327396" lon="13.979547">
      <name/>
      <desc>Keep right</desc>
      <extensions>
        <distance>2182.0</distance>
        <duration>436.4</duration>
        <type>13</type>
        <step>49</step>
      </extensions>
    </rtept>
    <rtept lat="46.327254" lon="13.979669">
      <name/>
      <desc>Keep right</desc>
      <extensions>
        <distance>2182.0</distance>
        <duration>436.4</duration>
        <type>13</type>
        <step>49</step>
      </extensions>
    </rtept>
    <rtept lat="46.326871" lon="13.979894">
      <name/>
      <desc>Keep right</desc>
      <extensions>
        <distance>2182.0</distance>
        <duration>436.4</duration>
        <type>13</type>
        <step>49</step>
      </extensions>
    </rtept>
    <rtept lat="46.326606" lon="13.980064">
      <name/>
      <desc>Keep right</desc>
      <extensions>
        <distance>2182.0</distance>
        <duration>436.4</duration>
        <type>13</type>
        <step>49</step>
      </extensions>
    </rtept>
    <rtept lat="46.32653" lon="13.980086">
      <name/>
      <desc>Keep right</desc>
      <extensions>
        <distance>2182.0</distance>
        <duration>436.4</duration>
        <type>13</type>
        <step>49</step>
      </extensions>
    </rtept>
    <rtept lat="46.326207" lon="13.980055">
      <name/>
      <desc>Keep right</desc>
      <extensions>
        <distance>2182.0</distance>
        <duration>436.4</duration>
        <type>13</type>
        <step>49</step>
      </extensions>
    </rtept>
    <rtept lat="46.324895" lon="13.98014">
      <name/>
      <desc>Keep right</desc>
      <extensions>
        <distance>2182.0</distance>
        <duration>436.4</duration>
        <type>13</type>
        <step>49</step>
      </extensions>
    </rtept>
    <rtept lat="46.324802" lon="13.98016">
      <name/>
      <desc>Keep right</desc>
      <extensions>
        <distance>2182.0</distance>
        <duration>436.4</duration>
        <type>13</type>
        <step>49</step>
      </extensions>
    </rtept>
    <rtept lat="46.324722" lon="13.980266">
      <name/>
      <desc>Keep right</desc>
      <extensions>
        <distance>2182.0</distance>
        <duration>436.4</duration>
        <type>13</type>
        <step>49</step>
      </extensions>
    </rtept>
    <rtept lat="46.324698" lon="13.980312">
      <name/>
      <desc>Keep right</desc>
      <extensions>
        <distance>2182.0</distance>
        <duration>436.4</duration>
        <type>13</type>
        <step>49</step>
      </extensions>
    </rtept>
    <rtept lat="46.324667" lon="13.980475">
      <name/>
      <desc>Keep right</desc>
      <extensions>
        <distance>2182.0</distance>
        <duration>436.4</duration>
        <type>13</type>
        <step>49</step>
      </extensions>
    </rtept>
    <rtept lat="46.32467" lon="13.980593">
      <name/>
      <desc>Keep right</desc>
      <extensions>
        <distance>2182.0</distance>
        <duration>436.4</duration>
        <type>13</type>
        <step>49</step>
      </extensions>
    </rtept>
    <rtept lat="46.32464" lon="13.980777">
      <name/>
      <desc>Keep right</desc>
      <extensions>
        <distance>2182.0</distance>
        <duration>436.4</duration>
        <type>13</type>
        <step>49</step>
      </extensions>
    </rtept>
    <rtept lat="46.324608" lon="13.980875">
      <name/>
      <desc>Keep right</desc>
      <extensions>
        <distance>2182.0</distance>
        <duration>436.4</duration>
        <type>13</type>
        <step>49</step>
      </extensions>
    </rtept>
    <rtept lat="46.324445" lon="13.981124">
      <name/>
      <desc>Keep right</desc>
      <extensions>
        <distance>2182.0</distance>
        <duration>436.4</duration>
        <type>13</type>
        <step>49</step>
      </extensions>
    </rtept>
    <rtept lat="46.324236" lon="13.981344">
      <name/>
      <desc>Keep right</desc>
      <extensions>
        <distance>2182.0</distance>
        <duration>436.4</duration>
        <type>13</type>
        <step>49</step>
      </extensions>
    </rtept>
    <rtept lat="46.323694" lon="13.981696">
      <name/>
      <desc>Keep right</desc>
      <extensions>
        <distance>2182.0</distance>
        <duration>436.4</duration>
        <type>13</type>
        <step>49</step>
      </extensions>
    </rtept>
    <rtept lat="46.323218" lon="13.981919">
      <name/>
      <desc>Keep right</desc>
      <extensions>
        <distance>2182.0</distance>
        <duration>436.4</duration>
        <type>13</type>
        <step>49</step>
      </extensions>
    </rtept>
    <rtept lat="46.323094" lon="13.981941">
      <name/>
      <desc>Keep right</desc>
      <extensions>
        <distance>2182.0</distance>
        <duration>436.4</duration>
        <type>13</type>
        <step>49</step>
      </extensions>
    </rtept>
    <rtept lat="46.322186" lon="13.981885">
      <name/>
      <desc>Keep right</desc>
      <extensions>
        <distance>2182.0</distance>
        <duration>436.4</duration>
        <type>13</type>
        <step>49</step>
      </extensions>
    </rtept>
    <rtept lat="46.321881" lon="13.981929">
      <name/>
      <desc>Keep right</desc>
      <extensions>
        <distance>2182.0</distance>
        <duration>436.4</duration>
        <type>13</type>
        <step>49</step>
      </extensions>
    </rtept>
    <rtept lat="46.321218" lon="13.982113">
      <name/>
      <desc>Keep right</desc>
      <extensions>
        <distance>2182.0</distance>
        <duration>436.4</duration>
        <type>13</type>
        <step>49</step>
      </extensions>
    </rtept>
    <rtept lat="46.320958" lon="13.982082">
      <name/>
      <desc>Keep right</desc>
      <extensions>
        <distance>2182.0</distance>
        <duration>436.4</duration>
        <type>13</type>
        <step>49</step>
      </extensions>
    </rtept>
    <rtept lat="46.320517" lon="13.981994">
      <name/>
      <desc>Keep right</desc>
      <extensions>
        <distance>2182.0</distance>
        <duration>436.4</duration>
        <type>13</type>
        <step>49</step>
      </extensions>
    </rtept>
    <rtept lat="46.320308" lon="13.981997">
      <name/>
      <desc>Keep right</desc>
      <extensions>
        <distance>2182.0</distance>
        <duration>436.4</duration>
        <type>13</type>
        <step>49</step>
      </extensions>
    </rtept>
    <rtept lat="46.320164" lon="13.981962">
      <name/>
      <desc>Keep right</desc>
      <extensions>
        <distance>2182.0</distance>
        <duration>436.4</duration>
        <type>13</type>
        <step>49</step>
      </extensions>
    </rtept>
    <rtept lat="46.319857" lon="13.981831">
      <name/>
      <desc>Keep right</desc>
      <extensions>
        <distance>2182.0</distance>
        <duration>436.4</duration>
        <type>13</type>
        <step>49</step>
      </extensions>
    </rtept>
    <rtept lat="46.319457" lon="13.981739">
      <name/>
      <desc>Keep right</desc>
      <extensions>
        <distance>2182.0</distance>
        <duration>436.4</duration>
        <type>13</type>
        <step>49</step>
      </extensions>
    </rtept>
    <rtept lat="46.319135" lon="13.981602">
      <name/>
      <desc>Keep right</desc>
      <extensions>
        <distance>2182.0</distance>
        <duration>436.4</duration>
        <type>13</type>
        <step>49</step>
      </extensions>
    </rtept>
    <rtept lat="46.318893" lon="13.981461">
      <name/>
      <desc>Keep right</desc>
      <extensions>
        <distance>2182.0</distance>
        <duration>436.4</duration>
        <type>13</type>
        <step>49</step>
      </extensions>
    </rtept>
    <rtept lat="46.318342" lon="13.980879">
      <name/>
      <desc>Keep right</desc>
      <extensions>
        <distance>2182.0</distance>
        <duration>436.4</duration>
        <type>13</type>
        <step>49</step>
      </extensions>
    </rtept>
    <rtept lat="46.317369" lon="13.980076">
      <name/>
      <desc>Keep right</desc>
      <extensions>
        <distance>2182.0</distance>
        <duration>436.4</duration>
        <type>13</type>
        <step>49</step>
      </extensions>
    </rtept>
    <rtept lat="46.317055" lon="13.979874">
      <name/>
      <desc>Keep right</desc>
      <extensions>
        <distance>2182.0</distance>
        <duration>436.4</duration>
        <type>13</type>
        <step>49</step>
      </extensions>
    </rtept>
    <rtept lat="46.316946" lon="13.979772">
      <name/>
      <desc>Keep right</desc>
      <extensions>
        <distance>2182.0</distance>
        <duration>436.4</duration>
        <type>13</type>
        <step>49</step>
      </extensions>
    </rtept>
    <rtept lat="46.316727" lon="13.979449">
      <name/>
      <desc>Keep right</desc>
      <extensions>
        <distance>2182.0</distance>
        <duration>436.4</duration>
        <type>13</type>
        <step>49</step>
      </extensions>
    </rtept>
    <rtept lat="46.316273" lon="13.978595">
      <name/>
      <desc>Keep right</desc>
      <extensions>
        <distance>2182.0</distance>
        <duration>436.4</duration>
        <type>13</type>
        <step>49</step>
      </extensions>
    </rtept>
    <rtept lat="46.315692" lon="13.977719">
      <name/>
      <desc>Keep right</desc>
      <extensions>
        <distance>2182.0</distance>
        <duration>436.4</duration>
        <type>13</type>
        <step>49</step>
      </extensions>
    </rtept>
    <rtept lat="46.31539" lon="13.977365">
      <name/>
      <desc>Keep right</desc>
      <extensions>
        <distance>2182.0</distance>
        <duration>436.4</duration>
        <type>13</type>
        <step>49</step>
      </extensions>
    </rtept>
    <rtept lat="46.315144" lon="13.977184">
      <name/>
      <desc>Keep right</desc>
      <extensions>
        <distance>2182.0</distance>
        <duration>436.4</duration>
        <type>13</type>
        <step>49</step>
      </extensions>
    </rtept>
    <rtept lat="46.314967" lon="13.977034">
      <name/>
      <desc>Keep right</desc>
      <extensions>
        <distance>2182.0</distance>
        <duration>436.4</duration>
        <type>13</type>
        <step>49</step>
      </extensions>
    </rtept>
    <rtept lat="46.314735" lon="13.976795">
      <name/>
      <desc>Keep right</desc>
      <extensions>
        <distance>2182.0</distance>
        <duration>436.4</duration>
        <type>13</type>
        <step>49</step>
      </extensions>
    </rtept>
    <rtept lat="46.314513" lon="13.976627">
      <name/>
      <desc>Keep right</desc>
      <extensions>
        <distance>2182.0</distance>
        <duration>436.4</duration>
        <type>13</type>
        <step>49</step>
      </extensions>
    </rtept>
    <rtept lat="46.314393" lon="13.976483">
      <name/>
      <desc>Keep right</desc>
      <extensions>
        <distance>2182.0</distance>
        <duration>436.4</duration>
        <type>13</type>
        <step>49</step>
      </extensions>
    </rtept>
    <rtept lat="46.314332" lon="13.976349">
      <name/>
      <desc>Keep right</desc>
      <extensions>
        <distance>2182.0</distance>
        <duration>436.4</duration>
        <type>13</type>
        <step>49</step>
      </extensions>
    </rtept>
    <rtept lat="46.314315" lon="13.976217">
      <name/>
      <desc>Turn sharp right</desc>
      <extensions>
        <distance>446.6</distance>
        <duration>89.3</duration>
        <type>3</type>
        <step>50</step>
      </extensions>
    </rtept>
    <rtept lat="46.314546" lon="13.976385">
      <name/>
      <desc>Turn sharp right</desc>
      <extensions>
        <distance>446.6</distance>
        <duration>89.3</duration>
        <type>3</type>
        <step>50</step>
      </extensions>
    </rtept>
    <rtept lat="46.314627" lon="13.976427">
      <name/>
      <desc>Turn sharp right</desc>
      <extensions>
        <distance>446.6</distance>
        <duration>89.3</duration>
        <type>3</type>
        <step>50</step>
      </extensions>
    </rtept>
    <rtept lat="46.314675" lon="13.976425">
      <name/>
      <desc>Turn sharp right</desc>
      <extensions>
        <distance>446.6</distance>
        <duration>89.3</duration>
        <type>3</type>
        <step>50</step>
      </extensions>
    </rtept>
    <rtept lat="46.314757" lon="13.976363">
      <name/>
      <desc>Turn sharp right</desc>
      <extensions>
        <distance>446.6</distance>
        <duration>89.3</duration>
        <type>3</type>
        <step>50</step>
      </extensions>
    </rtept>
    <rtept lat="46.314799" lon="13.976304">
      <name/>
      <desc>Turn sharp right</desc>
      <extensions>
        <distance>446.6</distance>
        <duration>89.3</duration>
        <type>3</type>
        <step>50</step>
      </extensions>
    </rtept>
    <rtept lat="46.314827" lon="13.976223">
      <name/>
      <desc>Turn sharp right</desc>
      <extensions>
        <distance>446.6</distance>
        <duration>89.3</duration>
        <type>3</type>
        <step>50</step>
      </extensions>
    </rtept>
    <rtept lat="46.314916" lon="13.975755">
      <name/>
      <desc>Turn sharp right</desc>
      <extensions>
        <distance>446.6</distance>
        <duration>89.3</duration>
        <type>3</type>
        <step>50</step>
      </extensions>
    </rtept>
    <rtept lat="46.31505" lon="13.975269">
      <name/>
      <desc>Turn sharp right</desc>
      <extensions>
        <distance>446.6</distance>
        <duration>89.3</duration>
        <type>3</type>
        <step>50</step>
      </extensions>
    </rtept>
    <rtept lat="46.315134" lon="13.974439">
      <name/>
      <desc>Turn sharp right</desc>
      <extensions>
        <distance>446.6</distance>
        <duration>89.3</duration>
        <type>3</type>
        <step>50</step>
      </extensions>
    </rtept>
    <rtept lat="46.315146" lon="13.974247">
      <name/>
      <desc>Turn sharp right</desc>
      <extensions>
        <distance>446.6</distance>
        <duration>89.3</duration>
        <type>3</type>
        <step>50</step>
      </extensions>
    </rtept>
    <rtept lat="46.315131" lon="13.974053">
      <name/>
      <desc>Turn sharp right</desc>
      <extensions>
        <distance>446.6</distance>
        <duration>89.3</duration>
        <type>3</type>
        <step>50</step>
      </extensions>
    </rtept>
    <rtept lat="46.315018" lon="13.973238">
      <name/>
      <desc>Turn sharp right</desc>
      <extensions>
        <distance>446.6</distance>
        <duration>89.3</duration>
        <type>3</type>
        <step>50</step>
      </extensions>
    </rtept>
    <rtept lat="46.315012" lon="13.972934">
      <name/>
      <desc>Turn sharp right</desc>
      <extensions>
        <distance>446.6</distance>
        <duration>89.3</duration>
        <type>3</type>
        <step>50</step>
      </extensions>
    </rtept>
    <rtept lat="46.315081" lon="13.972248">
      <name/>
      <desc>Turn sharp right</desc>
      <extensions>
        <distance>446.6</distance>
        <duration>89.3</duration>
        <type>3</type>
        <step>50</step>
      </extensions>
    </rtept>
    <rtept lat="46.315122" lon="13.971377">
      <name/>
      <desc>Keep right</desc>
      <extensions>
        <distance>1221.4</distance>
        <duration>244.3</duration>
        <type>13</type>
        <step>51</step>
      </extensions>
    </rtept>
    <rtept lat="46.315117" lon="13.970662">
      <name/>
      <desc>Keep right</desc>
      <extensions>
        <distance>1221.4</distance>
        <duration>244.3</duration>
        <type>13</type>
        <step>51</step>
      </extensions>
    </rtept>
    <rtept lat="46.31517" lon="13.970142">
      <name/>
      <desc>Keep right</desc>
      <extensions>
        <distance>1221.4</distance>
        <duration>244.3</duration>
        <type>13</type>
        <step>51</step>
      </extensions>
    </rtept>
    <rtept lat="46.315205" lon="13.969584">
      <name/>
      <desc>Keep right</desc>
      <extensions>
        <distance>1221.4</distance>
        <duration>244.3</duration>
        <type>13</type>
        <step>51</step>
      </extensions>
    </rtept>
    <rtept lat="46.315234" lon="13.969407">
      <name/>
      <desc>Keep right</desc>
      <extensions>
        <distance>1221.4</distance>
        <duration>244.3</duration>
        <type>13</type>
        <step>51</step>
      </extensions>
    </rtept>
    <rtept lat="46.315267" lon="13.969326">
      <name/>
      <desc>Keep right</desc>
      <extensions>
        <distance>1221.4</distance>
        <duration>244.3</duration>
        <type>13</type>
        <step>51</step>
      </extensions>
    </rtept>
    <rtept lat="46.315419" lon="13.969186">
      <name/>
      <desc>Keep right</desc>
      <extensions>
        <distance>1221.4</distance>
        <duration>244.3</duration>
        <type>13</type>
        <step>51</step>
      </extensions>
    </rtept>
    <rtept lat="46.315594" lon="13.969022">
      <name/>
      <desc>Keep right</desc>
      <extensions>
        <distance>1221.4</distance>
        <duration>244.3</duration>
        <type>13</type>
        <step>51</step>
      </extensions>
    </rtept>
    <rtept lat="46.315973" lon="13.968593">
      <name/>
      <desc>Keep right</desc>
      <extensions>
        <distance>1221.4</distance>
        <duration>244.3</duration>
        <type>13</type>
        <step>51</step>
      </extensions>
    </rtept>
    <rtept lat="46.316038" lon="13.968567">
      <name/>
      <desc>Keep right</desc>
      <extensions>
        <distance>1221.4</distance>
        <duration>244.3</duration>
        <type>13</type>
        <step>51</step>
      </extensions>
    </rtept>
    <rtept lat="46.316298" lon="13.968626">
      <name/>
      <desc>Keep right</desc>
      <extensions>
        <distance>1221.4</distance>
        <duration>244.3</duration>
        <type>13</type>
        <step>51</step>
      </extensions>
    </rtept>
    <rtept lat="46.316419" lon="13.968602">
      <name/>
      <desc>Keep right</desc>
      <extensions>
        <distance>1221.4</distance>
        <duration>244.3</duration>
        <type>13</type>
        <step>51</step>
      </extensions>
    </rtept>
    <rtept lat="46.316481" lon="13.968552">
      <name/>
      <desc>Keep right</desc>
      <extensions>
        <distance>1221.4</distance>
        <duration>244.3</duration>
        <type>13</type>
        <step>51</step>
      </extensions>
    </rtept>
    <rtept lat="46.316502" lon="13.968488">
      <name/>
      <desc>Keep right</desc>
      <extensions>
        <distance>1221.4</distance>
        <duration>244.3</duration>
        <type>13</type>
        <step>51</step>
      </extensions>
    </rtept>
    <rtept lat="46.316502" lon="13.968431">
      <name/>
      <desc>Keep right</desc>
      <extensions>
        <distance>1221.4</distance>
        <duration>244.3</duration>
        <type>13</type>
        <step>51</step>
      </extensions>
    </rtept>
    <rtept lat="46.316456" lon="13.968316">
      <name/>
      <desc>Keep right</desc>
      <extensions>
        <distance>1221.4</distance>
        <duration>244.3</duration>
        <type>13</type>
        <step>51</step>
      </extensions>
    </rtept>
    <rtept lat="46.316282" lon="13.968026">
      <name/>
      <desc>Keep right</desc>
      <extensions>
        <distance>1221.4</distance>
        <duration>244.3</duration>
        <type>13</type>
        <step>51</step>
      </extensions>
    </rtept>
    <rtept lat="46.316241" lon="13.967904">
      <name/>
      <desc>Keep right</desc>
      <extensions>
        <distance>1221.4</distance>
        <duration>244.3</duration>
        <type>13</type>
        <step>51</step>
      </extensions>
    </rtept>
    <rtept lat="46.316204" lon="13.967592">
      <name/>
      <desc>Keep right</desc>
      <extensions>
        <distance>1221.4</distance>
        <duration>244.3</duration>
        <type>13</type>
        <step>51</step>
      </extensions>
    </rtept>
    <rtept lat="46.316219" lon="13.967334">
      <name/>
      <desc>Keep right</desc>
      <extensions>
        <distance>1221.4</distance>
        <duration>244.3</duration>
        <type>13</type>
        <step>51</step>
      </extensions>
    </rtept>
    <rtept lat="46.316211" lon="13.967242">
      <name/>
      <desc>Keep right</desc>
      <extensions>
        <distance>1221.4</distance>
        <duration>244.3</duration>
        <type>13</type>
        <step>51</step>
      </extensions>
    </rtept>
    <rtept lat="46.316178" lon="13.967178">
      <name/>
      <desc>Keep right</desc>
      <extensions>
        <distance>1221.4</distance>
        <duration>244.3</duration>
        <type>13</type>
        <step>51</step>
      </extensions>
    </rtept>
    <rtept lat="46.31596" lon="13.967009">
      <name/>
      <desc>Keep right</desc>
      <extensions>
        <distance>1221.4</distance>
        <duration>244.3</duration>
        <type>13</type>
        <step>51</step>
      </extensions>
    </rtept>
    <rtept lat="46.315947" lon="13.966941">
      <name/>
      <desc>Keep right</desc>
      <extensions>
        <distance>1221.4</distance>
        <duration>244.3</duration>
        <type>13</type>
        <step>51</step>
      </extensions>
    </rtept>
    <rtept lat="46.315957" lon="13.96687">
      <name/>
      <desc>Keep right</desc>
      <extensions>
        <distance>1221.4</distance>
        <duration>244.3</duration>
        <type>13</type>
        <step>51</step>
      </extensions>
    </rtept>
    <rtept lat="46.316012" lon="13.966781">
      <name/>
      <desc>Keep right</desc>
      <extensions>
        <distance>1221.4</distance>
        <duration>244.3</duration>
        <type>13</type>
        <step>51</step>
      </extensions>
    </rtept>
    <rtept lat="46.316179" lon="13.966647">
      <name/>
      <desc>Keep right</desc>
      <extensions>
        <distance>1221.4</distance>
        <duration>244.3</duration>
        <type>13</type>
        <step>51</step>
      </extensions>
    </rtept>
    <rtept lat="46.316317" lon="13.966507">
      <name/>
      <desc>Keep right</desc>
      <extensions>
        <distance>1221.4</distance>
        <duration>244.3</duration>
        <type>13</type>
        <step>51</step>
      </extensions>
    </rtept>
    <rtept lat="46.316343" lon="13.966452">
      <name/>
      <desc>Keep right</desc>
      <extensions>
        <distance>1221.4</distance>
        <duration>244.3</duration>
        <type>13</type>
        <step>51</step>
      </extensions>
    </rtept>
    <rtept lat="46.316367" lon="13.966186">
      <name/>
      <desc>Keep right</desc>
      <extensions>
        <distance>1221.4</distance>
        <duration>244.3</duration>
        <type>13</type>
        <step>51</step>
      </extensions>
    </rtept>
    <rtept lat="46.316436" lon="13.966063">
      <name/>
      <desc>Keep right</desc>
      <extensions>
        <distance>1221.4</distance>
        <duration>244.3</duration>
        <type>13</type>
        <step>51</step>
      </extensions>
    </rtept>
    <rtept lat="46.316565" lon="13.965895">
      <name/>
      <desc>Keep right</desc>
      <extensions>
        <distance>1221.4</distance>
        <duration>244.3</duration>
        <type>13</type>
        <step>51</step>
      </extensions>
    </rtept>
    <rtept lat="46.31668" lon="13.965627">
      <name/>
      <desc>Keep right</desc>
      <extensions>
        <distance>1221.4</distance>
        <duration>244.3</duration>
        <type>13</type>
        <step>51</step>
      </extensions>
    </rtept>
    <rtept lat="46.316705" lon="13.965496">
      <name/>
      <desc>Keep right</desc>
      <extensions>
        <distance>1221.4</distance>
        <duration>244.3</duration>
        <type>13</type>
        <step>51</step>
      </extensions>
    </rtept>
    <rtept lat="46.316677" lon="13.965365">
      <name/>
      <desc>Keep right</desc>
      <extensions>
        <distance>1221.4</distance>
        <duration>244.3</duration>
        <type>13</type>
        <step>51</step>
      </extensions>
    </rtept>
    <rtept lat="46.316623" lon="13.965293">
      <name/>
      <desc>Keep right</desc>
      <extensions>
        <distance>1221.4</distance>
        <duration>244.3</duration>
        <type>13</type>
        <step>51</step>
      </extensions>
    </rtept>
    <rtept lat="46.3165" lon="13.965208">
      <name/>
      <desc>Keep right</desc>
      <extensions>
        <distance>1221.4</distance>
        <duration>244.3</duration>
        <type>13</type>
        <step>51</step>
      </extensions>
    </rtept>
    <rtept lat="46.316444" lon="13.96519">
      <name/>
      <desc>Keep right</desc>
      <extensions>
        <distance>1221.4</distance>
        <duration>244.3</duration>
        <type>13</type>
        <step>51</step>
      </extensions>
    </rtept>
    <rtept lat="46.316366" lon="13.965089">
      <name/>
      <desc>Keep right</desc>
      <extensions>
        <distance>1221.4</distance>
        <duration>244.3</duration>
        <type>13</type>
        <step>51</step>
      </extensions>
    </rtept>
    <rtept lat="46.316301" lon="13.965045">
      <name/>
      <desc>Keep right</desc>
      <extensions>
        <distance>1221.4</distance>
        <duration>244.3</duration>
        <type>13</type>
        <step>51</step>
      </extensions>
    </rtept>
    <rtept lat="46.316162" lon="13.965041">
      <name/>
      <desc>Keep right</desc>
      <extensions>
        <distance>1221.4</distance>
        <duration>244.3</duration>
        <type>13</type>
        <step>51</step>
      </extensions>
    </rtept>
    <rtept lat="46.316117" lon="13.96503">
      <name/>
      <desc>Keep right</desc>
      <extensions>
        <distance>1221.4</distance>
        <duration>244.3</duration>
        <type>13</type>
        <step>51</step>
      </extensions>
    </rtept>
    <rtept lat="46.316091" lon="13.964998">
      <name/>
      <desc>Keep right</desc>
      <extensions>
        <distance>1221.4</distance>
        <duration>244.3</duration>
        <type>13</type>
        <step>51</step>
      </extensions>
    </rtept>
    <rtept lat="46.316037" lon="13.964748">
      <name/>
      <desc>Keep right</desc>
      <extensions>
        <distance>1221.4</distance>
        <duration>244.3</duration>
        <type>13</type>
        <step>51</step>
      </extensions>
    </rtept>
    <rtept lat="46.316034" lon="13.964609">
      <name/>
      <desc>Keep right</desc>
      <extensions>
        <distance>1221.4</distance>
        <duration>244.3</duration>
        <type>13</type>
        <step>51</step>
      </extensions>
    </rtept>
    <rtept lat="46.316052" lon="13.964464">
      <name/>
      <desc>Keep right</desc>
      <extensions>
        <distance>1221.4</distance>
        <duration>244.3</duration>
        <type>13</type>
        <step>51</step>
      </extensions>
    </rtept>
    <rtept lat="46.316124" lon="13.964237">
      <name/>
      <desc>Keep right</desc>
      <extensions>
        <distance>1221.4</distance>
        <duration>244.3</duration>
        <type>13</type>
        <step>51</step>
      </extensions>
    </rtept>
    <rtept lat="46.316135" lon="13.96416">
      <name/>
      <desc>Keep right</desc>
      <extensions>
        <distance>1221.4</distance>
        <duration>244.3</duration>
        <type>13</type>
        <step>51</step>
      </extensions>
    </rtept>
    <rtept lat="46.316125" lon="13.964099">
      <name/>
      <desc>Keep right</desc>
      <extensions>
        <distance>1221.4</distance>
        <duration>244.3</duration>
        <type>13</type>
        <step>51</step>
      </extensions>
    </rtept>
    <rtept lat="46.316091" lon="13.964038">
      <name/>
      <desc>Keep right</desc>
      <extensions>
        <distance>1221.4</distance>
        <duration>244.3</duration>
        <type>13</type>
        <step>51</step>
      </extensions>
    </rtept>
    <rtept lat="46.316037" lon="13.963998">
      <name/>
      <desc>Keep right</desc>
      <extensions>
        <distance>1221.4</distance>
        <duration>244.3</duration>
        <type>13</type>
        <step>51</step>
      </extensions>
    </rtept>
    <rtept lat="46.315863" lon="13.963916">
      <name/>
      <desc>Keep right</desc>
      <extensions>
        <distance>1221.4</distance>
        <duration>244.3</duration>
        <type>13</type>
        <step>51</step>
      </extensions>
    </rtept>
    <rtept lat="46.315677" lon="13.963781">
      <name/>
      <desc>Keep right</desc>
      <extensions>
        <distance>1221.4</distance>
        <duration>244.3</duration>
        <type>13</type>
        <step>51</step>
      </extensions>
    </rtept>
    <rtept lat="46.31556" lon="13.963641">
      <name/>
      <desc>Keep right</desc>
      <extensions>
        <distance>1221.4</distance>
        <duration>244.3</duration>
        <type>13</type>
        <step>51</step>
      </extensions>
    </rtept>
    <rtept lat="46.315312" lon="13.963048">
      <name/>
      <desc>Keep right</desc>
      <extensions>
        <distance>1221.4</distance>
        <duration>244.3</duration>
        <type>13</type>
        <step>51</step>
      </extensions>
    </rtept>
    <rtept lat="46.315161" lon="13.962745">
      <name/>
      <desc>Keep right</desc>
      <extensions>
        <distance>1221.4</distance>
        <duration>244.3</duration>
        <type>13</type>
        <step>51</step>
      </extensions>
    </rtept>
    <rtept lat="46.315153" lon="13.962696">
      <name/>
      <desc>Keep right</desc>
      <extensions>
        <distance>1221.4</distance>
        <duration>244.3</duration>
        <type>13</type>
        <step>51</step>
      </extensions>
    </rtept>
    <rtept lat="46.315186" lon="13.962465">
      <name/>
      <desc>Keep right</desc>
      <extensions>
        <distance>1221.4</distance>
        <duration>244.3</duration>
        <type>13</type>
        <step>51</step>
      </extensions>
    </rtept>
    <rtept lat="46.315177" lon="13.962348">
      <name/>
      <desc>Keep right</desc>
      <extensions>
        <distance>1221.4</distance>
        <duration>244.3</duration>
        <type>13</type>
        <step>51</step>
      </extensions>
    </rtept>
    <rtept lat="46.315135" lon="13.962115">
      <name/>
      <desc>Keep right</desc>
      <extensions>
        <distance>1221.4</distance>
        <duration>244.3</duration>
        <type>13</type>
        <step>51</step>
      </extensions>
    </rtept>
    <rtept lat="46.315042" lon="13.961844">
      <name/>
      <desc>Keep right</desc>
      <extensions>
        <distance>1221.4</distance>
        <duration>244.3</duration>
        <type>13</type>
        <step>51</step>
      </extensions>
    </rtept>
    <rtept lat="46.314967" lon="13.961747">
      <name/>
      <desc>Keep right</desc>
      <extensions>
        <distance>1221.4</distance>
        <duration>244.3</duration>
        <type>13</type>
        <step>51</step>
      </extensions>
    </rtept>
    <rtept lat="46.314876" lon="13.961674">
      <name/>
      <desc>Keep right</desc>
      <extensions>
        <distance>1221.4</distance>
        <duration>244.3</duration>
        <type>13</type>
        <step>51</step>
      </extensions>
    </rtept>
    <rtept lat="46.314795" lon="13.961649">
      <name/>
      <desc>Keep right</desc>
      <extensions>
        <distance>1221.4</distance>
        <duration>244.3</duration>
        <type>13</type>
        <step>51</step>
      </extensions>
    </rtept>
    <rtept lat="46.314594" lon="13.961635">
      <name/>
      <desc>Keep right</desc>
      <extensions>
        <distance>1221.4</distance>
        <duration>244.3</duration>
        <type>13</type>
        <step>51</step>
      </extensions>
    </rtept>
    <rtept lat="46.31448" lon="13.961567">
      <name/>
      <desc>Keep right</desc>
      <extensions>
        <distance>1221.4</distance>
        <duration>244.3</duration>
        <type>13</type>
        <step>51</step>
      </extensions>
    </rtept>
    <rtept lat="46.31439" lon="13.961445">
      <name/>
      <desc>Keep right</desc>
      <extensions>
        <distance>1221.4</distance>
        <duration>244.3</duration>
        <type>13</type>
        <step>51</step>
      </extensions>
    </rtept>
    <rtept lat="46.314312" lon="13.961268">
      <name/>
      <desc>Keep right</desc>
      <extensions>
        <distance>1221.4</distance>
        <duration>244.3</duration>
        <type>13</type>
        <step>51</step>
      </extensions>
    </rtept>
    <rtept lat="46.314254" lon="13.961194">
      <name/>
      <desc>Keep right</desc>
      <extensions>
        <distance>1221.4</distance>
        <duration>244.3</duration>
        <type>13</type>
        <step>51</step>
      </extensions>
    </rtept>
    <rtept lat="46.313639" lon="13.960552">
      <name/>
      <desc>Keep right</desc>
      <extensions>
        <distance>1221.4</distance>
        <duration>244.3</duration>
        <type>13</type>
        <step>51</step>
      </extensions>
    </rtept>
    <rtept lat="46.313397" lon="13.960255">
      <name/>
      <desc>Keep right</desc>
      <extensions>
        <distance>857.8</distance>
        <duration>182.4</duration>
        <type>13</type>
        <step>52</step>
      </extensions>
    </rtept>
    <rtept lat="46.313315" lon="13.960116">
      <name/>
      <desc>Keep right</desc>
      <extensions>
        <distance>857.8</distance>
        <duration>182.4</duration>
        <type>13</type>
        <step>52</step>
      </extensions>
    </rtept>
    <rtept lat="46.313203" lon="13.959993">
      <name/>
      <desc>Keep right</desc>
      <extensions>
        <distance>857.8</distance>
        <duration>182.4</duration>
        <type>13</type>
        <step>52</step>
      </extensions>
    </rtept>
    <rtept lat="46.312994" lon="13.959759">
      <name/>
      <desc>Keep right</desc>
      <extensions>
        <distance>857.8</distance>
        <duration>182.4</duration>
        <type>13</type>
        <step>52</step>
      </extensions>
    </rtept>
    <rtept lat="46.312859" lon="13.959534">
      <name/>
      <desc>Keep right</desc>
      <extensions>
        <distance>857.8</distance>
        <duration>182.4</duration>
        <type>13</type>
        <step>52</step>
      </extensions>
    </rtept>
    <rtept lat="46.31261" lon="13.959186">
      <name/>
      <desc>Keep right</desc>
      <extensions>
        <distance>857.8</distance>
        <duration>182.4</duration>
        <type>13</type>
        <step>52</step>
      </extensions>
    </rtept>
    <rtept lat="46.31259" lon="13.959082">
      <name/>
      <desc>Keep right</desc>
      <extensions>
        <distance>857.8</distance>
        <duration>182.4</duration>
        <type>13</type>
        <step>52</step>
      </extensions>
    </rtept>
    <rtept lat="46.312591" lon="13.958768">
      <name/>
      <desc>Keep right</desc>
      <extensions>
        <distance>857.8</distance>
        <duration>182.4</duration>
        <type>13</type>
        <step>52</step>
      </extensions>
    </rtept>
    <rtept lat="46.312575" lon="13.958625">
      <name/>
      <desc>Keep right</desc>
      <extensions>
        <distance>857.8</distance>
        <duration>182.4</duration>
        <type>13</type>
        <step>52</step>
      </extensions>
    </rtept>
    <rtept lat="46.312529" lon="13.958488">
      <name/>
      <desc>Keep right</desc>
      <extensions>
        <distance>857.8</distance>
        <duration>182.4</duration>
        <type>13</type>
        <step>52</step>
      </extensions>
    </rtept>
    <rtept lat="46.312456" lon="13.9584">
      <name/>
      <desc>Keep right</desc>
      <extensions>
        <distance>857.8</distance>
        <duration>182.4</duration>
        <type>13</type>
        <step>52</step>
      </extensions>
    </rtept>
    <rtept lat="46.31238" lon="13.958349">
      <name/>
      <desc>Keep right</desc>
      <extensions>
        <distance>857.8</distance>
        <duration>182.4</duration>
        <type>13</type>
        <step>52</step>
      </extensions>
    </rtept>
    <rtept lat="46.311928" lon="13.958206">
      <name/>
      <desc>Keep right</desc>
      <extensions>
        <distance>857.8</distance>
        <duration>182.4</duration>
        <type>13</type>
        <step>52</step>
      </extensions>
    </rtept>
    <rtept lat="46.311792" lon="13.958214">
      <name/>
      <desc>Keep right</desc>
      <extensions>
        <distance>857.8</distance>
        <duration>182.4</duration>
        <type>13</type>
        <step>52</step>
      </extensions>
    </rtept>
    <rtept lat="46.311706" lon="13.958185">
      <name/>
      <desc>Keep right</desc>
      <extensions>
        <distance>857.8</distance>
        <duration>182.4</duration>
        <type>13</type>
        <step>52</step>
      </extensions>
    </rtept>
    <rtept lat="46.311394" lon="13.957914">
      <name/>
      <desc>Keep right</desc>
      <extensions>
        <distance>857.8</distance>
        <duration>182.4</duration>
        <type>13</type>
        <step>52</step>
      </extensions>
    </rtept>
    <rtept lat="46.311318" lon="13.957839">
      <name/>
      <desc>Keep right</desc>
      <extensions>
        <distance>857.8</distance>
        <duration>182.4</duration>
        <type>13</type>
        <step>52</step>
      </extensions>
    </rtept>
    <rtept lat="46.311294" lon="13.957785">
      <name/>
      <desc>Keep right</desc>
      <extensions>
        <distance>857.8</distance>
        <duration>182.4</duration>
        <type>13</type>
        <step>52</step>
      </extensions>
    </rtept>
    <rtept lat="46.311278" lon="13.957634">
      <name/>
      <desc>Keep right</desc>
      <extensions>
        <distance>857.8</distance>
        <duration>182.4</duration>
        <type>13</type>
        <step>52</step>
      </extensions>
    </rtept>
    <rtept lat="46.311284" lon="13.957508">
      <name/>
      <desc>Keep right</desc>
      <extensions>
        <distance>857.8</distance>
        <duration>182.4</duration>
        <type>13</type>
        <step>52</step>
      </extensions>
    </rtept>
    <rtept lat="46.31126" lon="13.957328">
      <name/>
      <desc>Keep right</desc>
      <extensions>
        <distance>857.8</distance>
        <duration>182.4</duration>
        <type>13</type>
        <step>52</step>
      </extensions>
    </rtept>
    <rtept lat="46.311196" lon="13.957163">
      <name/>
      <desc>Keep right</desc>
      <extensions>
        <distance>857.8</distance>
        <duration>182.4</duration>
        <type>13</type>
        <step>52</step>
      </extensions>
    </rtept>
    <rtept lat="46.311141" lon="13.957073">
      <name/>
      <desc>Keep right</desc>
      <extensions>
        <distance>857.8</distance>
        <duration>182.4</duration>
        <type>13</type>
        <step>52</step>
      </extensions>
    </rtept>
    <rtept lat="46.311078" lon="13.957008">
      <name/>
      <desc>Keep right</desc>
      <extensions>
        <distance>857.8</distance>
        <duration>182.4</duration>
        <type>13</type>
        <step>52</step>
      </extensions>
    </rtept>
    <rtept lat="46.310876" lon="13.956903">
      <name/>
      <desc>Keep right</desc>
      <extensions>
        <distance>857.8</distance>
        <duration>182.4</duration>
        <type>13</type>
        <step>52</step>
      </extensions>
    </rtept>
    <rtept lat="46.310846" lon="13.956864">
      <name/>
      <desc>Keep right</desc>
      <extensions>
        <distance>857.8</distance>
        <duration>182.4</duration>
        <type>13</type>
        <step>52</step>
      </extensions>
    </rtept>
    <rtept lat="46.310801" lon="13.956715">
      <name/>
      <desc>Keep right</desc>
      <extensions>
        <distance>857.8</distance>
        <duration>182.4</duration>
        <type>13</type>
        <step>52</step>
      </extensions>
    </rtept>
    <rtept lat="46.310778" lon="13.956341">
      <name/>
      <desc>Keep right</desc>
      <extensions>
        <distance>857.8</distance>
        <duration>182.4</duration>
        <type>13</type>
        <step>52</step>
      </extensions>
    </rtept>
    <rtept lat="46.310771" lon="13.955282">
      <name/>
      <desc>Keep right</desc>
      <extensions>
        <distance>857.8</distance>
        <duration>182.4</duration>
        <type>13</type>
        <step>52</step>
      </extensions>
    </rtept>
    <rtept lat="46.310783" lon="13.955221">
      <name/>
      <desc>Keep right</desc>
      <extensions>
        <distance>857.8</distance>
        <duration>182.4</duration>
        <type>13</type>
        <step>52</step>
      </extensions>
    </rtept>
    <rtept lat="46.310825" lon="13.955141">
      <name/>
      <desc>Keep right</desc>
      <extensions>
        <distance>857.8</distance>
        <duration>182.4</duration>
        <type>13</type>
        <step>52</step>
      </extensions>
    </rtept>
    <rtept lat="46.310917" lon="13.955024">
      <name/>
      <desc>Keep right</desc>
      <extensions>
        <distance>857.8</distance>
        <duration>182.4</duration>
        <type>13</type>
        <step>52</step>
      </extensions>
    </rtept>
    <rtept lat="46.3109" lon="13.954931">
      <name/>
      <desc>Keep right</desc>
      <extensions>
        <distance>857.8</distance>
        <duration>182.4</duration>
        <type>13</type>
        <step>52</step>
      </extensions>
    </rtept>
    <rtept lat="46.310803" lon="13.954659">
      <name/>
      <desc>Keep right</desc>
      <extensions>
        <distance>857.8</distance>
        <duration>182.4</duration>
        <type>13</type>
        <step>52</step>
      </extensions>
    </rtept>
    <rtept lat="46.310771" lon="13.954636">
      <name/>
      <desc>Keep right</desc>
      <extensions>
        <distance>857.8</distance>
        <duration>182.4</duration>
        <type>13</type>
        <step>52</step>
      </extensions>
    </rtept>
    <rtept lat="46.310698" lon="13.954635">
      <name/>
      <desc>Keep right</desc>
      <extensions>
        <distance>857.8</distance>
        <duration>182.4</duration>
        <type>13</type>
        <step>52</step>
      </extensions>
    </rtept>
    <rtept lat="46.310564" lon="13.954692">
      <name/>
      <desc>Keep right</desc>
      <extensions>
        <distance>857.8</distance>
        <duration>182.4</duration>
        <type>13</type>
        <step>52</step>
      </extensions>
    </rtept>
    <rtept lat="46.310524" lon="13.954683">
      <name/>
      <desc>Keep right</desc>
      <extensions>
        <distance>857.8</distance>
        <duration>182.4</duration>
        <type>13</type>
        <step>52</step>
      </extensions>
    </rtept>
    <rtept lat="46.310455" lon="13.95453">
      <name/>
      <desc>Keep right</desc>
      <extensions>
        <distance>857.8</distance>
        <duration>182.4</duration>
        <type>13</type>
        <step>52</step>
      </extensions>
    </rtept>
    <rtept lat="46.310542" lon="13.954178">
      <name/>
      <desc>Keep right</desc>
      <extensions>
        <distance>857.8</distance>
        <duration>182.4</duration>
        <type>13</type>
        <step>52</step>
      </extensions>
    </rtept>
    <rtept lat="46.310723" lon="13.953762">
      <name/>
      <desc>Keep right</desc>
      <extensions>
        <distance>857.8</distance>
        <duration>182.4</duration>
        <type>13</type>
        <step>52</step>
      </extensions>
    </rtept>
    <rtept lat="46.310742" lon="13.953573">
      <name/>
      <desc>Keep right</desc>
      <extensions>
        <distance>857.8</distance>
        <duration>182.4</duration>
        <type>13</type>
        <step>52</step>
      </extensions>
    </rtept>
    <rtept lat="46.31088" lon="13.953303">
      <name/>
      <desc>Keep right</desc>
      <extensions>
        <distance>857.8</distance>
        <duration>182.4</duration>
        <type>13</type>
        <step>52</step>
      </extensions>
    </rtept>
    <rtept lat="46.310885" lon="13.952895">
      <name/>
      <desc>Keep right</desc>
      <extensions>
        <distance>857.8</distance>
        <duration>182.4</duration>
        <type>13</type>
        <step>52</step>
      </extensions>
    </rtept>
    <rtept lat="46.310968" lon="13.952663">
      <name/>
      <desc>Keep right</desc>
      <extensions>
        <distance>857.8</distance>
        <duration>182.4</duration>
        <type>13</type>
        <step>52</step>
      </extensions>
    </rtept>
    <rtept lat="46.310982" lon="13.95257">
      <name/>
      <desc>Keep right</desc>
      <extensions>
        <distance>857.8</distance>
        <duration>182.4</duration>
        <type>13</type>
        <step>52</step>
      </extensions>
    </rtept>
    <rtept lat="46.310995" lon="13.952019">
      <name/>
      <desc>Turn slight left</desc>
      <extensions>
        <distance>845.8</distance>
        <duration>190.3</duration>
        <type>4</type>
        <step>53</step>
      </extensions>
    </rtept>
    <rtept lat="46.31086" lon="13.951749">
      <name/>
      <desc>Turn slight left</desc>
      <extensions>
        <distance>845.8</distance>
        <duration>190.3</duration>
        <type>4</type>
        <step>53</step>
      </extensions>
    </rtept>
    <rtept lat="46.310747" lon="13.951322">
      <name/>
      <desc>Turn slight left</desc>
      <extensions>
        <distance>845.8</distance>
        <duration>190.3</duration>
        <type>4</type>
        <step>53</step>
      </extensions>
    </rtept>
    <rtept lat="46.310654" lon="13.950809">
      <name/>
      <desc>Turn slight left</desc>
      <extensions>
        <distance>845.8</distance>
        <duration>190.3</duration>
        <type>4</type>
        <step>53</step>
      </extensions>
    </rtept>
    <rtept lat="46.3105" lon="13.950578">
      <name/>
      <desc>Turn slight left</desc>
      <extensions>
        <distance>845.8</distance>
        <duration>190.3</duration>
        <type>4</type>
        <step>53</step>
      </extensions>
    </rtept>
    <rtept lat="46.310477" lon="13.950318">
      <name/>
      <desc>Turn slight left</desc>
      <extensions>
        <distance>845.8</distance>
        <duration>190.3</duration>
        <type>4</type>
        <step>53</step>
      </extensions>
    </rtept>
    <rtept lat="46.310542" lon="13.950139">
      <name/>
      <desc>Turn slight left</desc>
      <extensions>
        <distance>845.8</distance>
        <duration>190.3</duration>
        <type>4</type>
        <step>53</step>
      </extensions>
    </rtept>
    <rtept lat="46.310526" lon="13.949877">
      <name/>
      <desc>Turn slight left</desc>
      <extensions>
        <distance>845.8</distance>
        <duration>190.3</duration>
        <type>4</type>
        <step>53</step>
      </extensions>
    </rtept>
    <rtept lat="46.310576" lon="13.949346">
      <name/>
      <desc>Turn slight left</desc>
      <extensions>
        <distance>845.8</distance>
        <duration>190.3</duration>
        <type>4</type>
        <step>53</step>
      </extensions>
    </rtept>
    <rtept lat="46.3105" lon="13.949001">
      <name/>
      <desc>Turn slight left</desc>
      <extensions>
        <distance>845.8</distance>
        <duration>190.3</duration>
        <type>4</type>
        <step>53</step>
      </extensions>
    </rtept>
    <rtept lat="46.310361" lon="13.948817">
      <name/>
      <desc>Turn slight left</desc>
      <extensions>
        <distance>845.8</distance>
        <duration>190.3</duration>
        <type>4</type>
        <step>53</step>
      </extensions>
    </rtept>
    <rtept lat="46.310161" lon="13.948597">
      <name/>
      <desc>Turn slight left</desc>
      <extensions>
        <distance>845.8</distance>
        <duration>190.3</duration>
        <type>4</type>
        <step>53</step>
      </extensions>
    </rtept>
    <rtept lat="46.309744" lon="13.948603">
      <name/>
      <desc>Turn slight left</desc>
      <extensions>
        <distance>845.8</distance>
        <duration>190.3</duration>
        <type>4</type>
        <step>53</step>
      </extensions>
    </rtept>
    <rtept lat="46.309568" lon="13.948407">
      <name/>
      <desc>Turn slight left</desc>
      <extensions>
        <distance>845.8</distance>
        <duration>190.3</duration>
        <type>4</type>
        <step>53</step>
      </extensions>
    </rtept>
    <rtept lat="46.309398" lon="13.948324">
      <name/>
      <desc>Turn slight left</desc>
      <extensions>
        <distance>845.8</distance>
        <duration>190.3</duration>
        <type>4</type>
        <step>53</step>
      </extensions>
    </rtept>
    <rtept lat="46.309231" lon="13.948367">
      <name/>
      <desc>Turn slight left</desc>
      <extensions>
        <distance>845.8</distance>
        <duration>190.3</duration>
        <type>4</type>
        <step>53</step>
      </extensions>
    </rtept>
    <rtept lat="46.30912" lon="13.948208">
      <name/>
      <desc>Turn slight left</desc>
      <extensions>
        <distance>845.8</distance>
        <duration>190.3</duration>
        <type>4</type>
        <step>53</step>
      </extensions>
    </rtept>
    <rtept lat="46.308949" lon="13.948107">
      <name/>
      <desc>Turn slight left</desc>
      <extensions>
        <distance>845.8</distance>
        <duration>190.3</duration>
        <type>4</type>
        <step>53</step>
      </extensions>
    </rtept>
    <rtept lat="46.30871" lon="13.948096">
      <name/>
      <desc>Turn slight left</desc>
      <extensions>
        <distance>845.8</distance>
        <duration>190.3</duration>
        <type>4</type>
        <step>53</step>
      </extensions>
    </rtept>
    <rtept lat="46.308546" lon="13.948061">
      <name/>
      <desc>Turn slight left</desc>
      <extensions>
        <distance>845.8</distance>
        <duration>190.3</duration>
        <type>4</type>
        <step>53</step>
      </extensions>
    </rtept>
    <rtept lat="46.307964" lon="13.947508">
      <name/>
      <desc>Turn slight left</desc>
      <extensions>
        <distance>845.8</distance>
        <duration>190.3</duration>
        <type>4</type>
        <step>53</step>
      </extensions>
    </rtept>
    <rtept lat="46.307821" lon="13.947425">
      <name/>
      <desc>Turn slight left</desc>
      <extensions>
        <distance>845.8</distance>
        <duration>190.3</duration>
        <type>4</type>
        <step>53</step>
      </extensions>
    </rtept>
    <rtept lat="46.307667" lon="13.947296">
      <name/>
      <desc>Turn slight left</desc>
      <extensions>
        <distance>845.8</distance>
        <duration>190.3</duration>
        <type>4</type>
        <step>53</step>
      </extensions>
    </rtept>
    <rtept lat="46.30758" lon="13.94717">
      <name/>
      <desc>Turn slight left</desc>
      <extensions>
        <distance>845.8</distance>
        <duration>190.3</duration>
        <type>4</type>
        <step>53</step>
      </extensions>
    </rtept>
    <rtept lat="46.307441" lon="13.947031">
      <name/>
      <desc>Turn slight left</desc>
      <extensions>
        <distance>845.8</distance>
        <duration>190.3</duration>
        <type>4</type>
        <step>53</step>
      </extensions>
    </rtept>
    <rtept lat="46.307273" lon="13.9469">
      <name/>
      <desc>Turn slight left</desc>
      <extensions>
        <distance>845.8</distance>
        <duration>190.3</duration>
        <type>4</type>
        <step>53</step>
      </extensions>
    </rtept>
    <rtept lat="46.30691" lon="13.9469">
      <name/>
      <desc>Turn slight left</desc>
      <extensions>
        <distance>845.8</distance>
        <duration>190.3</duration>
        <type>4</type>
        <step>53</step>
      </extensions>
    </rtept>
    <rtept lat="46.306744" lon="13.946757">
      <name/>
      <desc>Turn slight left</desc>
      <extensions>
        <distance>845.8</distance>
        <duration>190.3</duration>
        <type>4</type>
        <step>53</step>
      </extensions>
    </rtept>
    <rtept lat="46.306624" lon="13.946602">
      <name/>
      <desc>Turn slight left</desc>
      <extensions>
        <distance>845.8</distance>
        <duration>190.3</duration>
        <type>4</type>
        <step>53</step>
      </extensions>
    </rtept>
    <rtept lat="46.306415" lon="13.94623">
      <name/>
      <desc>Turn slight left</desc>
      <extensions>
        <distance>845.8</distance>
        <duration>190.3</duration>
        <type>4</type>
        <step>53</step>
      </extensions>
    </rtept>
    <rtept lat="46.306363" lon="13.946062">
      <name/>
      <desc>Turn slight left</desc>
      <extensions>
        <distance>845.8</distance>
        <duration>190.3</duration>
        <type>4</type>
        <step>53</step>
      </extensions>
    </rtept>
    <rtept lat="46.306295" lon="13.94536">
      <name/>
      <desc>Turn left</desc>
      <extensions>
        <distance>198.5</distance>
        <duration>59.5</duration>
        <type>0</type>
        <step>54</step>
      </extensions>
    </rtept>
    <rtept lat="46.305956" lon="13.94526">
      <name/>
      <desc>Turn left</desc>
      <extensions>
        <distance>198.5</distance>
        <duration>59.5</duration>
        <type>0</type>
        <step>54</step>
      </extensions>
    </rtept>
    <rtept lat="46.305817" lon="13.94472">
      <name/>
      <desc>Turn left</desc>
      <extensions>
        <distance>198.5</distance>
        <duration>59.5</duration>
        <type>0</type>
        <step>54</step>
      </extensions>
    </rtept>
    <rtept lat="46.305901" lon="13.944398">
      <name/>
      <desc>Turn left</desc>
      <extensions>
        <distance>198.5</distance>
        <duration>59.5</duration>
        <type>0</type>
        <step>54</step>
      </extensions>
    </rtept>
    <rtept lat="46.30596" lon="13.943805">
      <name/>
      <desc>Turn left</desc>
      <extensions>
        <distance>198.5</distance>
        <duration>59.5</duration>
        <type>0</type>
        <step>54</step>
      </extensions>
    </rtept>
    <rtept lat="46.305916" lon="13.943607">
      <name/>
      <desc>Turn left</desc>
      <extensions>
        <distance>198.5</distance>
        <duration>59.5</duration>
        <type>0</type>
        <step>54</step>
      </extensions>
    </rtept>
    <rtept lat="46.305896" lon="13.943426">
      <name/>
      <desc>Turn left</desc>
      <extensions>
        <distance>198.5</distance>
        <duration>59.5</duration>
        <type>0</type>
        <step>54</step>
      </extensions>
    </rtept>
    <rtept lat="46.305844" lon="13.943271">
      <name/>
      <desc>Keep right</desc>
      <extensions>
        <distance>1019.2</distance>
        <duration>305.8</duration>
        <type>13</type>
        <step>55</step>
      </extensions>
    </rtept>
    <rtept lat="46.305788" lon="13.943062">
      <name/>
      <desc>Keep right</desc>
      <extensions>
        <distance>1019.2</distance>
        <duration>305.8</duration>
        <type>13</type>
        <step>55</step>
      </extensions>
    </rtept>
    <rtept lat="46.305807" lon="13.942736">
      <name/>
      <desc>Keep right</desc>
      <extensions>
        <distance>1019.2</distance>
        <duration>305.8</duration>
        <type>13</type>
        <step>55</step>
      </extensions>
    </rtept>
    <rtept lat="46.305782" lon="13.942582">
      <name/>
      <desc>Keep right</desc>
      <extensions>
        <distance>1019.2</distance>
        <duration>305.8</duration>
        <type>13</type>
        <step>55</step>
      </extensions>
    </rtept>
    <rtept lat="46.305699" lon="13.942342">
      <name/>
      <desc>Keep right</desc>
      <extensions>
        <distance>1019.2</distance>
        <duration>305.8</duration>
        <type>13</type>
        <step>55</step>
      </extensions>
    </rtept>
    <rtept lat="46.305672" lon="13.942219">
      <name/>
      <desc>Keep right</desc>
      <extensions>
        <distance>1019.2</distance>
        <duration>305.8</duration>
        <type>13</type>
        <step>55</step>
      </extensions>
    </rtept>
    <rtept lat="46.305686" lon="13.94196">
      <name/>
      <desc>Keep right</desc>
      <extensions>
        <distance>1019.2</distance>
        <duration>305.8</duration>
        <type>13</type>
        <step>55</step>
      </extensions>
    </rtept>
    <rtept lat="46.305761" lon="13.941748">
      <name/>
      <desc>Keep right</desc>
      <extensions>
        <distance>1019.2</distance>
        <duration>305.8</duration>
        <type>13</type>
        <step>55</step>
      </extensions>
    </rtept>
    <rtept lat="46.305916" lon="13.941507">
      <name/>
      <desc>Keep right</desc>
      <extensions>
        <distance>1019.2</distance>
        <duration>305.8</duration>
        <type>13</type>
        <step>55</step>
      </extensions>
    </rtept>
    <rtept lat="46.306069" lon="13.941062">
      <name/>
      <desc>Keep right</desc>
      <extensions>
        <distance>1019.2</distance>
        <duration>305.8</duration>
        <type>13</type>
        <step>55</step>
      </extensions>
    </rtept>
    <rtept lat="46.306258" lon="13.940716">
      <name/>
      <desc>Keep right</desc>
      <extensions>
        <distance>1019.2</distance>
        <duration>305.8</duration>
        <type>13</type>
        <step>55</step>
      </extensions>
    </rtept>
    <rtept lat="46.306212" lon="13.940508">
      <name/>
      <desc>Keep right</desc>
      <extensions>
        <distance>1019.2</distance>
        <duration>305.8</duration>
        <type>13</type>
        <step>55</step>
      </extensions>
    </rtept>
    <rtept lat="46.306099" lon="13.940416">
      <name/>
      <desc>Keep right</desc>
      <extensions>
        <distance>1019.2</distance>
        <duration>305.8</duration>
        <type>13</type>
        <step>55</step>
      </extensions>
    </rtept>
    <rtept lat="46.306068" lon="13.940185">
      <name/>
      <desc>Keep right</desc>
      <extensions>
        <distance>1019.2</distance>
        <duration>305.8</duration>
        <type>13</type>
        <step>55</step>
      </extensions>
    </rtept>
    <rtept lat="46.305968" lon="13.939965">
      <name/>
      <desc>Keep right</desc>
      <extensions>
        <distance>1019.2</distance>
        <duration>305.8</duration>
        <type>13</type>
        <step>55</step>
      </extensions>
    </rtept>
    <rtept lat="46.305813" lon="13.939865">
      <name/>
      <desc>Keep right</desc>
      <extensions>
        <distance>1019.2</distance>
        <duration>305.8</duration>
        <type>13</type>
        <step>55</step>
      </extensions>
    </rtept>
    <rtept lat="46.30562" lon="13.939773">
      <name/>
      <desc>Keep right</desc>
      <extensions>
        <distance>1019.2</distance>
        <duration>305.8</duration>
        <type>13</type>
        <step>55</step>
      </extensions>
    </rtept>
    <rtept lat="46.305502" lon="13.939815">
      <name/>
      <desc>Keep right</desc>
      <extensions>
        <distance>1019.2</distance>
        <duration>305.8</duration>
        <type>13</type>
        <step>55</step>
      </extensions>
    </rtept>
    <rtept lat="46.305224" lon="13.940033">
      <name/>
      <desc>Keep right</desc>
      <extensions>
        <distance>1019.2</distance>
        <duration>305.8</duration>
        <type>13</type>
        <step>55</step>
      </extensions>
    </rtept>
    <rtept lat="46.305126" lon="13.940054">
      <name/>
      <desc>Keep right</desc>
      <extensions>
        <distance>1019.2</distance>
        <duration>305.8</duration>
        <type>13</type>
        <step>55</step>
      </extensions>
    </rtept>
    <rtept lat="46.305059" lon="13.939965">
      <name/>
      <desc>Keep right</desc>
      <extensions>
        <distance>1019.2</distance>
        <duration>305.8</duration>
        <type>13</type>
        <step>55</step>
      </extensions>
    </rtept>
    <rtept lat="46.30498" lon="13.939525">
      <name/>
      <desc>Keep right</desc>
      <extensions>
        <distance>1019.2</distance>
        <duration>305.8</duration>
        <type>13</type>
        <step>55</step>
      </extensions>
    </rtept>
    <rtept lat="46.304875" lon="13.939287">
      <name/>
      <desc>Keep right</desc>
      <extensions>
        <distance>1019.2</distance>
        <duration>305.8</duration>
        <type>13</type>
        <step>55</step>
      </extensions>
    </rtept>
    <rtept lat="46.304759" lon="13.939162">
      <name/>
      <desc>Keep right</desc>
      <extensions>
        <distance>1019.2</distance>
        <duration>305.8</duration>
        <type>13</type>
        <step>55</step>
      </extensions>
    </rtept>
    <rtept lat="46.304632" lon="13.938947">
      <name/>
      <desc>Keep right</desc>
      <extensions>
        <distance>1019.2</distance>
        <duration>305.8</duration>
        <type>13</type>
        <step>55</step>
      </extensions>
    </rtept>
    <rtept lat="46.304547" lon="13.938721">
      <name/>
      <desc>Keep right</desc>
      <extensions>
        <distance>1019.2</distance>
        <duration>305.8</duration>
        <type>13</type>
        <step>55</step>
      </extensions>
    </rtept>
    <rtept lat="46.304254" lon="13.938431">
      <name/>
      <desc>Keep right</desc>
      <extensions>
        <distance>1019.2</distance>
        <duration>305.8</duration>
        <type>13</type>
        <step>55</step>
      </extensions>
    </rtept>
    <rtept lat="46.304242" lon="13.938276">
      <name/>
      <desc>Keep right</desc>
      <extensions>
        <distance>1019.2</distance>
        <duration>305.8</duration>
        <type>13</type>
        <step>55</step>
      </extensions>
    </rtept>
    <rtept lat="46.304377" lon="13.937796">
      <name/>
      <desc>Keep right</desc>
      <extensions>
        <distance>1019.2</distance>
        <duration>305.8</duration>
        <type>13</type>
        <step>55</step>
      </extensions>
    </rtept>
    <rtept lat="46.304183" lon="13.937134">
      <name/>
      <desc>Keep right</desc>
      <extensions>
        <distance>1019.2</distance>
        <duration>305.8</duration>
        <type>13</type>
        <step>55</step>
      </extensions>
    </rtept>
    <rtept lat="46.304164" lon="13.936906">
      <name/>
      <desc>Keep right</desc>
      <extensions>
        <distance>1019.2</distance>
        <duration>305.8</duration>
        <type>13</type>
        <step>55</step>
      </extensions>
    </rtept>
    <rtept lat="46.304265" lon="13.93668">
      <name/>
      <desc>Keep right</desc>
      <extensions>
        <distance>1019.2</distance>
        <duration>305.8</duration>
        <type>13</type>
        <step>55</step>
      </extensions>
    </rtept>
    <rtept lat="46.304285" lon="13.936381">
      <name/>
      <desc>Keep right</desc>
      <extensions>
        <distance>1019.2</distance>
        <duration>305.8</duration>
        <type>13</type>
        <step>55</step>
      </extensions>
    </rtept>
    <rtept lat="46.304221" lon="13.936105">
      <name/>
      <desc>Keep right</desc>
      <extensions>
        <distance>1019.2</distance>
        <duration>305.8</duration>
        <type>13</type>
        <step>55</step>
      </extensions>
    </rtept>
    <rtept lat="46.30411" lon="13.935896">
      <name/>
      <desc>Keep right</desc>
      <extensions>
        <distance>1019.2</distance>
        <duration>305.8</duration>
        <type>13</type>
        <step>55</step>
      </extensions>
    </rtept>
    <rtept lat="46.303992" lon="13.935764">
      <name/>
      <desc>Keep right</desc>
      <extensions>
        <distance>1019.2</distance>
        <duration>305.8</duration>
        <type>13</type>
        <step>55</step>
      </extensions>
    </rtept>
    <rtept lat="46.303719" lon="13.935691">
      <name/>
      <desc>Keep right</desc>
      <extensions>
        <distance>1019.2</distance>
        <duration>305.8</duration>
        <type>13</type>
        <step>55</step>
      </extensions>
    </rtept>
    <rtept lat="46.303616" lon="13.935609">
      <name/>
      <desc>Keep right</desc>
      <extensions>
        <distance>1019.2</distance>
        <duration>305.8</duration>
        <type>13</type>
        <step>55</step>
      </extensions>
    </rtept>
    <rtept lat="46.303512" lon="13.935448">
      <name/>
      <desc>Keep right</desc>
      <extensions>
        <distance>1019.2</distance>
        <duration>305.8</duration>
        <type>13</type>
        <step>55</step>
      </extensions>
    </rtept>
    <rtept lat="46.303506" lon="13.934892">
      <name/>
      <desc>Keep right</desc>
      <extensions>
        <distance>1019.2</distance>
        <duration>305.8</duration>
        <type>13</type>
        <step>55</step>
      </extensions>
    </rtept>
    <rtept lat="46.303431" lon="13.934504">
      <name/>
      <desc>Keep right</desc>
      <extensions>
        <distance>1019.2</distance>
        <duration>305.8</duration>
        <type>13</type>
        <step>55</step>
      </extensions>
    </rtept>
    <rtept lat="46.303431" lon="13.934112">
      <name/>
      <desc>Keep right</desc>
      <extensions>
        <distance>1019.2</distance>
        <duration>305.8</duration>
        <type>13</type>
        <step>55</step>
      </extensions>
    </rtept>
    <rtept lat="46.303327" lon="13.933865">
      <name/>
      <desc>Keep right</desc>
      <extensions>
        <distance>1019.2</distance>
        <duration>305.8</duration>
        <type>13</type>
        <step>55</step>
      </extensions>
    </rtept>
    <rtept lat="46.303288" lon="13.933548">
      <name/>
      <desc>Keep right</desc>
      <extensions>
        <distance>1019.2</distance>
        <duration>305.8</duration>
        <type>13</type>
        <step>55</step>
      </extensions>
    </rtept>
    <rtept lat="46.303348" lon="13.933233">
      <name/>
      <desc>Turn slight right</desc>
      <extensions>
        <distance>18.5</distance>
        <duration>3.7</duration>
        <type>5</type>
        <step>56</step>
      </extensions>
    </rtept>
    <rtept lat="46.303447" lon="13.93304">
      <name/>
      <desc>Turn left</desc>
      <extensions>
        <distance>580.8</distance>
        <duration>116.2</duration>
        <type>0</type>
        <step>57</step>
      </extensions>
    </rtept>
    <rtept lat="46.303379" lon="13.932932">
      <name/>
      <desc>Turn left</desc>
      <extensions>
        <distance>580.8</distance>
        <duration>116.2</duration>
        <type>0</type>
        <step>57</step>
      </extensions>
    </rtept>
    <rtept lat="46.303326" lon="13.932767">
      <name/>
      <desc>Turn left</desc>
      <extensions>
        <distance>580.8</distance>
        <duration>116.2</duration>
        <type>0</type>
        <step>57</step>
      </extensions>
    </rtept>
    <rtept lat="46.303243" lon="13.932365">
      <name/>
      <desc>Turn left</desc>
      <extensions>
        <distance>580.8</distance>
        <duration>116.2</duration>
        <type>0</type>
        <step>57</step>
      </extensions>
    </rtept>
    <rtept lat="46.303081" lon="13.932108">
      <name/>
      <desc>Turn left</desc>
      <extensions>
        <distance>580.8</distance>
        <duration>116.2</duration>
        <type>0</type>
        <step>57</step>
      </extensions>
    </rtept>
    <rtept lat="46.303092" lon="13.93203">
      <name/>
      <desc>Turn left</desc>
      <extensions>
        <distance>580.8</distance>
        <duration>116.2</duration>
        <type>0</type>
        <step>57</step>
      </extensions>
    </rtept>
    <rtept lat="46.303161" lon="13.931996">
      <name/>
      <desc>Turn left</desc>
      <extensions>
        <distance>580.8</distance>
        <duration>116.2</duration>
        <type>0</type>
        <step>57</step>
      </extensions>
    </rtept>
    <rtept lat="46.303362" lon="13.932038">
      <name/>
      <desc>Turn left</desc>
      <extensions>
        <distance>580.8</distance>
        <duration>116.2</duration>
        <type>0</type>
        <step>57</step>
      </extensions>
    </rtept>
    <rtept lat="46.303437" lon="13.931978">
      <name/>
      <desc>Turn left</desc>
      <extensions>
        <distance>580.8</distance>
        <duration>116.2</duration>
        <type>0</type>
        <step>57</step>
      </extensions>
    </rtept>
    <rtept lat="46.303454" lon="13.931866">
      <name/>
      <desc>Turn left</desc>
      <extensions>
        <distance>580.8</distance>
        <duration>116.2</duration>
        <type>0</type>
        <step>57</step>
      </extensions>
    </rtept>
    <rtept lat="46.303402" lon="13.931744">
      <name/>
      <desc>Turn left</desc>
      <extensions>
        <distance>580.8</distance>
        <duration>116.2</duration>
        <type>0</type>
        <step>57</step>
      </extensions>
    </rtept>
    <rtept lat="46.303095" lon="13.931321">
      <name/>
      <desc>Turn left</desc>
      <extensions>
        <distance>580.8</distance>
        <duration>116.2</duration>
        <type>0</type>
        <step>57</step>
      </extensions>
    </rtept>
    <rtept lat="46.302964" lon="13.931029">
      <name/>
      <desc>Turn left</desc>
      <extensions>
        <distance>580.8</distance>
        <duration>116.2</duration>
        <type>0</type>
        <step>57</step>
      </extensions>
    </rtept>
    <rtept lat="46.302908" lon="13.930841">
      <name/>
      <desc>Turn left</desc>
      <extensions>
        <distance>580.8</distance>
        <duration>116.2</duration>
        <type>0</type>
        <step>57</step>
      </extensions>
    </rtept>
    <rtept lat="46.302783" lon="13.930745">
      <name/>
      <desc>Turn left</desc>
      <extensions>
        <distance>580.8</distance>
        <duration>116.2</duration>
        <type>0</type>
        <step>57</step>
      </extensions>
    </rtept>
    <rtept lat="46.302721" lon="13.9306">
      <name/>
      <desc>Turn left</desc>
      <extensions>
        <distance>580.8</distance>
        <duration>116.2</duration>
        <type>0</type>
        <step>57</step>
      </extensions>
    </rtept>
    <rtept lat="46.302547" lon="13.929972">
      <name/>
      <desc>Turn left</desc>
      <extensions>
        <distance>580.8</distance>
        <duration>116.2</duration>
        <type>0</type>
        <step>57</step>
      </extensions>
    </rtept>
    <rtept lat="46.302366" lon="13.929852">
      <name/>
      <desc>Turn left</desc>
      <extensions>
        <distance>580.8</distance>
        <duration>116.2</duration>
        <type>0</type>
        <step>57</step>
      </extensions>
    </rtept>
    <rtept lat="46.301951" lon="13.929672">
      <name/>
      <desc>Turn left</desc>
      <extensions>
        <distance>580.8</distance>
        <duration>116.2</duration>
        <type>0</type>
        <step>57</step>
      </extensions>
    </rtept>
    <rtept lat="46.301866" lon="13.929449">
      <name/>
      <desc>Turn left</desc>
      <extensions>
        <distance>580.8</distance>
        <duration>116.2</duration>
        <type>0</type>
        <step>57</step>
      </extensions>
    </rtept>
    <rtept lat="46.301686" lon="13.929528">
      <name/>
      <desc>Turn left</desc>
      <extensions>
        <distance>580.8</distance>
        <duration>116.2</duration>
        <type>0</type>
        <step>57</step>
      </extensions>
    </rtept>
    <rtept lat="46.301579" lon="13.929371">
      <name/>
      <desc>Turn left</desc>
      <extensions>
        <distance>580.8</distance>
        <duration>116.2</duration>
        <type>0</type>
        <step>57</step>
      </extensions>
    </rtept>
    <rtept lat="46.30153" lon="13.929266">
      <name/>
      <desc>Turn left</desc>
      <extensions>
        <distance>580.8</distance>
        <duration>116.2</duration>
        <type>0</type>
        <step>57</step>
      </extensions>
    </rtept>
    <rtept lat="46.301417" lon="13.929244">
      <name/>
      <desc>Turn left</desc>
      <extensions>
        <distance>580.8</distance>
        <duration>116.2</duration>
        <type>0</type>
        <step>57</step>
      </extensions>
    </rtept>
    <rtept lat="46.301329" lon="13.928907">
      <name/>
      <desc>Turn left</desc>
      <extensions>
        <distance>580.8</distance>
        <duration>116.2</duration>
        <type>0</type>
        <step>57</step>
      </extensions>
    </rtept>
    <rtept lat="46.301258" lon="13.92882">
      <name/>
      <desc>Turn left</desc>
      <extensions>
        <distance>580.8</distance>
        <duration>116.2</duration>
        <type>0</type>
        <step>57</step>
      </extensions>
    </rtept>
    <rtept lat="46.301153" lon="13.928817">
      <name/>
      <desc>Turn left</desc>
      <extensions>
        <distance>580.8</distance>
        <duration>116.2</duration>
        <type>0</type>
        <step>57</step>
      </extensions>
    </rtept>
    <rtept lat="46.301027" lon="13.928755">
      <name/>
      <desc>Turn left</desc>
      <extensions>
        <distance>580.8</distance>
        <duration>116.2</duration>
        <type>0</type>
        <step>57</step>
      </extensions>
    </rtept>
    <rtept lat="46.300924" lon="13.928639">
      <name/>
      <desc>Turn left</desc>
      <extensions>
        <distance>580.8</distance>
        <duration>116.2</duration>
        <type>0</type>
        <step>57</step>
      </extensions>
    </rtept>
    <rtept lat="46.300821" lon="13.928266">
      <name/>
      <desc>Turn right</desc>
      <extensions>
        <distance>517.2</distance>
        <duration>103.4</duration>
        <type>1</type>
        <step>58</step>
      </extensions>
    </rtept>
    <rtept lat="46.300908" lon="13.928044">
      <name/>
      <desc>Turn right</desc>
      <extensions>
        <distance>517.2</distance>
        <duration>103.4</duration>
        <type>1</type>
        <step>58</step>
      </extensions>
    </rtept>
    <rtept lat="46.300787" lon="13.927845">
      <name/>
      <desc>Turn right</desc>
      <extensions>
        <distance>517.2</distance>
        <duration>103.4</duration>
        <type>1</type>
        <step>58</step>
      </extensions>
    </rtept>
    <rtept lat="46.300708" lon="13.927609">
      <name/>
      <desc>Turn right</desc>
      <extensions>
        <distance>517.2</distance>
        <duration>103.4</duration>
        <type>1</type>
        <step>58</step>
      </extensions>
    </rtept>
    <rtept lat="46.30075" lon="13.927437">
      <name/>
      <desc>Turn right</desc>
      <extensions>
        <distance>517.2</distance>
        <duration>103.4</duration>
        <type>1</type>
        <step>58</step>
      </extensions>
    </rtept>
    <rtept lat="46.30088" lon="13.927282">
      <name/>
      <desc>Turn right</desc>
      <extensions>
        <distance>517.2</distance>
        <duration>103.4</duration>
        <type>1</type>
        <step>58</step>
      </extensions>
    </rtept>
    <rtept lat="46.300672" lon="13.927121">
      <name/>
      <desc>Turn right</desc>
      <extensions>
        <distance>517.2</distance>
        <duration>103.4</duration>
        <type>1</type>
        <step>58</step>
      </extensions>
    </rtept>
    <rtept lat="46.300654" lon="13.926981">
      <name/>
      <desc>Turn right</desc>
      <extensions>
        <distance>517.2</distance>
        <duration>103.4</duration>
        <type>1</type>
        <step>58</step>
      </extensions>
    </rtept>
    <rtept lat="46.300682" lon="13.926882">
      <name/>
      <desc>Turn right</desc>
      <extensions>
        <distance>517.2</distance>
        <duration>103.4</duration>
        <type>1</type>
        <step>58</step>
      </extensions>
    </rtept>
    <rtept lat="46.300552" lon="13.926732">
      <name/>
      <desc>Turn right</desc>
      <extensions>
        <distance>517.2</distance>
        <duration>103.4</duration>
        <type>1</type>
        <step>58</step>
      </extensions>
    </rtept>
    <rtept lat="46.300345" lon="13.92668">
      <name/>
      <desc>Turn right</desc>
      <extensions>
        <distance>517.2</distance>
        <duration>103.4</duration>
        <type>1</type>
        <step>58</step>
      </extensions>
    </rtept>
    <rtept lat="46.300271" lon="13.926614">
      <name/>
      <desc>Turn right</desc>
      <extensions>
        <distance>517.2</distance>
        <duration>103.4</duration>
        <type>1</type>
        <step>58</step>
      </extensions>
    </rtept>
    <rtept lat="46.300181" lon="13.926488">
      <name/>
      <desc>Turn right</desc>
      <extensions>
        <distance>517.2</distance>
        <duration>103.4</duration>
        <type>1</type>
        <step>58</step>
      </extensions>
    </rtept>
    <rtept lat="46.300049" lon="13.926252">
      <name/>
      <desc>Turn right</desc>
      <extensions>
        <distance>517.2</distance>
        <duration>103.4</duration>
        <type>1</type>
        <step>58</step>
      </extensions>
    </rtept>
    <rtept lat="46.300002" lon="13.926008">
      <name/>
      <desc>Turn right</desc>
      <extensions>
        <distance>517.2</distance>
        <duration>103.4</duration>
        <type>1</type>
        <step>58</step>
      </extensions>
    </rtept>
    <rtept lat="46.299982" lon="13.925757">
      <name/>
      <desc>Turn right</desc>
      <extensions>
        <distance>517.2</distance>
        <duration>103.4</duration>
        <type>1</type>
        <step>58</step>
      </extensions>
    </rtept>
    <rtept lat="46.30001" lon="13.925576">
      <name/>
      <desc>Turn right</desc>
      <extensions>
        <distance>517.2</distance>
        <duration>103.4</duration>
        <type>1</type>
        <step>58</step>
      </extensions>
    </rtept>
    <rtept lat="46.300099" lon="13.925444">
      <name/>
      <desc>Turn right</desc>
      <extensions>
        <distance>517.2</distance>
        <duration>103.4</duration>
        <type>1</type>
        <step>58</step>
      </extensions>
    </rtept>
    <rtept lat="46.30007" lon="13.925233">
      <name/>
      <desc>Turn right</desc>
      <extensions>
        <distance>517.2</distance>
        <duration>103.4</duration>
        <type>1</type>
        <step>58</step>
      </extensions>
    </rtept>
    <rtept lat="46.299954" lon="13.925088">
      <name/>
      <desc>Turn right</desc>
      <extensions>
        <distance>517.2</distance>
        <duration>103.4</duration>
        <type>1</type>
        <step>58</step>
      </extensions>
    </rtept>
    <rtept lat="46.29994" lon="13.92484">
      <name/>
      <desc>Turn right</desc>
      <extensions>
        <distance>517.2</distance>
        <duration>103.4</duration>
        <type>1</type>
        <step>58</step>
      </extensions>
    </rtept>
    <rtept lat="46.29999" lon="13.924655">
      <name/>
      <desc>Turn right</desc>
      <extensions>
        <distance>517.2</distance>
        <duration>103.4</duration>
        <type>1</type>
        <step>58</step>
      </extensions>
    </rtept>
    <rtept lat="46.300059" lon="13.924547">
      <name/>
      <desc>Turn right</desc>
      <extensions>
        <distance>517.2</distance>
        <duration>103.4</duration>
        <type>1</type>
        <step>58</step>
      </extensions>
    </rtept>
    <rtept lat="46.299952" lon="13.924534">
      <name/>
      <desc>Turn right</desc>
      <extensions>
        <distance>517.2</distance>
        <duration>103.4</duration>
        <type>1</type>
        <step>58</step>
      </extensions>
    </rtept>
    <rtept lat="46.299876" lon="13.924636">
      <name/>
      <desc>Turn right</desc>
      <extensions>
        <distance>517.2</distance>
        <duration>103.4</duration>
        <type>1</type>
        <step>58</step>
      </extensions>
    </rtept>
    <rtept lat="46.299728" lon="13.924585">
      <name/>
      <desc>Turn right</desc>
      <extensions>
        <distance>517.2</distance>
        <duration>103.4</duration>
        <type>1</type>
        <step>58</step>
      </extensions>
    </rtept>
    <rtept lat="46.299621" lon="13.924604">
      <name/>
      <desc>Turn right</desc>
      <extensions>
        <distance>517.2</distance>
        <duration>103.4</duration>
        <type>1</type>
        <step>58</step>
      </extensions>
    </rtept>
    <rtept lat="46.299544" lon="13.924741">
      <name/>
      <desc>Turn right</desc>
      <extensions>
        <distance>517.2</distance>
        <duration>103.4</duration>
        <type>1</type>
        <step>58</step>
      </extensions>
    </rtept>
    <rtept lat="46.299449" lon="13.925001">
      <name/>
      <desc>Turn right</desc>
      <extensions>
        <distance>517.2</distance>
        <duration>103.4</duration>
        <type>1</type>
        <step>58</step>
      </extensions>
    </rtept>
    <rtept lat="46.299369" lon="13.925133">
      <name/>
      <desc>Turn right</desc>
      <extensions>
        <distance>517.2</distance>
        <duration>103.4</duration>
        <type>1</type>
        <step>58</step>
      </extensions>
    </rtept>
    <rtept lat="46.299266" lon="13.925169">
      <name/>
      <desc>Turn right</desc>
      <extensions>
        <distance>517.2</distance>
        <duration>103.4</duration>
        <type>1</type>
        <step>58</step>
      </extensions>
    </rtept>
    <rtept lat="46.29918" lon="13.925227">
      <name/>
      <desc>Turn right</desc>
      <extensions>
        <distance>517.2</distance>
        <duration>103.4</duration>
        <type>1</type>
        <step>58</step>
      </extensions>
    </rtept>
    <rtept lat="46.299006" lon="13.925247">
      <name>Srednja vas v Bohinju</name>
      <desc>Turn slight left onto Srednja vas v Bohinju</desc>
      <extensions>
        <distance>150.0</distance>
        <duration>30.0</duration>
        <type>4</type>
        <step>59</step>
      </extensions>
    </rtept>
    <rtept lat="46.298874" lon="13.925367">
      <name>Srednja vas v Bohinju</name>
      <desc>Turn slight left onto Srednja vas v Bohinju</desc>
      <extensions>
        <distance>150.0</distance>
        <duration>30.0</duration>
        <type>4</type>
        <step>59</step>
      </extensions>
    </rtept>
    <rtept lat="46.298737" lon="13.925457">
      <name>Srednja vas v Bohinju</name>
      <desc>Turn slight left onto Srednja vas v Bohinju</desc>
      <extensions>
        <distance>150.0</distance>
        <duration>30.0</duration>
        <type>4</type>
        <step>59</step>
      </extensions>
    </rtept>
    <rtept lat="46.298585" lon="13.925496">
      <name>Srednja vas v Bohinju</name>
      <desc>Turn slight left onto Srednja vas v Bohinju</desc>
      <extensions>
        <distance>150.0</distance>
        <duration>30.0</duration>
        <type>4</type>
        <step>59</step>
      </extensions>
    </rtept>
    <rtept lat="46.29837" lon="13.925441">
      <name>Srednja vas v Bohinju</name>
      <desc>Turn slight left onto Srednja vas v Bohinju</desc>
      <extensions>
        <distance>150.0</distance>
        <duration>30.0</duration>
        <type>4</type>
        <step>59</step>
      </extensions>
    </rtept>
    <rtept lat="46.298239" lon="13.925323">
      <name>Srednja vas v Bohinju</name>
      <desc>Turn slight left onto Srednja vas v Bohinju</desc>
      <extensions>
        <distance>150.0</distance>
        <duration>30.0</duration>
        <type>4</type>
        <step>59</step>
      </extensions>
    </rtept>
    <rtept lat="46.298131" lon="13.925352">
      <name>Srednja vas v Bohinju</name>
      <desc>Turn slight left onto Srednja vas v Bohinju</desc>
      <extensions>
        <distance>150.0</distance>
        <duration>30.0</duration>
        <type>4</type>
        <step>59</step>
      </extensions>
    </rtept>
    <rtept lat="46.297746" lon="13.925537">
      <name>Srednja vas v Bohinju</name>
      <desc>Turn right onto Srednja vas v Bohinju</desc>
      <extensions>
        <distance>72.6</distance>
        <duration>14.5</duration>
        <type>1</type>
        <step>60</step>
      </extensions>
    </rtept>
    <rtept lat="46.297516" lon="13.925308">
      <name>Srednja vas v Bohinju</name>
      <desc>Turn right onto Srednja vas v Bohinju</desc>
      <extensions>
        <distance>72.6</distance>
        <duration>14.5</duration>
        <type>1</type>
        <step>60</step>
      </extensions>
    </rtept>
    <rtept lat="46.297381" lon="13.925265">
      <name>Srednja vas v Bohinju</name>
      <desc>Turn right onto Srednja vas v Bohinju</desc>
      <extensions>
        <distance>72.6</distance>
        <duration>14.5</duration>
        <type>1</type>
        <step>60</step>
      </extensions>
    </rtept>
    <rtept lat="46.297259" lon="13.925195">
      <name>Srednja vas v Bohinju</name>
      <desc>Turn right onto Srednja vas v Bohinju</desc>
      <extensions>
        <distance>72.6</distance>
        <duration>14.5</duration>
        <type>1</type>
        <step>60</step>
      </extensions>
    </rtept>
    <rtept lat="46.297174" lon="13.925107">
      <name>Srednja vas v Bohinju, 633</name>
      <desc>Continue straight onto Srednja vas v Bohinju, 633</desc>
      <extensions>
        <distance>2567.1</distance>
        <duration>513.4</duration>
        <type>6</type>
        <step>61</step>
      </extensions>
    </rtept>
    <rtept lat="46.29707" lon="13.924971">
      <name>Srednja vas v Bohinju, 633</name>
      <desc>Continue straight onto Srednja vas v Bohinju, 633</desc>
      <extensions>
        <distance>2567.1</distance>
        <duration>513.4</duration>
        <type>6</type>
        <step>61</step>
      </extensions>
    </rtept>
    <rtept lat="46.29698" lon="13.924792">
      <name>Srednja vas v Bohinju, 633</name>
      <desc>Continue straight onto Srednja vas v Bohinju, 633</desc>
      <extensions>
        <distance>2567.1</distance>
        <duration>513.4</duration>
        <type>6</type>
        <step>61</step>
      </extensions>
    </rtept>
    <rtept lat="46.296606" lon="13.924167">
      <name>Srednja vas v Bohinju, 633</name>
      <desc>Continue straight onto Srednja vas v Bohinju, 633</desc>
      <extensions>
        <distance>2567.1</distance>
        <duration>513.4</duration>
        <type>6</type>
        <step>61</step>
      </extensions>
    </rtept>
    <rtept lat="46.296577" lon="13.924091">
      <name>Srednja vas v Bohinju, 633</name>
      <desc>Continue straight onto Srednja vas v Bohinju, 633</desc>
      <extensions>
        <distance>2567.1</distance>
        <duration>513.4</duration>
        <type>6</type>
        <step>61</step>
      </extensions>
    </rtept>
    <rtept lat="46.296559" lon="13.923979">
      <name>Srednja vas v Bohinju, 633</name>
      <desc>Continue straight onto Srednja vas v Bohinju, 633</desc>
      <extensions>
        <distance>2567.1</distance>
        <duration>513.4</duration>
        <type>6</type>
        <step>61</step>
      </extensions>
    </rtept>
    <rtept lat="46.296554" lon="13.92354">
      <name>Srednja vas v Bohinju, 633</name>
      <desc>Continue straight onto Srednja vas v Bohinju, 633</desc>
      <extensions>
        <distance>2567.1</distance>
        <duration>513.4</duration>
        <type>6</type>
        <step>61</step>
      </extensions>
    </rtept>
    <rtept lat="46.296546" lon="13.923463">
      <name>Srednja vas v Bohinju, 633</name>
      <desc>Continue straight onto Srednja vas v Bohinju, 633</desc>
      <extensions>
        <distance>2567.1</distance>
        <duration>513.4</duration>
        <type>6</type>
        <step>61</step>
      </extensions>
    </rtept>
    <rtept lat="46.296419" lon="13.922967">
      <name>Srednja vas v Bohinju, 633</name>
      <desc>Continue straight onto Srednja vas v Bohinju, 633</desc>
      <extensions>
        <distance>2567.1</distance>
        <duration>513.4</duration>
        <type>6</type>
        <step>61</step>
      </extensions>
    </rtept>
    <rtept lat="46.296306" lon="13.922494">
      <name>Srednja vas v Bohinju, 633</name>
      <desc>Continue straight onto Srednja vas v Bohinju, 633</desc>
      <extensions>
        <distance>2567.1</distance>
        <duration>513.4</duration>
        <type>6</type>
        <step>61</step>
      </extensions>
    </rtept>
    <rtept lat="46.296059" lon="13.921667">
      <name>Srednja vas v Bohinju, 633</name>
      <desc>Continue straight onto Srednja vas v Bohinju, 633</desc>
      <extensions>
        <distance>2567.1</distance>
        <duration>513.4</duration>
        <type>6</type>
        <step>61</step>
      </extensions>
    </rtept>
    <rtept lat="46.295733" lon="13.920956">
      <name>Srednja vas v Bohinju, 633</name>
      <desc>Continue straight onto Srednja vas v Bohinju, 633</desc>
      <extensions>
        <distance>2567.1</distance>
        <duration>513.4</duration>
        <type>6</type>
        <step>61</step>
      </extensions>
    </rtept>
    <rtept lat="46.295443" lon="13.920405">
      <name>Srednja vas v Bohinju, 633</name>
      <desc>Continue straight onto Srednja vas v Bohinju, 633</desc>
      <extensions>
        <distance>2567.1</distance>
        <duration>513.4</duration>
        <type>6</type>
        <step>61</step>
      </extensions>
    </rtept>
    <rtept lat="46.294825" lon="13.919356">
      <name>Srednja vas v Bohinju, 633</name>
      <desc>Continue straight onto Srednja vas v Bohinju, 633</desc>
      <extensions>
        <distance>2567.1</distance>
        <duration>513.4</duration>
        <type>6</type>
        <step>61</step>
      </extensions>
    </rtept>
    <rtept lat="46.294607" lon="13.919086">
      <name>Srednja vas v Bohinju, 633</name>
      <desc>Continue straight onto Srednja vas v Bohinju, 633</desc>
      <extensions>
        <distance>2567.1</distance>
        <duration>513.4</duration>
        <type>6</type>
        <step>61</step>
      </extensions>
    </rtept>
    <rtept lat="46.294429" lon="13.918912">
      <name>Srednja vas v Bohinju, 633</name>
      <desc>Continue straight onto Srednja vas v Bohinju, 633</desc>
      <extensions>
        <distance>2567.1</distance>
        <duration>513.4</duration>
        <type>6</type>
        <step>61</step>
      </extensions>
    </rtept>
    <rtept lat="46.294108" lon="13.918645">
      <name>Srednja vas v Bohinju, 633</name>
      <desc>Continue straight onto Srednja vas v Bohinju, 633</desc>
      <extensions>
        <distance>2567.1</distance>
        <duration>513.4</duration>
        <type>6</type>
        <step>61</step>
      </extensions>
    </rtept>
    <rtept lat="46.294034" lon="13.918582">
      <name>Srednja vas v Bohinju, 633</name>
      <desc>Continue straight onto Srednja vas v Bohinju, 633</desc>
      <extensions>
        <distance>2567.1</distance>
        <duration>513.4</duration>
        <type>6</type>
        <step>61</step>
      </extensions>
    </rtept>
    <rtept lat="46.293893" lon="13.918465">
      <name>Srednja vas v Bohinju, 633</name>
      <desc>Continue straight onto Srednja vas v Bohinju, 633</desc>
      <extensions>
        <distance>2567.1</distance>
        <duration>513.4</duration>
        <type>6</type>
        <step>61</step>
      </extensions>
    </rtept>
    <rtept lat="46.293513" lon="13.918054">
      <name>Srednja vas v Bohinju, 633</name>
      <desc>Continue straight onto Srednja vas v Bohinju, 633</desc>
      <extensions>
        <distance>2567.1</distance>
        <duration>513.4</duration>
        <type>6</type>
        <step>61</step>
      </extensions>
    </rtept>
    <rtept lat="46.293327" lon="13.917688">
      <name>Srednja vas v Bohinju, 633</name>
      <desc>Continue straight onto Srednja vas v Bohinju, 633</desc>
      <extensions>
        <distance>2567.1</distance>
        <duration>513.4</duration>
        <type>6</type>
        <step>61</step>
      </extensions>
    </rtept>
    <rtept lat="46.293042" lon="13.916956">
      <name>Srednja vas v Bohinju, 633</name>
      <desc>Continue straight onto Srednja vas v Bohinju, 633</desc>
      <extensions>
        <distance>2567.1</distance>
        <duration>513.4</duration>
        <type>6</type>
        <step>61</step>
      </extensions>
    </rtept>
    <rtept lat="46.292921" lon="13.916697">
      <name>Srednja vas v Bohinju, 633</name>
      <desc>Continue straight onto Srednja vas v Bohinju, 633</desc>
      <extensions>
        <distance>2567.1</distance>
        <duration>513.4</duration>
        <type>6</type>
        <step>61</step>
      </extensions>
    </rtept>
    <rtept lat="46.292843" lon="13.916576">
      <name>Srednja vas v Bohinju, 633</name>
      <desc>Continue straight onto Srednja vas v Bohinju, 633</desc>
      <extensions>
        <distance>2567.1</distance>
        <duration>513.4</duration>
        <type>6</type>
        <step>61</step>
      </extensions>
    </rtept>
    <rtept lat="46.292719" lon="13.916431">
      <name>Srednja vas v Bohinju, 633</name>
      <desc>Continue straight onto Srednja vas v Bohinju, 633</desc>
      <extensions>
        <distance>2567.1</distance>
        <duration>513.4</duration>
        <type>6</type>
        <step>61</step>
      </extensions>
    </rtept>
    <rtept lat="46.2923" lon="13.916036">
      <name>Srednja vas v Bohinju, 633</name>
      <desc>Continue straight onto Srednja vas v Bohinju, 633</desc>
      <extensions>
        <distance>2567.1</distance>
        <duration>513.4</duration>
        <type>6</type>
        <step>61</step>
      </extensions>
    </rtept>
    <rtept lat="46.292234" lon="13.915945">
      <name>Srednja vas v Bohinju, 633</name>
      <desc>Continue straight onto Srednja vas v Bohinju, 633</desc>
      <extensions>
        <distance>2567.1</distance>
        <duration>513.4</duration>
        <type>6</type>
        <step>61</step>
      </extensions>
    </rtept>
    <rtept lat="46.292155" lon="13.915788">
      <name>Srednja vas v Bohinju, 633</name>
      <desc>Continue straight onto Srednja vas v Bohinju, 633</desc>
      <extensions>
        <distance>2567.1</distance>
        <duration>513.4</duration>
        <type>6</type>
        <step>61</step>
      </extensions>
    </rtept>
    <rtept lat="46.292073" lon="13.91552">
      <name>Srednja vas v Bohinju, 633</name>
      <desc>Continue straight onto Srednja vas v Bohinju, 633</desc>
      <extensions>
        <distance>2567.1</distance>
        <duration>513.4</duration>
        <type>6</type>
        <step>61</step>
      </extensions>
    </rtept>
    <rtept lat="46.292052" lon="13.9153">
      <name>Srednja vas v Bohinju, 633</name>
      <desc>Continue straight onto Srednja vas v Bohinju, 633</desc>
      <extensions>
        <distance>2567.1</distance>
        <duration>513.4</duration>
        <type>6</type>
        <step>61</step>
      </extensions>
    </rtept>
    <rtept lat="46.292088" lon="13.9145">
      <name>Srednja vas v Bohinju, 633</name>
      <desc>Continue straight onto Srednja vas v Bohinju, 633</desc>
      <extensions>
        <distance>2567.1</distance>
        <duration>513.4</duration>
        <type>6</type>
        <step>61</step>
      </extensions>
    </rtept>
    <rtept lat="46.292085" lon="13.914377">
      <name>Srednja vas v Bohinju, 633</name>
      <desc>Continue straight onto Srednja vas v Bohinju, 633</desc>
      <extensions>
        <distance>2567.1</distance>
        <duration>513.4</duration>
        <type>6</type>
        <step>61</step>
      </extensions>
    </rtept>
    <rtept lat="46.29206" lon="13.914257">
      <name>Srednja vas v Bohinju, 633</name>
      <desc>Continue straight onto Srednja vas v Bohinju, 633</desc>
      <extensions>
        <distance>2567.1</distance>
        <duration>513.4</duration>
        <type>6</type>
        <step>61</step>
      </extensions>
    </rtept>
    <rtept lat="46.292001" lon="13.914157">
      <name>Srednja vas v Bohinju, 633</name>
      <desc>Continue straight onto Srednja vas v Bohinju, 633</desc>
      <extensions>
        <distance>2567.1</distance>
        <duration>513.4</duration>
        <type>6</type>
        <step>61</step>
      </extensions>
    </rtept>
    <rtept lat="46.291751" lon="13.913842">
      <name>Srednja vas v Bohinju, 633</name>
      <desc>Continue straight onto Srednja vas v Bohinju, 633</desc>
      <extensions>
        <distance>2567.1</distance>
        <duration>513.4</duration>
        <type>6</type>
        <step>61</step>
      </extensions>
    </rtept>
    <rtept lat="46.291671" lon="13.913709">
      <name>Srednja vas v Bohinju, 633</name>
      <desc>Continue straight onto Srednja vas v Bohinju, 633</desc>
      <extensions>
        <distance>2567.1</distance>
        <duration>513.4</duration>
        <type>6</type>
        <step>61</step>
      </extensions>
    </rtept>
    <rtept lat="46.291145" lon="13.912528">
      <name>Srednja vas v Bohinju, 633</name>
      <desc>Continue straight onto Srednja vas v Bohinju, 633</desc>
      <extensions>
        <distance>2567.1</distance>
        <duration>513.4</duration>
        <type>6</type>
        <step>61</step>
      </extensions>
    </rtept>
    <rtept lat="46.291069" lon="13.912334">
      <name>Srednja vas v Bohinju, 633</name>
      <desc>Continue straight onto Srednja vas v Bohinju, 633</desc>
      <extensions>
        <distance>2567.1</distance>
        <duration>513.4</duration>
        <type>6</type>
        <step>61</step>
      </extensions>
    </rtept>
    <rtept lat="46.29098" lon="13.912036">
      <name>Srednja vas v Bohinju, 633</name>
      <desc>Continue straight onto Srednja vas v Bohinju, 633</desc>
      <extensions>
        <distance>2567.1</distance>
        <duration>513.4</duration>
        <type>6</type>
        <step>61</step>
      </extensions>
    </rtept>
    <rtept lat="46.290927" lon="13.911742">
      <name>Srednja vas v Bohinju, 633</name>
      <desc>Continue straight onto Srednja vas v Bohinju, 633</desc>
      <extensions>
        <distance>2567.1</distance>
        <duration>513.4</duration>
        <type>6</type>
        <step>61</step>
      </extensions>
    </rtept>
    <rtept lat="46.290913" lon="13.911556">
      <name>Srednja vas v Bohinju, 633</name>
      <desc>Continue straight onto Srednja vas v Bohinju, 633</desc>
      <extensions>
        <distance>2567.1</distance>
        <duration>513.4</duration>
        <type>6</type>
        <step>61</step>
      </extensions>
    </rtept>
    <rtept lat="46.290911" lon="13.910955">
      <name>Srednja vas v Bohinju, 633</name>
      <desc>Continue straight onto Srednja vas v Bohinju, 633</desc>
      <extensions>
        <distance>2567.1</distance>
        <duration>513.4</duration>
        <type>6</type>
        <step>61</step>
      </extensions>
    </rtept>
    <rtept lat="46.290853" lon="13.910524">
      <name>Srednja vas v Bohinju, 633</name>
      <desc>Continue straight onto Srednja vas v Bohinju, 633</desc>
      <extensions>
        <distance>2567.1</distance>
        <duration>513.4</duration>
        <type>6</type>
        <step>61</step>
      </extensions>
    </rtept>
    <rtept lat="46.29085" lon="13.910391">
      <name>Srednja vas v Bohinju, 633</name>
      <desc>Continue straight onto Srednja vas v Bohinju, 633</desc>
      <extensions>
        <distance>2567.1</distance>
        <duration>513.4</duration>
        <type>6</type>
        <step>61</step>
      </extensions>
    </rtept>
    <rtept lat="46.290886" lon="13.910102">
      <name>Srednja vas v Bohinju, 633</name>
      <desc>Continue straight onto Srednja vas v Bohinju, 633</desc>
      <extensions>
        <distance>2567.1</distance>
        <duration>513.4</duration>
        <type>6</type>
        <step>61</step>
      </extensions>
    </rtept>
    <rtept lat="46.291051" lon="13.909471">
      <name>Srednja vas v Bohinju, 633</name>
      <desc>Continue straight onto Srednja vas v Bohinju, 633</desc>
      <extensions>
        <distance>2567.1</distance>
        <duration>513.4</duration>
        <type>6</type>
        <step>61</step>
      </extensions>
    </rtept>
    <rtept lat="46.291387" lon="13.908487">
      <name>Srednja vas v Bohinju, 633</name>
      <desc>Continue straight onto Srednja vas v Bohinju, 633</desc>
      <extensions>
        <distance>2567.1</distance>
        <duration>513.4</duration>
        <type>6</type>
        <step>61</step>
      </extensions>
    </rtept>
    <rtept lat="46.291425" lon="13.908299">
      <name>Srednja vas v Bohinju, 633</name>
      <desc>Continue straight onto Srednja vas v Bohinju, 633</desc>
      <extensions>
        <distance>2567.1</distance>
        <duration>513.4</duration>
        <type>6</type>
        <step>61</step>
      </extensions>
    </rtept>
    <rtept lat="46.291455" lon="13.908045">
      <name>Srednja vas v Bohinju, 633</name>
      <desc>Continue straight onto Srednja vas v Bohinju, 633</desc>
      <extensions>
        <distance>2567.1</distance>
        <duration>513.4</duration>
        <type>6</type>
        <step>61</step>
      </extensions>
    </rtept>
    <rtept lat="46.291473" lon="13.907656">
      <name>Srednja vas v Bohinju, 633</name>
      <desc>Continue straight onto Srednja vas v Bohinju, 633</desc>
      <extensions>
        <distance>2567.1</distance>
        <duration>513.4</duration>
        <type>6</type>
        <step>61</step>
      </extensions>
    </rtept>
    <rtept lat="46.291457" lon="13.907396">
      <name>Srednja vas v Bohinju, 633</name>
      <desc>Continue straight onto Srednja vas v Bohinju, 633</desc>
      <extensions>
        <distance>2567.1</distance>
        <duration>513.4</duration>
        <type>6</type>
        <step>61</step>
      </extensions>
    </rtept>
    <rtept lat="46.291359" lon="13.906701">
      <name>Srednja vas v Bohinju, 633</name>
      <desc>Continue straight onto Srednja vas v Bohinju, 633</desc>
      <extensions>
        <distance>2567.1</distance>
        <duration>513.4</duration>
        <type>6</type>
        <step>61</step>
      </extensions>
    </rtept>
    <rtept lat="46.291287" lon="13.906449">
      <name>Srednja vas v Bohinju, 633</name>
      <desc>Continue straight onto Srednja vas v Bohinju, 633</desc>
      <extensions>
        <distance>2567.1</distance>
        <duration>513.4</duration>
        <type>6</type>
        <step>61</step>
      </extensions>
    </rtept>
    <rtept lat="46.291218" lon="13.906328">
      <name>Srednja vas v Bohinju, 633</name>
      <desc>Continue straight onto Srednja vas v Bohinju, 633</desc>
      <extensions>
        <distance>2567.1</distance>
        <duration>513.4</duration>
        <type>6</type>
        <step>61</step>
      </extensions>
    </rtept>
    <rtept lat="46.29088" lon="13.906034">
      <name>Srednja vas v Bohinju, 633</name>
      <desc>Continue straight onto Srednja vas v Bohinju, 633</desc>
      <extensions>
        <distance>2567.1</distance>
        <duration>513.4</duration>
        <type>6</type>
        <step>61</step>
      </extensions>
    </rtept>
    <rtept lat="46.290785" lon="13.905865">
      <name>Srednja vas v Bohinju, 633</name>
      <desc>Continue straight onto Srednja vas v Bohinju, 633</desc>
      <extensions>
        <distance>2567.1</distance>
        <duration>513.4</duration>
        <type>6</type>
        <step>61</step>
      </extensions>
    </rtept>
    <rtept lat="46.290751" lon="13.905747">
      <name>Srednja vas v Bohinju, 633</name>
      <desc>Continue straight onto Srednja vas v Bohinju, 633</desc>
      <extensions>
        <distance>2567.1</distance>
        <duration>513.4</duration>
        <type>6</type>
        <step>61</step>
      </extensions>
    </rtept>
    <rtept lat="46.290648" lon="13.904607">
      <name>Srednja vas v Bohinju, 633</name>
      <desc>Continue straight onto Srednja vas v Bohinju, 633</desc>
      <extensions>
        <distance>2567.1</distance>
        <duration>513.4</duration>
        <type>6</type>
        <step>61</step>
      </extensions>
    </rtept>
    <rtept lat="46.290394" lon="13.903262">
      <name>Srednja vas v Bohinju, 633</name>
      <desc>Continue straight onto Srednja vas v Bohinju, 633</desc>
      <extensions>
        <distance>2567.1</distance>
        <duration>513.4</duration>
        <type>6</type>
        <step>61</step>
      </extensions>
    </rtept>
    <rtept lat="46.290202" lon="13.902351">
      <name>Srednja vas v Bohinju, 633</name>
      <desc>Continue straight onto Srednja vas v Bohinju, 633</desc>
      <extensions>
        <distance>2567.1</distance>
        <duration>513.4</duration>
        <type>6</type>
        <step>61</step>
      </extensions>
    </rtept>
    <rtept lat="46.290013" lon="13.901542">
      <name>Srednja vas v Bohinju, 633</name>
      <desc>Continue straight onto Srednja vas v Bohinju, 633</desc>
      <extensions>
        <distance>2567.1</distance>
        <duration>513.4</duration>
        <type>6</type>
        <step>61</step>
      </extensions>
    </rtept>
    <rtept lat="46.289945" lon="13.901133">
      <name>Srednja vas v Bohinju, 633</name>
      <desc>Continue straight onto Srednja vas v Bohinju, 633</desc>
      <extensions>
        <distance>2567.1</distance>
        <duration>513.4</duration>
        <type>6</type>
        <step>61</step>
      </extensions>
    </rtept>
    <rtept lat="46.289881" lon="13.900304">
      <name>Srednja vas v Bohinju, 633</name>
      <desc>Continue straight onto Srednja vas v Bohinju, 633</desc>
      <extensions>
        <distance>2567.1</distance>
        <duration>513.4</duration>
        <type>6</type>
        <step>61</step>
      </extensions>
    </rtept>
    <rtept lat="46.289845" lon="13.899644">
      <name>Srednja vas v Bohinju, 633</name>
      <desc>Continue straight onto Srednja vas v Bohinju, 633</desc>
      <extensions>
        <distance>2567.1</distance>
        <duration>513.4</duration>
        <type>6</type>
        <step>61</step>
      </extensions>
    </rtept>
    <rtept lat="46.28984" lon="13.89912">
      <name>Srednja vas v Bohinju, 633</name>
      <desc>Continue straight onto Srednja vas v Bohinju, 633</desc>
      <extensions>
        <distance>2567.1</distance>
        <duration>513.4</duration>
        <type>6</type>
        <step>61</step>
      </extensions>
    </rtept>
    <rtept lat="46.289859" lon="13.898944">
      <name>Srednja vas v Bohinju, 633</name>
      <desc>Continue straight onto Srednja vas v Bohinju, 633</desc>
      <extensions>
        <distance>2567.1</distance>
        <duration>513.4</duration>
        <type>6</type>
        <step>61</step>
      </extensions>
    </rtept>
    <rtept lat="46.289961" lon="13.898534">
      <name>Srednja vas v Bohinju, 633</name>
      <desc>Continue straight onto Srednja vas v Bohinju, 633</desc>
      <extensions>
        <distance>2567.1</distance>
        <duration>513.4</duration>
        <type>6</type>
        <step>61</step>
      </extensions>
    </rtept>
    <rtept lat="46.289966" lon="13.898368">
      <name>Srednja vas v Bohinju, 633</name>
      <desc>Continue straight onto Srednja vas v Bohinju, 633</desc>
      <extensions>
        <distance>2567.1</distance>
        <duration>513.4</duration>
        <type>6</type>
        <step>61</step>
      </extensions>
    </rtept>
    <rtept lat="46.289918" lon="13.89818">
      <name>Srednja vas v Bohinju, 633</name>
      <desc>Continue straight onto Srednja vas v Bohinju, 633</desc>
      <extensions>
        <distance>2567.1</distance>
        <duration>513.4</duration>
        <type>6</type>
        <step>61</step>
      </extensions>
    </rtept>
    <rtept lat="46.289494" lon="13.897424">
      <name>Srednja vas v Bohinju, 633</name>
      <desc>Continue straight onto Srednja vas v Bohinju, 633</desc>
      <extensions>
        <distance>2567.1</distance>
        <duration>513.4</duration>
        <type>6</type>
        <step>61</step>
      </extensions>
    </rtept>
    <rtept lat="46.289422" lon="13.897302">
      <name>Srednja vas v Bohinju, 633</name>
      <desc>Continue straight onto Srednja vas v Bohinju, 633</desc>
      <extensions>
        <distance>2567.1</distance>
        <duration>513.4</duration>
        <type>6</type>
        <step>61</step>
      </extensions>
    </rtept>
    <rtept lat="46.289318" lon="13.897134">
      <name>Srednja vas v Bohinju, 633</name>
      <desc>Continue straight onto Srednja vas v Bohinju, 633</desc>
      <extensions>
        <distance>2567.1</distance>
        <duration>513.4</duration>
        <type>6</type>
        <step>61</step>
      </extensions>
    </rtept>
    <rtept lat="46.289116" lon="13.896833">
      <name>Srednja vas v Bohinju, 633</name>
      <desc>Continue straight onto Srednja vas v Bohinju, 633</desc>
      <extensions>
        <distance>2567.1</distance>
        <duration>513.4</duration>
        <type>6</type>
        <step>61</step>
      </extensions>
    </rtept>
    <rtept lat="46.289052" lon="13.896717">
      <name>Srednja vas v Bohinju, 633</name>
      <desc>Continue straight onto Srednja vas v Bohinju, 633</desc>
      <extensions>
        <distance>2567.1</distance>
        <duration>513.4</duration>
        <type>6</type>
        <step>61</step>
      </extensions>
    </rtept>
    <rtept lat="46.288901" lon="13.896513">
      <name>Srednja vas v Bohinju, 633</name>
      <desc>Continue straight onto Srednja vas v Bohinju, 633</desc>
      <extensions>
        <distance>2567.1</distance>
        <duration>513.4</duration>
        <type>6</type>
        <step>61</step>
      </extensions>
    </rtept>
    <rtept lat="46.288885" lon="13.896491">
      <name/>
      <desc>Keep left</desc>
      <extensions>
        <distance>97.8</distance>
        <duration>19.6</duration>
        <type>12</type>
        <step>62</step>
      </extensions>
    </rtept>
    <rtept lat="46.288836" lon="13.896456">
      <name/>
      <desc>Keep left</desc>
      <extensions>
        <distance>97.8</distance>
        <duration>19.6</duration>
        <type>12</type>
        <step>62</step>
      </extensions>
    </rtept>
    <rtept lat="46.288736" lon="13.896385">
      <name/>
      <desc>Keep left</desc>
      <extensions>
        <distance>97.8</distance>
        <duration>19.6</duration>
        <type>12</type>
        <step>62</step>
      </extensions>
    </rtept>
    <rtept lat="46.288649" lon="13.896322">
      <name/>
      <desc>Keep left</desc>
      <extensions>
        <distance>97.8</distance>
        <duration>19.6</duration>
        <type>12</type>
        <step>62</step>
      </extensions>
    </rtept>
    <rtept lat="46.288631" lon="13.896322">
      <name/>
      <desc>Keep left</desc>
      <extensions>
        <distance>97.8</distance>
        <duration>19.6</duration>
        <type>12</type>
        <step>62</step>
      </extensions>
    </rtept>
    <rtept lat="46.288513" lon="13.896319">
      <name/>
      <desc>Keep left</desc>
      <extensions>
        <distance>97.8</distance>
        <duration>19.6</duration>
        <type>12</type>
        <step>62</step>
      </extensions>
    </rtept>
    <rtept lat="46.288266" lon="13.896224">
      <name/>
      <desc>Keep left</desc>
      <extensions>
        <distance>97.8</distance>
        <duration>19.6</duration>
        <type>12</type>
        <step>62</step>
      </extensions>
    </rtept>
    <rtept lat="46.288063" lon="13.896084">
      <name/>
      <desc>Turn sharp left</desc>
      <extensions>
        <distance>5.3</distance>
        <duration>1.4</duration>
        <type>2</type>
        <step>63</step>
      </extensions>
    </rtept>
    <rtept lat="46.288059" lon="13.896153">
      <name/>
      <desc>Turn right</desc>
      <extensions>
        <distance>27.1</distance>
        <duration>7.0</duration>
        <type>1</type>
        <step>64</step>
      </extensions>
    </rtept>
    <rtept lat="46.287837" lon="13.896295">
      <name/>
      <desc>Arrive at your destination, on the right</desc>
      <extensions>
        <distance>0.0</distance>
        <duration>0.0</duration>
        <type>10</type>
        <step>65</step>
      </extensions>
    </rtept>
    <extensions>
      <distance>27960.5</distance>
      <duration>5855.8</duration>
      <ascent>0.0</ascent>
      <descent>0.0</descent>
      <avgspeed>17.2</avgspeed>
      <bounds maxlat="46.375277" maxlon="14.114665" minlat="46.287837" minlon="13.896084"/>
    </extensions>
  </rte>
  <extensions>
    <attribution>openrouteservice.org | OpenStreetMap contributors</attribution>
    <engine>9.8.0</engine>
    <build_date>2026-03-30T12:24:04Z</build_date>
    <graph_date>2026-04-28T05:37:06Z</graph_date>
    <osm_date>2026-04-20T00:00:00Z</osm_date>
    <profile>cycling-mountain</profile>
    <language>en</language>
    <distance-units>m</distance-units>
    <instructions>true</instructions>
    <elevation>false</elevation>
  </extensions>
</gpx>
