<?xml version="1.0" ?>
<gpx xmlns="https://raw.githubusercontent.com/GIScience/openrouteservice-schema/main/gpx/v2/ors-gpx.xsd" version="1.1" creator="openrouteservice">
  <metadata>
    <name>openrouteservice directions</name>
    <desc>This is a directions instructions file as GPX, generated from openrouteservice</desc>
    <author>
      <name>openrouteservice</name>
      <email id="support" domain="openrouteservice.heigit.org"/>
      <link href="https://openrouteservice.org/">
        <text>https://openrouteservice.org/</text>
        <type>text/html</type>
      </link>
    </author>
    <copyright author="openrouteservice.org | OpenStreetMap contributors">
      <year>2026</year>
      <license>LGPL 3.0</license>
    </copyright>
    <time>2026-05-13T14:28:37.338Z</time>
    <bounds maxlat="46.492933" maxlon="13.787932" minlat="46.432667" minlon="13.711826"/>
    <extensions>
      <system-message/>
    </extensions>
  </metadata>
  <rte>
    <rtept lat="46.486567" lon="13.787637">
      <name>Ledine</name>
      <desc>Head south on Ledine</desc>
      <extensions>
        <distance>74.5</distance>
        <duration>14.9</duration>
        <type>11</type>
        <step>0</step>
      </extensions>
    </rtept>
    <rtept lat="46.486232" lon="13.787713">
      <name>Ledine</name>
      <desc>Head south on Ledine</desc>
      <extensions>
        <distance>74.5</distance>
        <duration>14.9</duration>
        <type>11</type>
        <step>0</step>
      </extensions>
    </rtept>
    <rtept lat="46.485909" lon="13.787818">
      <name>Ledine</name>
      <desc>Turn slight left onto Ledine</desc>
      <extensions>
        <distance>11.2</distance>
        <duration>2.2</duration>
        <type>4</type>
        <step>1</step>
      </extensions>
    </rtept>
    <rtept lat="46.485846" lon="13.787932">
      <name>Gasilska ulica</name>
      <desc>Turn right onto Gasilska ulica</desc>
      <extensions>
        <distance>31.5</distance>
        <duration>6.3</duration>
        <type>1</type>
        <step>2</step>
      </extensions>
    </rtept>
    <rtept lat="46.485734" lon="13.787895">
      <name>Gasilska ulica</name>
      <desc>Turn right onto Gasilska ulica</desc>
      <extensions>
        <distance>31.5</distance>
        <duration>6.3</duration>
        <type>1</type>
        <step>2</step>
      </extensions>
    </rtept>
    <rtept lat="46.485579" lon="13.787796">
      <name>Borovška cesta</name>
      <desc>Turn slight right onto Borovška cesta</desc>
      <extensions>
        <distance>62.0</distance>
        <duration>12.4</duration>
        <type>5</type>
        <step>3</step>
      </extensions>
    </rtept>
    <rtept lat="46.485449" lon="13.787543">
      <name>Borovška cesta</name>
      <desc>Turn slight right onto Borovška cesta</desc>
      <extensions>
        <distance>62.0</distance>
        <duration>12.4</duration>
        <type>5</type>
        <step>3</step>
      </extensions>
    </rtept>
    <rtept lat="46.485323" lon="13.787282">
      <name>Borovška cesta</name>
      <desc>Turn slight right onto Borovška cesta</desc>
      <extensions>
        <distance>62.0</distance>
        <duration>12.4</duration>
        <type>5</type>
        <step>3</step>
      </extensions>
    </rtept>
    <rtept lat="46.485248" lon="13.787145">
      <name>Borovška cesta</name>
      <desc>Continue straight onto Borovška cesta</desc>
      <extensions>
        <distance>316.5</distance>
        <duration>67.9</duration>
        <type>6</type>
        <step>4</step>
      </extensions>
    </rtept>
    <rtept lat="46.484953" lon="13.786492">
      <name>Borovška cesta</name>
      <desc>Continue straight onto Borovška cesta</desc>
      <extensions>
        <distance>316.5</distance>
        <duration>67.9</duration>
        <type>6</type>
        <step>4</step>
      </extensions>
    </rtept>
    <rtept lat="46.484696" lon="13.785991">
      <name>Borovška cesta</name>
      <desc>Continue straight onto Borovška cesta</desc>
      <extensions>
        <distance>316.5</distance>
        <duration>67.9</duration>
        <type>6</type>
        <step>4</step>
      </extensions>
    </rtept>
    <rtept lat="46.484548" lon="13.785743">
      <name>Borovška cesta</name>
      <desc>Continue straight onto Borovška cesta</desc>
      <extensions>
        <distance>316.5</distance>
        <duration>67.9</duration>
        <type>6</type>
        <step>4</step>
      </extensions>
    </rtept>
    <rtept lat="46.484502" lon="13.785661">
      <name>Borovška cesta</name>
      <desc>Continue straight onto Borovška cesta</desc>
      <extensions>
        <distance>316.5</distance>
        <duration>67.9</duration>
        <type>6</type>
        <step>4</step>
      </extensions>
    </rtept>
    <rtept lat="46.48444" lon="13.785401">
      <name>Borovška cesta</name>
      <desc>Continue straight onto Borovška cesta</desc>
      <extensions>
        <distance>316.5</distance>
        <duration>67.9</duration>
        <type>6</type>
        <step>4</step>
      </extensions>
    </rtept>
    <rtept lat="46.484401" lon="13.785264">
      <name>Borovška cesta</name>
      <desc>Continue straight onto Borovška cesta</desc>
      <extensions>
        <distance>316.5</distance>
        <duration>67.9</duration>
        <type>6</type>
        <step>4</step>
      </extensions>
    </rtept>
    <rtept lat="46.484337" lon="13.785127">
      <name>Borovška cesta</name>
      <desc>Continue straight onto Borovška cesta</desc>
      <extensions>
        <distance>316.5</distance>
        <duration>67.9</duration>
        <type>6</type>
        <step>4</step>
      </extensions>
    </rtept>
    <rtept lat="46.484242" lon="13.784909">
      <name>Borovška cesta</name>
      <desc>Continue straight onto Borovška cesta</desc>
      <extensions>
        <distance>316.5</distance>
        <duration>67.9</duration>
        <type>6</type>
        <step>4</step>
      </extensions>
    </rtept>
    <rtept lat="46.484202" lon="13.784811">
      <name>Borovška cesta</name>
      <desc>Continue straight onto Borovška cesta</desc>
      <extensions>
        <distance>316.5</distance>
        <duration>67.9</duration>
        <type>6</type>
        <step>4</step>
      </extensions>
    </rtept>
    <rtept lat="46.484186" lon="13.784657">
      <name>Borovška cesta</name>
      <desc>Continue straight onto Borovška cesta</desc>
      <extensions>
        <distance>316.5</distance>
        <duration>67.9</duration>
        <type>6</type>
        <step>4</step>
      </extensions>
    </rtept>
    <rtept lat="46.484212" lon="13.784397">
      <name>Borovška cesta</name>
      <desc>Continue straight onto Borovška cesta</desc>
      <extensions>
        <distance>316.5</distance>
        <duration>67.9</duration>
        <type>6</type>
        <step>4</step>
      </extensions>
    </rtept>
    <rtept lat="46.484258" lon="13.784198">
      <name>Borovška cesta</name>
      <desc>Continue straight onto Borovška cesta</desc>
      <extensions>
        <distance>316.5</distance>
        <duration>67.9</duration>
        <type>6</type>
        <step>4</step>
      </extensions>
    </rtept>
    <rtept lat="46.484311" lon="13.783992">
      <name>Borovška cesta</name>
      <desc>Continue straight onto Borovška cesta</desc>
      <extensions>
        <distance>316.5</distance>
        <duration>67.9</duration>
        <type>6</type>
        <step>4</step>
      </extensions>
    </rtept>
    <rtept lat="46.484374" lon="13.783744">
      <name>Borovška cesta</name>
      <desc>Continue straight onto Borovška cesta</desc>
      <extensions>
        <distance>316.5</distance>
        <duration>67.9</duration>
        <type>6</type>
        <step>4</step>
      </extensions>
    </rtept>
    <rtept lat="46.484381" lon="13.783601">
      <name>Borovška cesta</name>
      <desc>Continue straight onto Borovška cesta</desc>
      <extensions>
        <distance>316.5</distance>
        <duration>67.9</duration>
        <type>6</type>
        <step>4</step>
      </extensions>
    </rtept>
    <rtept lat="46.484366" lon="13.783526">
      <name>Borovška cesta</name>
      <desc>Turn right onto Borovška cesta</desc>
      <extensions>
        <distance>399.7</distance>
        <duration>79.9</duration>
        <type>1</type>
        <step>5</step>
      </extensions>
    </rtept>
    <rtept lat="46.484477" lon="13.783374">
      <name>Borovška cesta</name>
      <desc>Turn right onto Borovška cesta</desc>
      <extensions>
        <distance>399.7</distance>
        <duration>79.9</duration>
        <type>1</type>
        <step>5</step>
      </extensions>
    </rtept>
    <rtept lat="46.484592" lon="13.783062">
      <name>Borovška cesta</name>
      <desc>Turn right onto Borovška cesta</desc>
      <extensions>
        <distance>399.7</distance>
        <duration>79.9</duration>
        <type>1</type>
        <step>5</step>
      </extensions>
    </rtept>
    <rtept lat="46.484734" lon="13.78266">
      <name>Borovška cesta</name>
      <desc>Turn right onto Borovška cesta</desc>
      <extensions>
        <distance>399.7</distance>
        <duration>79.9</duration>
        <type>1</type>
        <step>5</step>
      </extensions>
    </rtept>
    <rtept lat="46.484771" lon="13.782407">
      <name>Borovška cesta</name>
      <desc>Turn right onto Borovška cesta</desc>
      <extensions>
        <distance>399.7</distance>
        <duration>79.9</duration>
        <type>1</type>
        <step>5</step>
      </extensions>
    </rtept>
    <rtept lat="46.484796" lon="13.782095">
      <name>Borovška cesta</name>
      <desc>Turn right onto Borovška cesta</desc>
      <extensions>
        <distance>399.7</distance>
        <duration>79.9</duration>
        <type>1</type>
        <step>5</step>
      </extensions>
    </rtept>
    <rtept lat="46.484821" lon="13.781127">
      <name>Borovška cesta</name>
      <desc>Turn right onto Borovška cesta</desc>
      <extensions>
        <distance>399.7</distance>
        <duration>79.9</duration>
        <type>1</type>
        <step>5</step>
      </extensions>
    </rtept>
    <rtept lat="46.48482" lon="13.781078">
      <name>Borovška cesta</name>
      <desc>Turn right onto Borovška cesta</desc>
      <extensions>
        <distance>399.7</distance>
        <duration>79.9</duration>
        <type>1</type>
        <step>5</step>
      </extensions>
    </rtept>
    <rtept lat="46.484845" lon="13.78062">
      <name>Borovška cesta</name>
      <desc>Turn right onto Borovška cesta</desc>
      <extensions>
        <distance>399.7</distance>
        <duration>79.9</duration>
        <type>1</type>
        <step>5</step>
      </extensions>
    </rtept>
    <rtept lat="46.484888" lon="13.780383">
      <name>Borovška cesta</name>
      <desc>Turn right onto Borovška cesta</desc>
      <extensions>
        <distance>399.7</distance>
        <duration>79.9</duration>
        <type>1</type>
        <step>5</step>
      </extensions>
    </rtept>
    <rtept lat="46.484992" lon="13.780107">
      <name>Borovška cesta</name>
      <desc>Turn right onto Borovška cesta</desc>
      <extensions>
        <distance>399.7</distance>
        <duration>79.9</duration>
        <type>1</type>
        <step>5</step>
      </extensions>
    </rtept>
    <rtept lat="46.485085" lon="13.779921">
      <name>Borovška cesta</name>
      <desc>Turn right onto Borovška cesta</desc>
      <extensions>
        <distance>399.7</distance>
        <duration>79.9</duration>
        <type>1</type>
        <step>5</step>
      </extensions>
    </rtept>
    <rtept lat="46.485229" lon="13.779574">
      <name>Borovška cesta</name>
      <desc>Turn right onto Borovška cesta</desc>
      <extensions>
        <distance>399.7</distance>
        <duration>79.9</duration>
        <type>1</type>
        <step>5</step>
      </extensions>
    </rtept>
    <rtept lat="46.48528" lon="13.7794">
      <name>Borovška cesta</name>
      <desc>Turn right onto Borovška cesta</desc>
      <extensions>
        <distance>399.7</distance>
        <duration>79.9</duration>
        <type>1</type>
        <step>5</step>
      </extensions>
    </rtept>
    <rtept lat="46.485308" lon="13.77931">
      <name>Borovška cesta</name>
      <desc>Turn right onto Borovška cesta</desc>
      <extensions>
        <distance>399.7</distance>
        <duration>79.9</duration>
        <type>1</type>
        <step>5</step>
      </extensions>
    </rtept>
    <rtept lat="46.485352" lon="13.779173">
      <name>Borovška cesta</name>
      <desc>Turn right onto Borovška cesta</desc>
      <extensions>
        <distance>399.7</distance>
        <duration>79.9</duration>
        <type>1</type>
        <step>5</step>
      </extensions>
    </rtept>
    <rtept lat="46.485424" lon="13.77895">
      <name>Borovška cesta</name>
      <desc>Turn right onto Borovška cesta</desc>
      <extensions>
        <distance>399.7</distance>
        <duration>79.9</duration>
        <type>1</type>
        <step>5</step>
      </extensions>
    </rtept>
    <rtept lat="46.485462" lon="13.77887">
      <name>Borovška cesta</name>
      <desc>Turn right onto Borovška cesta</desc>
      <extensions>
        <distance>399.7</distance>
        <duration>79.9</duration>
        <type>1</type>
        <step>5</step>
      </extensions>
    </rtept>
    <rtept lat="46.485556" lon="13.778775">
      <name>Borovška cesta</name>
      <desc>Keep left onto Borovška cesta</desc>
      <extensions>
        <distance>2002.5</distance>
        <duration>400.5</duration>
        <type>12</type>
        <step>6</step>
      </extensions>
    </rtept>
    <rtept lat="46.485589" lon="13.778658">
      <name>Borovška cesta</name>
      <desc>Keep left onto Borovška cesta</desc>
      <extensions>
        <distance>2002.5</distance>
        <duration>400.5</duration>
        <type>12</type>
        <step>6</step>
      </extensions>
    </rtept>
    <rtept lat="46.485654" lon="13.77852">
      <name>Borovška cesta</name>
      <desc>Keep left onto Borovška cesta</desc>
      <extensions>
        <distance>2002.5</distance>
        <duration>400.5</duration>
        <type>12</type>
        <step>6</step>
      </extensions>
    </rtept>
    <rtept lat="46.486051" lon="13.777709">
      <name>Borovška cesta</name>
      <desc>Keep left onto Borovška cesta</desc>
      <extensions>
        <distance>2002.5</distance>
        <duration>400.5</duration>
        <type>12</type>
        <step>6</step>
      </extensions>
    </rtept>
    <rtept lat="46.486151" lon="13.777546">
      <name>Borovška cesta</name>
      <desc>Keep left onto Borovška cesta</desc>
      <extensions>
        <distance>2002.5</distance>
        <duration>400.5</duration>
        <type>12</type>
        <step>6</step>
      </extensions>
    </rtept>
    <rtept lat="46.48638" lon="13.777194">
      <name>Borovška cesta</name>
      <desc>Keep left onto Borovška cesta</desc>
      <extensions>
        <distance>2002.5</distance>
        <duration>400.5</duration>
        <type>12</type>
        <step>6</step>
      </extensions>
    </rtept>
    <rtept lat="46.486391" lon="13.777177">
      <name>Borovška cesta</name>
      <desc>Keep left onto Borovška cesta</desc>
      <extensions>
        <distance>2002.5</distance>
        <duration>400.5</duration>
        <type>12</type>
        <step>6</step>
      </extensions>
    </rtept>
    <rtept lat="46.486576" lon="13.776872">
      <name>Borovška cesta</name>
      <desc>Keep left onto Borovška cesta</desc>
      <extensions>
        <distance>2002.5</distance>
        <duration>400.5</duration>
        <type>12</type>
        <step>6</step>
      </extensions>
    </rtept>
    <rtept lat="46.486659" lon="13.776689">
      <name>Borovška cesta</name>
      <desc>Keep left onto Borovška cesta</desc>
      <extensions>
        <distance>2002.5</distance>
        <duration>400.5</duration>
        <type>12</type>
        <step>6</step>
      </extensions>
    </rtept>
    <rtept lat="46.486919" lon="13.775918">
      <name>Borovška cesta</name>
      <desc>Keep left onto Borovška cesta</desc>
      <extensions>
        <distance>2002.5</distance>
        <duration>400.5</duration>
        <type>12</type>
        <step>6</step>
      </extensions>
    </rtept>
    <rtept lat="46.486994" lon="13.775723">
      <name>Borovška cesta</name>
      <desc>Keep left onto Borovška cesta</desc>
      <extensions>
        <distance>2002.5</distance>
        <duration>400.5</duration>
        <type>12</type>
        <step>6</step>
      </extensions>
    </rtept>
    <rtept lat="46.487187" lon="13.775333">
      <name>Borovška cesta</name>
      <desc>Keep left onto Borovška cesta</desc>
      <extensions>
        <distance>2002.5</distance>
        <duration>400.5</duration>
        <type>12</type>
        <step>6</step>
      </extensions>
    </rtept>
    <rtept lat="46.48732" lon="13.77505">
      <name>Borovška cesta</name>
      <desc>Keep left onto Borovška cesta</desc>
      <extensions>
        <distance>2002.5</distance>
        <duration>400.5</duration>
        <type>12</type>
        <step>6</step>
      </extensions>
    </rtept>
    <rtept lat="46.487609" lon="13.774479">
      <name>Borovška cesta</name>
      <desc>Keep left onto Borovška cesta</desc>
      <extensions>
        <distance>2002.5</distance>
        <duration>400.5</duration>
        <type>12</type>
        <step>6</step>
      </extensions>
    </rtept>
    <rtept lat="46.487839" lon="13.774156">
      <name>Borovška cesta</name>
      <desc>Keep left onto Borovška cesta</desc>
      <extensions>
        <distance>2002.5</distance>
        <duration>400.5</duration>
        <type>12</type>
        <step>6</step>
      </extensions>
    </rtept>
    <rtept lat="46.48798" lon="13.774036">
      <name>Borovška cesta</name>
      <desc>Keep left onto Borovška cesta</desc>
      <extensions>
        <distance>2002.5</distance>
        <duration>400.5</duration>
        <type>12</type>
        <step>6</step>
      </extensions>
    </rtept>
    <rtept lat="46.488383" lon="13.773359">
      <name>Borovška cesta</name>
      <desc>Keep left onto Borovška cesta</desc>
      <extensions>
        <distance>2002.5</distance>
        <duration>400.5</duration>
        <type>12</type>
        <step>6</step>
      </extensions>
    </rtept>
    <rtept lat="46.488509" lon="13.773096">
      <name>Borovška cesta</name>
      <desc>Keep left onto Borovška cesta</desc>
      <extensions>
        <distance>2002.5</distance>
        <duration>400.5</duration>
        <type>12</type>
        <step>6</step>
      </extensions>
    </rtept>
    <rtept lat="46.488703" lon="13.772602">
      <name>Borovška cesta</name>
      <desc>Keep left onto Borovška cesta</desc>
      <extensions>
        <distance>2002.5</distance>
        <duration>400.5</duration>
        <type>12</type>
        <step>6</step>
      </extensions>
    </rtept>
    <rtept lat="46.488762" lon="13.772437">
      <name>Borovška cesta</name>
      <desc>Keep left onto Borovška cesta</desc>
      <extensions>
        <distance>2002.5</distance>
        <duration>400.5</duration>
        <type>12</type>
        <step>6</step>
      </extensions>
    </rtept>
    <rtept lat="46.489027" lon="13.771335">
      <name>Borovška cesta</name>
      <desc>Keep left onto Borovška cesta</desc>
      <extensions>
        <distance>2002.5</distance>
        <duration>400.5</duration>
        <type>12</type>
        <step>6</step>
      </extensions>
    </rtept>
    <rtept lat="46.489225" lon="13.770339">
      <name>Borovška cesta</name>
      <desc>Keep left onto Borovška cesta</desc>
      <extensions>
        <distance>2002.5</distance>
        <duration>400.5</duration>
        <type>12</type>
        <step>6</step>
      </extensions>
    </rtept>
    <rtept lat="46.489284" lon="13.769849">
      <name>Borovška cesta</name>
      <desc>Keep left onto Borovška cesta</desc>
      <extensions>
        <distance>2002.5</distance>
        <duration>400.5</duration>
        <type>12</type>
        <step>6</step>
      </extensions>
    </rtept>
    <rtept lat="46.489428" lon="13.76741">
      <name>Borovška cesta</name>
      <desc>Keep left onto Borovška cesta</desc>
      <extensions>
        <distance>2002.5</distance>
        <duration>400.5</duration>
        <type>12</type>
        <step>6</step>
      </extensions>
    </rtept>
    <rtept lat="46.489558" lon="13.765891">
      <name>Borovška cesta</name>
      <desc>Keep left onto Borovška cesta</desc>
      <extensions>
        <distance>2002.5</distance>
        <duration>400.5</duration>
        <type>12</type>
        <step>6</step>
      </extensions>
    </rtept>
    <rtept lat="46.489554" lon="13.765738">
      <name>Borovška cesta</name>
      <desc>Keep left onto Borovška cesta</desc>
      <extensions>
        <distance>2002.5</distance>
        <duration>400.5</duration>
        <type>12</type>
        <step>6</step>
      </extensions>
    </rtept>
    <rtept lat="46.489438" lon="13.7649">
      <name>Borovška cesta</name>
      <desc>Keep left onto Borovška cesta</desc>
      <extensions>
        <distance>2002.5</distance>
        <duration>400.5</duration>
        <type>12</type>
        <step>6</step>
      </extensions>
    </rtept>
    <rtept lat="46.489456" lon="13.764229">
      <name>Borovška cesta</name>
      <desc>Keep left onto Borovška cesta</desc>
      <extensions>
        <distance>2002.5</distance>
        <duration>400.5</duration>
        <type>12</type>
        <step>6</step>
      </extensions>
    </rtept>
    <rtept lat="46.489487" lon="13.763995">
      <name>Borovška cesta</name>
      <desc>Keep left onto Borovška cesta</desc>
      <extensions>
        <distance>2002.5</distance>
        <duration>400.5</duration>
        <type>12</type>
        <step>6</step>
      </extensions>
    </rtept>
    <rtept lat="46.489632" lon="13.763228">
      <name>Borovška cesta</name>
      <desc>Keep left onto Borovška cesta</desc>
      <extensions>
        <distance>2002.5</distance>
        <duration>400.5</duration>
        <type>12</type>
        <step>6</step>
      </extensions>
    </rtept>
    <rtept lat="46.489805" lon="13.762561">
      <name>Borovška cesta</name>
      <desc>Keep left onto Borovška cesta</desc>
      <extensions>
        <distance>2002.5</distance>
        <duration>400.5</duration>
        <type>12</type>
        <step>6</step>
      </extensions>
    </rtept>
    <rtept lat="46.490073" lon="13.761804">
      <name>Borovška cesta</name>
      <desc>Keep left onto Borovška cesta</desc>
      <extensions>
        <distance>2002.5</distance>
        <duration>400.5</duration>
        <type>12</type>
        <step>6</step>
      </extensions>
    </rtept>
    <rtept lat="46.490226" lon="13.761293">
      <name>Borovška cesta</name>
      <desc>Keep left onto Borovška cesta</desc>
      <extensions>
        <distance>2002.5</distance>
        <duration>400.5</duration>
        <type>12</type>
        <step>6</step>
      </extensions>
    </rtept>
    <rtept lat="46.490326" lon="13.760447">
      <name>Borovška cesta</name>
      <desc>Keep left onto Borovška cesta</desc>
      <extensions>
        <distance>2002.5</distance>
        <duration>400.5</duration>
        <type>12</type>
        <step>6</step>
      </extensions>
    </rtept>
    <rtept lat="46.490264" lon="13.757994">
      <name>Borovška cesta</name>
      <desc>Keep left onto Borovška cesta</desc>
      <extensions>
        <distance>2002.5</distance>
        <duration>400.5</duration>
        <type>12</type>
        <step>6</step>
      </extensions>
    </rtept>
    <rtept lat="46.490157" lon="13.755819">
      <name>Borovška cesta</name>
      <desc>Keep left onto Borovška cesta</desc>
      <extensions>
        <distance>2002.5</distance>
        <duration>400.5</duration>
        <type>12</type>
        <step>6</step>
      </extensions>
    </rtept>
    <rtept lat="46.490183" lon="13.755061">
      <name>Borovška cesta</name>
      <desc>Keep left onto Borovška cesta</desc>
      <extensions>
        <distance>2002.5</distance>
        <duration>400.5</duration>
        <type>12</type>
        <step>6</step>
      </extensions>
    </rtept>
    <rtept lat="46.490233" lon="13.754603">
      <name/>
      <desc>Keep left</desc>
      <extensions>
        <distance>2636.2</distance>
        <duration>527.2</duration>
        <type>12</type>
        <step>7</step>
      </extensions>
    </rtept>
    <rtept lat="46.490341" lon="13.753837">
      <name/>
      <desc>Keep left</desc>
      <extensions>
        <distance>2636.2</distance>
        <duration>527.2</duration>
        <type>12</type>
        <step>7</step>
      </extensions>
    </rtept>
    <rtept lat="46.490374" lon="13.753693">
      <name/>
      <desc>Keep left</desc>
      <extensions>
        <distance>2636.2</distance>
        <duration>527.2</duration>
        <type>12</type>
        <step>7</step>
      </extensions>
    </rtept>
    <rtept lat="46.490476" lon="13.753272">
      <name/>
      <desc>Keep left</desc>
      <extensions>
        <distance>2636.2</distance>
        <duration>527.2</duration>
        <type>12</type>
        <step>7</step>
      </extensions>
    </rtept>
    <rtept lat="46.490671" lon="13.752489">
      <name/>
      <desc>Keep left</desc>
      <extensions>
        <distance>2636.2</distance>
        <duration>527.2</duration>
        <type>12</type>
        <step>7</step>
      </extensions>
    </rtept>
    <rtept lat="46.490756" lon="13.751939">
      <name/>
      <desc>Keep left</desc>
      <extensions>
        <distance>2636.2</distance>
        <duration>527.2</duration>
        <type>12</type>
        <step>7</step>
      </extensions>
    </rtept>
    <rtept lat="46.490872" lon="13.750291">
      <name/>
      <desc>Keep left</desc>
      <extensions>
        <distance>2636.2</distance>
        <duration>527.2</duration>
        <type>12</type>
        <step>7</step>
      </extensions>
    </rtept>
    <rtept lat="46.490898" lon="13.750049">
      <name/>
      <desc>Keep left</desc>
      <extensions>
        <distance>2636.2</distance>
        <duration>527.2</duration>
        <type>12</type>
        <step>7</step>
      </extensions>
    </rtept>
    <rtept lat="46.49114" lon="13.746244">
      <name/>
      <desc>Keep left</desc>
      <extensions>
        <distance>2636.2</distance>
        <duration>527.2</duration>
        <type>12</type>
        <step>7</step>
      </extensions>
    </rtept>
    <rtept lat="46.491234" lon="13.743943">
      <name/>
      <desc>Keep left</desc>
      <extensions>
        <distance>2636.2</distance>
        <duration>527.2</duration>
        <type>12</type>
        <step>7</step>
      </extensions>
    </rtept>
    <rtept lat="46.491235" lon="13.74356">
      <name/>
      <desc>Keep left</desc>
      <extensions>
        <distance>2636.2</distance>
        <duration>527.2</duration>
        <type>12</type>
        <step>7</step>
      </extensions>
    </rtept>
    <rtept lat="46.491218" lon="13.742568">
      <name/>
      <desc>Keep left</desc>
      <extensions>
        <distance>2636.2</distance>
        <duration>527.2</duration>
        <type>12</type>
        <step>7</step>
      </extensions>
    </rtept>
    <rtept lat="46.491168" lon="13.741795">
      <name/>
      <desc>Keep left</desc>
      <extensions>
        <distance>2636.2</distance>
        <duration>527.2</duration>
        <type>12</type>
        <step>7</step>
      </extensions>
    </rtept>
    <rtept lat="46.491106" lon="13.741189">
      <name/>
      <desc>Keep left</desc>
      <extensions>
        <distance>2636.2</distance>
        <duration>527.2</duration>
        <type>12</type>
        <step>7</step>
      </extensions>
    </rtept>
    <rtept lat="46.491" lon="13.740464">
      <name/>
      <desc>Keep left</desc>
      <extensions>
        <distance>2636.2</distance>
        <duration>527.2</duration>
        <type>12</type>
        <step>7</step>
      </extensions>
    </rtept>
    <rtept lat="46.490703" lon="13.738704">
      <name/>
      <desc>Keep left</desc>
      <extensions>
        <distance>2636.2</distance>
        <duration>527.2</duration>
        <type>12</type>
        <step>7</step>
      </extensions>
    </rtept>
    <rtept lat="46.49061" lon="13.738232">
      <name/>
      <desc>Keep left</desc>
      <extensions>
        <distance>2636.2</distance>
        <duration>527.2</duration>
        <type>12</type>
        <step>7</step>
      </extensions>
    </rtept>
    <rtept lat="46.490594" lon="13.738159">
      <name/>
      <desc>Keep left</desc>
      <extensions>
        <distance>2636.2</distance>
        <duration>527.2</duration>
        <type>12</type>
        <step>7</step>
      </extensions>
    </rtept>
    <rtept lat="46.49016" lon="13.736139">
      <name/>
      <desc>Keep left</desc>
      <extensions>
        <distance>2636.2</distance>
        <duration>527.2</duration>
        <type>12</type>
        <step>7</step>
      </extensions>
    </rtept>
    <rtept lat="46.490111" lon="13.735789">
      <name/>
      <desc>Keep left</desc>
      <extensions>
        <distance>2636.2</distance>
        <duration>527.2</duration>
        <type>12</type>
        <step>7</step>
      </extensions>
    </rtept>
    <rtept lat="46.490086" lon="13.735283">
      <name/>
      <desc>Keep left</desc>
      <extensions>
        <distance>2636.2</distance>
        <duration>527.2</duration>
        <type>12</type>
        <step>7</step>
      </extensions>
    </rtept>
    <rtept lat="46.490098" lon="13.734757">
      <name/>
      <desc>Keep left</desc>
      <extensions>
        <distance>2636.2</distance>
        <duration>527.2</duration>
        <type>12</type>
        <step>7</step>
      </extensions>
    </rtept>
    <rtept lat="46.490134" lon="13.734356">
      <name/>
      <desc>Keep left</desc>
      <extensions>
        <distance>2636.2</distance>
        <duration>527.2</duration>
        <type>12</type>
        <step>7</step>
      </extensions>
    </rtept>
    <rtept lat="46.490256" lon="13.733709">
      <name/>
      <desc>Keep left</desc>
      <extensions>
        <distance>2636.2</distance>
        <duration>527.2</duration>
        <type>12</type>
        <step>7</step>
      </extensions>
    </rtept>
    <rtept lat="46.490307" lon="13.733531">
      <name/>
      <desc>Keep left</desc>
      <extensions>
        <distance>2636.2</distance>
        <duration>527.2</duration>
        <type>12</type>
        <step>7</step>
      </extensions>
    </rtept>
    <rtept lat="46.490393" lon="13.733223">
      <name/>
      <desc>Keep left</desc>
      <extensions>
        <distance>2636.2</distance>
        <duration>527.2</duration>
        <type>12</type>
        <step>7</step>
      </extensions>
    </rtept>
    <rtept lat="46.490534" lon="13.732867">
      <name/>
      <desc>Keep left</desc>
      <extensions>
        <distance>2636.2</distance>
        <duration>527.2</duration>
        <type>12</type>
        <step>7</step>
      </extensions>
    </rtept>
    <rtept lat="46.492306" lon="13.729487">
      <name/>
      <desc>Keep left</desc>
      <extensions>
        <distance>2636.2</distance>
        <duration>527.2</duration>
        <type>12</type>
        <step>7</step>
      </extensions>
    </rtept>
    <rtept lat="46.492549" lon="13.72889">
      <name/>
      <desc>Keep left</desc>
      <extensions>
        <distance>2636.2</distance>
        <duration>527.2</duration>
        <type>12</type>
        <step>7</step>
      </extensions>
    </rtept>
    <rtept lat="46.492706" lon="13.728355">
      <name/>
      <desc>Keep left</desc>
      <extensions>
        <distance>2636.2</distance>
        <duration>527.2</duration>
        <type>12</type>
        <step>7</step>
      </extensions>
    </rtept>
    <rtept lat="46.492845" lon="13.727696">
      <name/>
      <desc>Keep left</desc>
      <extensions>
        <distance>2636.2</distance>
        <duration>527.2</duration>
        <type>12</type>
        <step>7</step>
      </extensions>
    </rtept>
    <rtept lat="46.492919" lon="13.727097">
      <name/>
      <desc>Keep left</desc>
      <extensions>
        <distance>2636.2</distance>
        <duration>527.2</duration>
        <type>12</type>
        <step>7</step>
      </extensions>
    </rtept>
    <rtept lat="46.492933" lon="13.726522">
      <name/>
      <desc>Keep left</desc>
      <extensions>
        <distance>2636.2</distance>
        <duration>527.2</duration>
        <type>12</type>
        <step>7</step>
      </extensions>
    </rtept>
    <rtept lat="46.492919" lon="13.726308">
      <name/>
      <desc>Keep left</desc>
      <extensions>
        <distance>2636.2</distance>
        <duration>527.2</duration>
        <type>12</type>
        <step>7</step>
      </extensions>
    </rtept>
    <rtept lat="46.492857" lon="13.725786">
      <name/>
      <desc>Keep left</desc>
      <extensions>
        <distance>2636.2</distance>
        <duration>527.2</duration>
        <type>12</type>
        <step>7</step>
      </extensions>
    </rtept>
    <rtept lat="46.492685" lon="13.725086">
      <name/>
      <desc>Keep left</desc>
      <extensions>
        <distance>2636.2</distance>
        <duration>527.2</duration>
        <type>12</type>
        <step>7</step>
      </extensions>
    </rtept>
    <rtept lat="46.492477" lon="13.724402">
      <name/>
      <desc>Keep left</desc>
      <extensions>
        <distance>2636.2</distance>
        <duration>527.2</duration>
        <type>12</type>
        <step>7</step>
      </extensions>
    </rtept>
    <rtept lat="46.492206" lon="13.723671">
      <name/>
      <desc>Keep left</desc>
      <extensions>
        <distance>2636.2</distance>
        <duration>527.2</duration>
        <type>12</type>
        <step>7</step>
      </extensions>
    </rtept>
    <rtept lat="46.49187" lon="13.722984">
      <name/>
      <desc>Keep left</desc>
      <extensions>
        <distance>2636.2</distance>
        <duration>527.2</duration>
        <type>12</type>
        <step>7</step>
      </extensions>
    </rtept>
    <rtept lat="46.491527" lon="13.722326">
      <name/>
      <desc>Keep left</desc>
      <extensions>
        <distance>2636.2</distance>
        <duration>527.2</duration>
        <type>12</type>
        <step>7</step>
      </extensions>
    </rtept>
    <rtept lat="46.491491" lon="13.722244">
      <name/>
      <desc>Turn left</desc>
      <extensions>
        <distance>1612.4</distance>
        <duration>322.5</duration>
        <type>0</type>
        <step>8</step>
      </extensions>
    </rtept>
    <rtept lat="46.491468" lon="13.722256">
      <name/>
      <desc>Turn left</desc>
      <extensions>
        <distance>1612.4</distance>
        <duration>322.5</duration>
        <type>0</type>
        <step>8</step>
      </extensions>
    </rtept>
    <rtept lat="46.491324" lon="13.722346">
      <name/>
      <desc>Turn left</desc>
      <extensions>
        <distance>1612.4</distance>
        <duration>322.5</duration>
        <type>0</type>
        <step>8</step>
      </extensions>
    </rtept>
    <rtept lat="46.490992" lon="13.722729">
      <name/>
      <desc>Turn left</desc>
      <extensions>
        <distance>1612.4</distance>
        <duration>322.5</duration>
        <type>0</type>
        <step>8</step>
      </extensions>
    </rtept>
    <rtept lat="46.490596" lon="13.723095">
      <name/>
      <desc>Turn left</desc>
      <extensions>
        <distance>1612.4</distance>
        <duration>322.5</duration>
        <type>0</type>
        <step>8</step>
      </extensions>
    </rtept>
    <rtept lat="46.489579" lon="13.723776">
      <name/>
      <desc>Turn left</desc>
      <extensions>
        <distance>1612.4</distance>
        <duration>322.5</duration>
        <type>0</type>
        <step>8</step>
      </extensions>
    </rtept>
    <rtept lat="46.489235" lon="13.72389">
      <name/>
      <desc>Turn left</desc>
      <extensions>
        <distance>1612.4</distance>
        <duration>322.5</duration>
        <type>0</type>
        <step>8</step>
      </extensions>
    </rtept>
    <rtept lat="46.488697" lon="13.723906">
      <name/>
      <desc>Turn left</desc>
      <extensions>
        <distance>1612.4</distance>
        <duration>322.5</duration>
        <type>0</type>
        <step>8</step>
      </extensions>
    </rtept>
    <rtept lat="46.488264" lon="13.723872">
      <name/>
      <desc>Turn left</desc>
      <extensions>
        <distance>1612.4</distance>
        <duration>322.5</duration>
        <type>0</type>
        <step>8</step>
      </extensions>
    </rtept>
    <rtept lat="46.488029" lon="13.723905">
      <name/>
      <desc>Turn left</desc>
      <extensions>
        <distance>1612.4</distance>
        <duration>322.5</duration>
        <type>0</type>
        <step>8</step>
      </extensions>
    </rtept>
    <rtept lat="46.487406" lon="13.724224">
      <name/>
      <desc>Turn left</desc>
      <extensions>
        <distance>1612.4</distance>
        <duration>322.5</duration>
        <type>0</type>
        <step>8</step>
      </extensions>
    </rtept>
    <rtept lat="46.487279" lon="13.724266">
      <name/>
      <desc>Turn left</desc>
      <extensions>
        <distance>1612.4</distance>
        <duration>322.5</duration>
        <type>0</type>
        <step>8</step>
      </extensions>
    </rtept>
    <rtept lat="46.486913" lon="13.724339">
      <name/>
      <desc>Turn left</desc>
      <extensions>
        <distance>1612.4</distance>
        <duration>322.5</duration>
        <type>0</type>
        <step>8</step>
      </extensions>
    </rtept>
    <rtept lat="46.486312" lon="13.724411">
      <name/>
      <desc>Turn left</desc>
      <extensions>
        <distance>1612.4</distance>
        <duration>322.5</duration>
        <type>0</type>
        <step>8</step>
      </extensions>
    </rtept>
    <rtept lat="46.486123" lon="13.724382">
      <name/>
      <desc>Turn left</desc>
      <extensions>
        <distance>1612.4</distance>
        <duration>322.5</duration>
        <type>0</type>
        <step>8</step>
      </extensions>
    </rtept>
    <rtept lat="46.485924" lon="13.72426">
      <name/>
      <desc>Turn left</desc>
      <extensions>
        <distance>1612.4</distance>
        <duration>322.5</duration>
        <type>0</type>
        <step>8</step>
      </extensions>
    </rtept>
    <rtept lat="46.48542" lon="13.723752">
      <name/>
      <desc>Turn left</desc>
      <extensions>
        <distance>1612.4</distance>
        <duration>322.5</duration>
        <type>0</type>
        <step>8</step>
      </extensions>
    </rtept>
    <rtept lat="46.485123" lon="13.723538">
      <name/>
      <desc>Turn left</desc>
      <extensions>
        <distance>1612.4</distance>
        <duration>322.5</duration>
        <type>0</type>
        <step>8</step>
      </extensions>
    </rtept>
    <rtept lat="46.484515" lon="13.723232">
      <name/>
      <desc>Turn left</desc>
      <extensions>
        <distance>1612.4</distance>
        <duration>322.5</duration>
        <type>0</type>
        <step>8</step>
      </extensions>
    </rtept>
    <rtept lat="46.484097" lon="13.72297">
      <name/>
      <desc>Turn left</desc>
      <extensions>
        <distance>1612.4</distance>
        <duration>322.5</duration>
        <type>0</type>
        <step>8</step>
      </extensions>
    </rtept>
    <rtept lat="46.483913" lon="13.722902">
      <name/>
      <desc>Turn left</desc>
      <extensions>
        <distance>1612.4</distance>
        <duration>322.5</duration>
        <type>0</type>
        <step>8</step>
      </extensions>
    </rtept>
    <rtept lat="46.483329" lon="13.722786">
      <name/>
      <desc>Turn left</desc>
      <extensions>
        <distance>1612.4</distance>
        <duration>322.5</duration>
        <type>0</type>
        <step>8</step>
      </extensions>
    </rtept>
    <rtept lat="46.482691" lon="13.722725">
      <name/>
      <desc>Turn left</desc>
      <extensions>
        <distance>1612.4</distance>
        <duration>322.5</duration>
        <type>0</type>
        <step>8</step>
      </extensions>
    </rtept>
    <rtept lat="46.482528" lon="13.722749">
      <name/>
      <desc>Turn left</desc>
      <extensions>
        <distance>1612.4</distance>
        <duration>322.5</duration>
        <type>0</type>
        <step>8</step>
      </extensions>
    </rtept>
    <rtept lat="46.482202" lon="13.722899">
      <name/>
      <desc>Turn left</desc>
      <extensions>
        <distance>1612.4</distance>
        <duration>322.5</duration>
        <type>0</type>
        <step>8</step>
      </extensions>
    </rtept>
    <rtept lat="46.481936" lon="13.722943">
      <name/>
      <desc>Turn left</desc>
      <extensions>
        <distance>1612.4</distance>
        <duration>322.5</duration>
        <type>0</type>
        <step>8</step>
      </extensions>
    </rtept>
    <rtept lat="46.481708" lon="13.722925">
      <name/>
      <desc>Turn left</desc>
      <extensions>
        <distance>1612.4</distance>
        <duration>322.5</duration>
        <type>0</type>
        <step>8</step>
      </extensions>
    </rtept>
    <rtept lat="46.481405" lon="13.722868">
      <name/>
      <desc>Turn left</desc>
      <extensions>
        <distance>1612.4</distance>
        <duration>322.5</duration>
        <type>0</type>
        <step>8</step>
      </extensions>
    </rtept>
    <rtept lat="46.481157" lon="13.722856">
      <name/>
      <desc>Turn left</desc>
      <extensions>
        <distance>1612.4</distance>
        <duration>322.5</duration>
        <type>0</type>
        <step>8</step>
      </extensions>
    </rtept>
    <rtept lat="46.480948" lon="13.722889">
      <name/>
      <desc>Turn left</desc>
      <extensions>
        <distance>1612.4</distance>
        <duration>322.5</duration>
        <type>0</type>
        <step>8</step>
      </extensions>
    </rtept>
    <rtept lat="46.480594" lon="13.722982">
      <name/>
      <desc>Turn left</desc>
      <extensions>
        <distance>1612.4</distance>
        <duration>322.5</duration>
        <type>0</type>
        <step>8</step>
      </extensions>
    </rtept>
    <rtept lat="46.480016" lon="13.722834">
      <name/>
      <desc>Turn left</desc>
      <extensions>
        <distance>1612.4</distance>
        <duration>322.5</duration>
        <type>0</type>
        <step>8</step>
      </extensions>
    </rtept>
    <rtept lat="46.479804" lon="13.722818">
      <name/>
      <desc>Turn left</desc>
      <extensions>
        <distance>1612.4</distance>
        <duration>322.5</duration>
        <type>0</type>
        <step>8</step>
      </extensions>
    </rtept>
    <rtept lat="46.479634" lon="13.722839">
      <name/>
      <desc>Turn left</desc>
      <extensions>
        <distance>1612.4</distance>
        <duration>322.5</duration>
        <type>0</type>
        <step>8</step>
      </extensions>
    </rtept>
    <rtept lat="46.479456" lon="13.722975">
      <name/>
      <desc>Turn left</desc>
      <extensions>
        <distance>1612.4</distance>
        <duration>322.5</duration>
        <type>0</type>
        <step>8</step>
      </extensions>
    </rtept>
    <rtept lat="46.479332" lon="13.723126">
      <name/>
      <desc>Turn left</desc>
      <extensions>
        <distance>1612.4</distance>
        <duration>322.5</duration>
        <type>0</type>
        <step>8</step>
      </extensions>
    </rtept>
    <rtept lat="46.479257" lon="13.723264">
      <name/>
      <desc>Turn left</desc>
      <extensions>
        <distance>1612.4</distance>
        <duration>322.5</duration>
        <type>0</type>
        <step>8</step>
      </extensions>
    </rtept>
    <rtept lat="46.479062" lon="13.723768">
      <name/>
      <desc>Turn left</desc>
      <extensions>
        <distance>1612.4</distance>
        <duration>322.5</duration>
        <type>0</type>
        <step>8</step>
      </extensions>
    </rtept>
    <rtept lat="46.478912" lon="13.723984">
      <name/>
      <desc>Turn left</desc>
      <extensions>
        <distance>1612.4</distance>
        <duration>322.5</duration>
        <type>0</type>
        <step>8</step>
      </extensions>
    </rtept>
    <rtept lat="46.47885" lon="13.724074">
      <name/>
      <desc>Turn left</desc>
      <extensions>
        <distance>1612.4</distance>
        <duration>322.5</duration>
        <type>0</type>
        <step>8</step>
      </extensions>
    </rtept>
    <rtept lat="46.478716" lon="13.724216">
      <name/>
      <desc>Turn left</desc>
      <extensions>
        <distance>1612.4</distance>
        <duration>322.5</duration>
        <type>0</type>
        <step>8</step>
      </extensions>
    </rtept>
    <rtept lat="46.478521" lon="13.724345">
      <name/>
      <desc>Turn left</desc>
      <extensions>
        <distance>1612.4</distance>
        <duration>322.5</duration>
        <type>0</type>
        <step>8</step>
      </extensions>
    </rtept>
    <rtept lat="46.4784" lon="13.7244">
      <name/>
      <desc>Turn left</desc>
      <extensions>
        <distance>1612.4</distance>
        <duration>322.5</duration>
        <type>0</type>
        <step>8</step>
      </extensions>
    </rtept>
    <rtept lat="46.478306" lon="13.724409">
      <name/>
      <desc>Turn left</desc>
      <extensions>
        <distance>1612.4</distance>
        <duration>322.5</duration>
        <type>0</type>
        <step>8</step>
      </extensions>
    </rtept>
    <rtept lat="46.478143" lon="13.724363">
      <name/>
      <desc>Turn left</desc>
      <extensions>
        <distance>1612.4</distance>
        <duration>322.5</duration>
        <type>0</type>
        <step>8</step>
      </extensions>
    </rtept>
    <rtept lat="46.478119" lon="13.724383">
      <name/>
      <desc>Turn left</desc>
      <extensions>
        <distance>1612.4</distance>
        <duration>322.5</duration>
        <type>0</type>
        <step>8</step>
      </extensions>
    </rtept>
    <rtept lat="46.478102" lon="13.724441">
      <name/>
      <desc>Turn right</desc>
      <extensions>
        <distance>584.8</distance>
        <duration>117.0</duration>
        <type>1</type>
        <step>9</step>
      </extensions>
    </rtept>
    <rtept lat="46.477644" lon="13.72416">
      <name/>
      <desc>Turn right</desc>
      <extensions>
        <distance>584.8</distance>
        <duration>117.0</duration>
        <type>1</type>
        <step>9</step>
      </extensions>
    </rtept>
    <rtept lat="46.477369" lon="13.72399">
      <name/>
      <desc>Turn right</desc>
      <extensions>
        <distance>584.8</distance>
        <duration>117.0</duration>
        <type>1</type>
        <step>9</step>
      </extensions>
    </rtept>
    <rtept lat="46.47731" lon="13.723953">
      <name/>
      <desc>Turn right</desc>
      <extensions>
        <distance>584.8</distance>
        <duration>117.0</duration>
        <type>1</type>
        <step>9</step>
      </extensions>
    </rtept>
    <rtept lat="46.477217" lon="13.723899">
      <name/>
      <desc>Turn right</desc>
      <extensions>
        <distance>584.8</distance>
        <duration>117.0</duration>
        <type>1</type>
        <step>9</step>
      </extensions>
    </rtept>
    <rtept lat="46.477139" lon="13.723883">
      <name/>
      <desc>Turn right</desc>
      <extensions>
        <distance>584.8</distance>
        <duration>117.0</duration>
        <type>1</type>
        <step>9</step>
      </extensions>
    </rtept>
    <rtept lat="46.477035" lon="13.723906">
      <name/>
      <desc>Turn right</desc>
      <extensions>
        <distance>584.8</distance>
        <duration>117.0</duration>
        <type>1</type>
        <step>9</step>
      </extensions>
    </rtept>
    <rtept lat="46.476858" lon="13.724006">
      <name/>
      <desc>Turn right</desc>
      <extensions>
        <distance>584.8</distance>
        <duration>117.0</duration>
        <type>1</type>
        <step>9</step>
      </extensions>
    </rtept>
    <rtept lat="46.476647" lon="13.724118">
      <name/>
      <desc>Turn right</desc>
      <extensions>
        <distance>584.8</distance>
        <duration>117.0</duration>
        <type>1</type>
        <step>9</step>
      </extensions>
    </rtept>
    <rtept lat="46.47654" lon="13.724098">
      <name/>
      <desc>Turn right</desc>
      <extensions>
        <distance>584.8</distance>
        <duration>117.0</duration>
        <type>1</type>
        <step>9</step>
      </extensions>
    </rtept>
    <rtept lat="46.476218" lon="13.723903">
      <name/>
      <desc>Turn right</desc>
      <extensions>
        <distance>584.8</distance>
        <duration>117.0</duration>
        <type>1</type>
        <step>9</step>
      </extensions>
    </rtept>
    <rtept lat="46.476091" lon="13.723863">
      <name/>
      <desc>Turn right</desc>
      <extensions>
        <distance>584.8</distance>
        <duration>117.0</duration>
        <type>1</type>
        <step>9</step>
      </extensions>
    </rtept>
    <rtept lat="46.475947" lon="13.723895">
      <name/>
      <desc>Turn right</desc>
      <extensions>
        <distance>584.8</distance>
        <duration>117.0</duration>
        <type>1</type>
        <step>9</step>
      </extensions>
    </rtept>
    <rtept lat="46.475584" lon="13.724053">
      <name/>
      <desc>Turn right</desc>
      <extensions>
        <distance>584.8</distance>
        <duration>117.0</duration>
        <type>1</type>
        <step>9</step>
      </extensions>
    </rtept>
    <rtept lat="46.475496" lon="13.72406">
      <name/>
      <desc>Turn right</desc>
      <extensions>
        <distance>584.8</distance>
        <duration>117.0</duration>
        <type>1</type>
        <step>9</step>
      </extensions>
    </rtept>
    <rtept lat="46.475455" lon="13.72402">
      <name/>
      <desc>Turn right</desc>
      <extensions>
        <distance>584.8</distance>
        <duration>117.0</duration>
        <type>1</type>
        <step>9</step>
      </extensions>
    </rtept>
    <rtept lat="46.475396" lon="13.723916">
      <name/>
      <desc>Turn right</desc>
      <extensions>
        <distance>584.8</distance>
        <duration>117.0</duration>
        <type>1</type>
        <step>9</step>
      </extensions>
    </rtept>
    <rtept lat="46.475032" lon="13.723072">
      <name/>
      <desc>Turn right</desc>
      <extensions>
        <distance>584.8</distance>
        <duration>117.0</duration>
        <type>1</type>
        <step>9</step>
      </extensions>
    </rtept>
    <rtept lat="46.474969" lon="13.722956">
      <name/>
      <desc>Turn right</desc>
      <extensions>
        <distance>584.8</distance>
        <duration>117.0</duration>
        <type>1</type>
        <step>9</step>
      </extensions>
    </rtept>
    <rtept lat="46.474882" lon="13.722824">
      <name/>
      <desc>Turn right</desc>
      <extensions>
        <distance>584.8</distance>
        <duration>117.0</duration>
        <type>1</type>
        <step>9</step>
      </extensions>
    </rtept>
    <rtept lat="46.474826" lon="13.72278">
      <name/>
      <desc>Turn right</desc>
      <extensions>
        <distance>584.8</distance>
        <duration>117.0</duration>
        <type>1</type>
        <step>9</step>
      </extensions>
    </rtept>
    <rtept lat="46.474665" lon="13.722768">
      <name/>
      <desc>Turn right</desc>
      <extensions>
        <distance>584.8</distance>
        <duration>117.0</duration>
        <type>1</type>
        <step>9</step>
      </extensions>
    </rtept>
    <rtept lat="46.474414" lon="13.72282">
      <name/>
      <desc>Turn right</desc>
      <extensions>
        <distance>584.8</distance>
        <duration>117.0</duration>
        <type>1</type>
        <step>9</step>
      </extensions>
    </rtept>
    <rtept lat="46.474305" lon="13.722838">
      <name/>
      <desc>Turn right</desc>
      <extensions>
        <distance>584.8</distance>
        <duration>117.0</duration>
        <type>1</type>
        <step>9</step>
      </extensions>
    </rtept>
    <rtept lat="46.474219" lon="13.722909">
      <name/>
      <desc>Turn right</desc>
      <extensions>
        <distance>584.8</distance>
        <duration>117.0</duration>
        <type>1</type>
        <step>9</step>
      </extensions>
    </rtept>
    <rtept lat="46.474132" lon="13.72306">
      <name/>
      <desc>Turn right</desc>
      <extensions>
        <distance>584.8</distance>
        <duration>117.0</duration>
        <type>1</type>
        <step>9</step>
      </extensions>
    </rtept>
    <rtept lat="46.473942" lon="13.72313">
      <name/>
      <desc>Turn right</desc>
      <extensions>
        <distance>584.8</distance>
        <duration>117.0</duration>
        <type>1</type>
        <step>9</step>
      </extensions>
    </rtept>
    <rtept lat="46.473791" lon="13.723216">
      <name/>
      <desc>Turn right</desc>
      <extensions>
        <distance>584.8</distance>
        <duration>117.0</duration>
        <type>1</type>
        <step>9</step>
      </extensions>
    </rtept>
    <rtept lat="46.473535" lon="13.723308">
      <name/>
      <desc>Keep left</desc>
      <extensions>
        <distance>3181.5</distance>
        <duration>636.3</duration>
        <type>12</type>
        <step>10</step>
      </extensions>
    </rtept>
    <rtept lat="46.473359" lon="13.723419">
      <name/>
      <desc>Keep left</desc>
      <extensions>
        <distance>3181.5</distance>
        <duration>636.3</duration>
        <type>12</type>
        <step>10</step>
      </extensions>
    </rtept>
    <rtept lat="46.473235" lon="13.723455">
      <name/>
      <desc>Keep left</desc>
      <extensions>
        <distance>3181.5</distance>
        <duration>636.3</duration>
        <type>12</type>
        <step>10</step>
      </extensions>
    </rtept>
    <rtept lat="46.473049" lon="13.723466">
      <name/>
      <desc>Keep left</desc>
      <extensions>
        <distance>3181.5</distance>
        <duration>636.3</duration>
        <type>12</type>
        <step>10</step>
      </extensions>
    </rtept>
    <rtept lat="46.472253" lon="13.72329">
      <name/>
      <desc>Keep left</desc>
      <extensions>
        <distance>3181.5</distance>
        <duration>636.3</duration>
        <type>12</type>
        <step>10</step>
      </extensions>
    </rtept>
    <rtept lat="46.471524" lon="13.723379">
      <name/>
      <desc>Keep left</desc>
      <extensions>
        <distance>3181.5</distance>
        <duration>636.3</duration>
        <type>12</type>
        <step>10</step>
      </extensions>
    </rtept>
    <rtept lat="46.47118" lon="13.723355">
      <name/>
      <desc>Keep left</desc>
      <extensions>
        <distance>3181.5</distance>
        <duration>636.3</duration>
        <type>12</type>
        <step>10</step>
      </extensions>
    </rtept>
    <rtept lat="46.471004" lon="13.723406">
      <name/>
      <desc>Keep left</desc>
      <extensions>
        <distance>3181.5</distance>
        <duration>636.3</duration>
        <type>12</type>
        <step>10</step>
      </extensions>
    </rtept>
    <rtept lat="46.470723" lon="13.723399">
      <name/>
      <desc>Keep left</desc>
      <extensions>
        <distance>3181.5</distance>
        <duration>636.3</duration>
        <type>12</type>
        <step>10</step>
      </extensions>
    </rtept>
    <rtept lat="46.470496" lon="13.723454">
      <name/>
      <desc>Keep left</desc>
      <extensions>
        <distance>3181.5</distance>
        <duration>636.3</duration>
        <type>12</type>
        <step>10</step>
      </extensions>
    </rtept>
    <rtept lat="46.469935" lon="13.72367">
      <name/>
      <desc>Keep left</desc>
      <extensions>
        <distance>3181.5</distance>
        <duration>636.3</duration>
        <type>12</type>
        <step>10</step>
      </extensions>
    </rtept>
    <rtept lat="46.469647" lon="13.723716">
      <name/>
      <desc>Keep left</desc>
      <extensions>
        <distance>3181.5</distance>
        <duration>636.3</duration>
        <type>12</type>
        <step>10</step>
      </extensions>
    </rtept>
    <rtept lat="46.469423" lon="13.723691">
      <name/>
      <desc>Keep left</desc>
      <extensions>
        <distance>3181.5</distance>
        <duration>636.3</duration>
        <type>12</type>
        <step>10</step>
      </extensions>
    </rtept>
    <rtept lat="46.468974" lon="13.723524">
      <name/>
      <desc>Keep left</desc>
      <extensions>
        <distance>3181.5</distance>
        <duration>636.3</duration>
        <type>12</type>
        <step>10</step>
      </extensions>
    </rtept>
    <rtept lat="46.468751" lon="13.723522">
      <name/>
      <desc>Keep left</desc>
      <extensions>
        <distance>3181.5</distance>
        <duration>636.3</duration>
        <type>12</type>
        <step>10</step>
      </extensions>
    </rtept>
    <rtept lat="46.468507" lon="13.723574">
      <name/>
      <desc>Keep left</desc>
      <extensions>
        <distance>3181.5</distance>
        <duration>636.3</duration>
        <type>12</type>
        <step>10</step>
      </extensions>
    </rtept>
    <rtept lat="46.468351" lon="13.723553">
      <name/>
      <desc>Keep left</desc>
      <extensions>
        <distance>3181.5</distance>
        <duration>636.3</duration>
        <type>12</type>
        <step>10</step>
      </extensions>
    </rtept>
    <rtept lat="46.467796" lon="13.723381">
      <name/>
      <desc>Keep left</desc>
      <extensions>
        <distance>3181.5</distance>
        <duration>636.3</duration>
        <type>12</type>
        <step>10</step>
      </extensions>
    </rtept>
    <rtept lat="46.467433" lon="13.723167">
      <name/>
      <desc>Keep left</desc>
      <extensions>
        <distance>3181.5</distance>
        <duration>636.3</duration>
        <type>12</type>
        <step>10</step>
      </extensions>
    </rtept>
    <rtept lat="46.467328" lon="13.723093">
      <name/>
      <desc>Keep left</desc>
      <extensions>
        <distance>3181.5</distance>
        <duration>636.3</duration>
        <type>12</type>
        <step>10</step>
      </extensions>
    </rtept>
    <rtept lat="46.467213" lon="13.722974">
      <name/>
      <desc>Keep left</desc>
      <extensions>
        <distance>3181.5</distance>
        <duration>636.3</duration>
        <type>12</type>
        <step>10</step>
      </extensions>
    </rtept>
    <rtept lat="46.467038" lon="13.722899">
      <name/>
      <desc>Keep left</desc>
      <extensions>
        <distance>3181.5</distance>
        <duration>636.3</duration>
        <type>12</type>
        <step>10</step>
      </extensions>
    </rtept>
    <rtept lat="46.466889" lon="13.72289">
      <name/>
      <desc>Keep left</desc>
      <extensions>
        <distance>3181.5</distance>
        <duration>636.3</duration>
        <type>12</type>
        <step>10</step>
      </extensions>
    </rtept>
    <rtept lat="46.466756" lon="13.722837">
      <name/>
      <desc>Keep left</desc>
      <extensions>
        <distance>3181.5</distance>
        <duration>636.3</duration>
        <type>12</type>
        <step>10</step>
      </extensions>
    </rtept>
    <rtept lat="46.466342" lon="13.722481">
      <name/>
      <desc>Keep left</desc>
      <extensions>
        <distance>3181.5</distance>
        <duration>636.3</duration>
        <type>12</type>
        <step>10</step>
      </extensions>
    </rtept>
    <rtept lat="46.465996" lon="13.722334">
      <name/>
      <desc>Keep left</desc>
      <extensions>
        <distance>3181.5</distance>
        <duration>636.3</duration>
        <type>12</type>
        <step>10</step>
      </extensions>
    </rtept>
    <rtept lat="46.465813" lon="13.722358">
      <name/>
      <desc>Keep left</desc>
      <extensions>
        <distance>3181.5</distance>
        <duration>636.3</duration>
        <type>12</type>
        <step>10</step>
      </extensions>
    </rtept>
    <rtept lat="46.46548" lon="13.722467">
      <name/>
      <desc>Keep left</desc>
      <extensions>
        <distance>3181.5</distance>
        <duration>636.3</duration>
        <type>12</type>
        <step>10</step>
      </extensions>
    </rtept>
    <rtept lat="46.465332" lon="13.72244">
      <name/>
      <desc>Keep left</desc>
      <extensions>
        <distance>3181.5</distance>
        <duration>636.3</duration>
        <type>12</type>
        <step>10</step>
      </extensions>
    </rtept>
    <rtept lat="46.465126" lon="13.722296">
      <name/>
      <desc>Keep left</desc>
      <extensions>
        <distance>3181.5</distance>
        <duration>636.3</duration>
        <type>12</type>
        <step>10</step>
      </extensions>
    </rtept>
    <rtept lat="46.464939" lon="13.722228">
      <name/>
      <desc>Keep left</desc>
      <extensions>
        <distance>3181.5</distance>
        <duration>636.3</duration>
        <type>12</type>
        <step>10</step>
      </extensions>
    </rtept>
    <rtept lat="46.464611" lon="13.722241">
      <name/>
      <desc>Keep left</desc>
      <extensions>
        <distance>3181.5</distance>
        <duration>636.3</duration>
        <type>12</type>
        <step>10</step>
      </extensions>
    </rtept>
    <rtept lat="46.464387" lon="13.722156">
      <name/>
      <desc>Keep left</desc>
      <extensions>
        <distance>3181.5</distance>
        <duration>636.3</duration>
        <type>12</type>
        <step>10</step>
      </extensions>
    </rtept>
    <rtept lat="46.464163" lon="13.722122">
      <name/>
      <desc>Keep left</desc>
      <extensions>
        <distance>3181.5</distance>
        <duration>636.3</duration>
        <type>12</type>
        <step>10</step>
      </extensions>
    </rtept>
    <rtept lat="46.463701" lon="13.722117">
      <name/>
      <desc>Keep left</desc>
      <extensions>
        <distance>3181.5</distance>
        <duration>636.3</duration>
        <type>12</type>
        <step>10</step>
      </extensions>
    </rtept>
    <rtept lat="46.463435" lon="13.722141">
      <name/>
      <desc>Keep left</desc>
      <extensions>
        <distance>3181.5</distance>
        <duration>636.3</duration>
        <type>12</type>
        <step>10</step>
      </extensions>
    </rtept>
    <rtept lat="46.462774" lon="13.722035">
      <name/>
      <desc>Keep left</desc>
      <extensions>
        <distance>3181.5</distance>
        <duration>636.3</duration>
        <type>12</type>
        <step>10</step>
      </extensions>
    </rtept>
    <rtept lat="46.46232" lon="13.722012">
      <name/>
      <desc>Keep left</desc>
      <extensions>
        <distance>3181.5</distance>
        <duration>636.3</duration>
        <type>12</type>
        <step>10</step>
      </extensions>
    </rtept>
    <rtept lat="46.461831" lon="13.721953">
      <name/>
      <desc>Keep left</desc>
      <extensions>
        <distance>3181.5</distance>
        <duration>636.3</duration>
        <type>12</type>
        <step>10</step>
      </extensions>
    </rtept>
    <rtept lat="46.461306" lon="13.721946">
      <name/>
      <desc>Keep left</desc>
      <extensions>
        <distance>3181.5</distance>
        <duration>636.3</duration>
        <type>12</type>
        <step>10</step>
      </extensions>
    </rtept>
    <rtept lat="46.460999" lon="13.721975">
      <name/>
      <desc>Keep left</desc>
      <extensions>
        <distance>3181.5</distance>
        <duration>636.3</duration>
        <type>12</type>
        <step>10</step>
      </extensions>
    </rtept>
    <rtept lat="46.459904" lon="13.722259">
      <name/>
      <desc>Keep left</desc>
      <extensions>
        <distance>3181.5</distance>
        <duration>636.3</duration>
        <type>12</type>
        <step>10</step>
      </extensions>
    </rtept>
    <rtept lat="46.459537" lon="13.722335">
      <name/>
      <desc>Keep left</desc>
      <extensions>
        <distance>3181.5</distance>
        <duration>636.3</duration>
        <type>12</type>
        <step>10</step>
      </extensions>
    </rtept>
    <rtept lat="46.459154" lon="13.72237">
      <name/>
      <desc>Keep left</desc>
      <extensions>
        <distance>3181.5</distance>
        <duration>636.3</duration>
        <type>12</type>
        <step>10</step>
      </extensions>
    </rtept>
    <rtept lat="46.458898" lon="13.722417">
      <name/>
      <desc>Keep left</desc>
      <extensions>
        <distance>3181.5</distance>
        <duration>636.3</duration>
        <type>12</type>
        <step>10</step>
      </extensions>
    </rtept>
    <rtept lat="46.458453" lon="13.722365">
      <name/>
      <desc>Keep left</desc>
      <extensions>
        <distance>3181.5</distance>
        <duration>636.3</duration>
        <type>12</type>
        <step>10</step>
      </extensions>
    </rtept>
    <rtept lat="46.458108" lon="13.722255">
      <name/>
      <desc>Keep left</desc>
      <extensions>
        <distance>3181.5</distance>
        <duration>636.3</duration>
        <type>12</type>
        <step>10</step>
      </extensions>
    </rtept>
    <rtept lat="46.45761" lon="13.722161">
      <name/>
      <desc>Keep left</desc>
      <extensions>
        <distance>3181.5</distance>
        <duration>636.3</duration>
        <type>12</type>
        <step>10</step>
      </extensions>
    </rtept>
    <rtept lat="46.457019" lon="13.722214">
      <name/>
      <desc>Keep left</desc>
      <extensions>
        <distance>3181.5</distance>
        <duration>636.3</duration>
        <type>12</type>
        <step>10</step>
      </extensions>
    </rtept>
    <rtept lat="46.456735" lon="13.722272">
      <name/>
      <desc>Keep left</desc>
      <extensions>
        <distance>3181.5</distance>
        <duration>636.3</duration>
        <type>12</type>
        <step>10</step>
      </extensions>
    </rtept>
    <rtept lat="46.4565" lon="13.722259">
      <name/>
      <desc>Keep left</desc>
      <extensions>
        <distance>3181.5</distance>
        <duration>636.3</duration>
        <type>12</type>
        <step>10</step>
      </extensions>
    </rtept>
    <rtept lat="46.456397" lon="13.722175">
      <name/>
      <desc>Keep left</desc>
      <extensions>
        <distance>3181.5</distance>
        <duration>636.3</duration>
        <type>12</type>
        <step>10</step>
      </extensions>
    </rtept>
    <rtept lat="46.456192" lon="13.721745">
      <name/>
      <desc>Keep left</desc>
      <extensions>
        <distance>3181.5</distance>
        <duration>636.3</duration>
        <type>12</type>
        <step>10</step>
      </extensions>
    </rtept>
    <rtept lat="46.456095" lon="13.721493">
      <name/>
      <desc>Keep left</desc>
      <extensions>
        <distance>3181.5</distance>
        <duration>636.3</duration>
        <type>12</type>
        <step>10</step>
      </extensions>
    </rtept>
    <rtept lat="46.455996" lon="13.721358">
      <name/>
      <desc>Keep left</desc>
      <extensions>
        <distance>3181.5</distance>
        <duration>636.3</duration>
        <type>12</type>
        <step>10</step>
      </extensions>
    </rtept>
    <rtept lat="46.455129" lon="13.720966">
      <name/>
      <desc>Keep left</desc>
      <extensions>
        <distance>3181.5</distance>
        <duration>636.3</duration>
        <type>12</type>
        <step>10</step>
      </extensions>
    </rtept>
    <rtept lat="46.45463" lon="13.720666">
      <name/>
      <desc>Keep left</desc>
      <extensions>
        <distance>3181.5</distance>
        <duration>636.3</duration>
        <type>12</type>
        <step>10</step>
      </extensions>
    </rtept>
    <rtept lat="46.454379" lon="13.720395">
      <name/>
      <desc>Keep left</desc>
      <extensions>
        <distance>3181.5</distance>
        <duration>636.3</duration>
        <type>12</type>
        <step>10</step>
      </extensions>
    </rtept>
    <rtept lat="46.454211" lon="13.720257">
      <name/>
      <desc>Keep left</desc>
      <extensions>
        <distance>3181.5</distance>
        <duration>636.3</duration>
        <type>12</type>
        <step>10</step>
      </extensions>
    </rtept>
    <rtept lat="46.454059" lon="13.720197">
      <name/>
      <desc>Keep left</desc>
      <extensions>
        <distance>3181.5</distance>
        <duration>636.3</duration>
        <type>12</type>
        <step>10</step>
      </extensions>
    </rtept>
    <rtept lat="46.452736" lon="13.719317">
      <name/>
      <desc>Keep left</desc>
      <extensions>
        <distance>3181.5</distance>
        <duration>636.3</duration>
        <type>12</type>
        <step>10</step>
      </extensions>
    </rtept>
    <rtept lat="46.452455" lon="13.719007">
      <name/>
      <desc>Keep left</desc>
      <extensions>
        <distance>3181.5</distance>
        <duration>636.3</duration>
        <type>12</type>
        <step>10</step>
      </extensions>
    </rtept>
    <rtept lat="46.452147" lon="13.718763">
      <name/>
      <desc>Keep left</desc>
      <extensions>
        <distance>3181.5</distance>
        <duration>636.3</duration>
        <type>12</type>
        <step>10</step>
      </extensions>
    </rtept>
    <rtept lat="46.451936" lon="13.718634">
      <name/>
      <desc>Keep left</desc>
      <extensions>
        <distance>3181.5</distance>
        <duration>636.3</duration>
        <type>12</type>
        <step>10</step>
      </extensions>
    </rtept>
    <rtept lat="46.451672" lon="13.718404">
      <name/>
      <desc>Keep left</desc>
      <extensions>
        <distance>3181.5</distance>
        <duration>636.3</duration>
        <type>12</type>
        <step>10</step>
      </extensions>
    </rtept>
    <rtept lat="46.451512" lon="13.718309">
      <name/>
      <desc>Keep left</desc>
      <extensions>
        <distance>3181.5</distance>
        <duration>636.3</duration>
        <type>12</type>
        <step>10</step>
      </extensions>
    </rtept>
    <rtept lat="46.450724" lon="13.718076">
      <name/>
      <desc>Keep left</desc>
      <extensions>
        <distance>3181.5</distance>
        <duration>636.3</duration>
        <type>12</type>
        <step>10</step>
      </extensions>
    </rtept>
    <rtept lat="46.450603" lon="13.717989">
      <name/>
      <desc>Keep left</desc>
      <extensions>
        <distance>3181.5</distance>
        <duration>636.3</duration>
        <type>12</type>
        <step>10</step>
      </extensions>
    </rtept>
    <rtept lat="46.450458" lon="13.717699">
      <name/>
      <desc>Keep left</desc>
      <extensions>
        <distance>3181.5</distance>
        <duration>636.3</duration>
        <type>12</type>
        <step>10</step>
      </extensions>
    </rtept>
    <rtept lat="46.450283" lon="13.717404">
      <name/>
      <desc>Keep left</desc>
      <extensions>
        <distance>3181.5</distance>
        <duration>636.3</duration>
        <type>12</type>
        <step>10</step>
      </extensions>
    </rtept>
    <rtept lat="46.450192" lon="13.717342">
      <name/>
      <desc>Keep left</desc>
      <extensions>
        <distance>3181.5</distance>
        <duration>636.3</duration>
        <type>12</type>
        <step>10</step>
      </extensions>
    </rtept>
    <rtept lat="46.449921" lon="13.717252">
      <name/>
      <desc>Keep left</desc>
      <extensions>
        <distance>3181.5</distance>
        <duration>636.3</duration>
        <type>12</type>
        <step>10</step>
      </extensions>
    </rtept>
    <rtept lat="46.449143" lon="13.717137">
      <name/>
      <desc>Keep left</desc>
      <extensions>
        <distance>3181.5</distance>
        <duration>636.3</duration>
        <type>12</type>
        <step>10</step>
      </extensions>
    </rtept>
    <rtept lat="46.449028" lon="13.717059">
      <name/>
      <desc>Keep left</desc>
      <extensions>
        <distance>3181.5</distance>
        <duration>636.3</duration>
        <type>12</type>
        <step>10</step>
      </extensions>
    </rtept>
    <rtept lat="46.448865" lon="13.716817">
      <name/>
      <desc>Keep left</desc>
      <extensions>
        <distance>3181.5</distance>
        <duration>636.3</duration>
        <type>12</type>
        <step>10</step>
      </extensions>
    </rtept>
    <rtept lat="46.448732" lon="13.716456">
      <name/>
      <desc>Keep left</desc>
      <extensions>
        <distance>3181.5</distance>
        <duration>636.3</duration>
        <type>12</type>
        <step>10</step>
      </extensions>
    </rtept>
    <rtept lat="46.44862" lon="13.716077">
      <name/>
      <desc>Keep left</desc>
      <extensions>
        <distance>3181.5</distance>
        <duration>636.3</duration>
        <type>12</type>
        <step>10</step>
      </extensions>
    </rtept>
    <rtept lat="46.448569" lon="13.715959">
      <name/>
      <desc>Keep left</desc>
      <extensions>
        <distance>3181.5</distance>
        <duration>636.3</duration>
        <type>12</type>
        <step>10</step>
      </extensions>
    </rtept>
    <rtept lat="46.447896" lon="13.715111">
      <name/>
      <desc>Keep left</desc>
      <extensions>
        <distance>3181.5</distance>
        <duration>636.3</duration>
        <type>12</type>
        <step>10</step>
      </extensions>
    </rtept>
    <rtept lat="46.447787" lon="13.714886">
      <name/>
      <desc>Keep left</desc>
      <extensions>
        <distance>3181.5</distance>
        <duration>636.3</duration>
        <type>12</type>
        <step>10</step>
      </extensions>
    </rtept>
    <rtept lat="46.447699" lon="13.714578">
      <name/>
      <desc>Keep left</desc>
      <extensions>
        <distance>3181.5</distance>
        <duration>636.3</duration>
        <type>12</type>
        <step>10</step>
      </extensions>
    </rtept>
    <rtept lat="46.447663" lon="13.714469">
      <name/>
      <desc>Keep left</desc>
      <extensions>
        <distance>3181.5</distance>
        <duration>636.3</duration>
        <type>12</type>
        <step>10</step>
      </extensions>
    </rtept>
    <rtept lat="46.447568" lon="13.71434">
      <name/>
      <desc>Keep left</desc>
      <extensions>
        <distance>3181.5</distance>
        <duration>636.3</duration>
        <type>12</type>
        <step>10</step>
      </extensions>
    </rtept>
    <rtept lat="46.447334" lon="13.714127">
      <name/>
      <desc>Keep left</desc>
      <extensions>
        <distance>179.6</distance>
        <duration>51.7</duration>
        <type>12</type>
        <step>11</step>
      </extensions>
    </rtept>
    <rtept lat="46.447279" lon="13.714096">
      <name/>
      <desc>Keep left</desc>
      <extensions>
        <distance>179.6</distance>
        <duration>51.7</duration>
        <type>12</type>
        <step>11</step>
      </extensions>
    </rtept>
    <rtept lat="46.447096" lon="13.714055">
      <name/>
      <desc>Keep left</desc>
      <extensions>
        <distance>179.6</distance>
        <duration>51.7</duration>
        <type>12</type>
        <step>11</step>
      </extensions>
    </rtept>
    <rtept lat="46.446648" lon="13.714018">
      <name/>
      <desc>Keep left</desc>
      <extensions>
        <distance>179.6</distance>
        <duration>51.7</duration>
        <type>12</type>
        <step>11</step>
      </extensions>
    </rtept>
    <rtept lat="46.446311" lon="13.7141">
      <name/>
      <desc>Keep left</desc>
      <extensions>
        <distance>179.6</distance>
        <duration>51.7</duration>
        <type>12</type>
        <step>11</step>
      </extensions>
    </rtept>
    <rtept lat="46.446248" lon="13.714107">
      <name/>
      <desc>Keep left</desc>
      <extensions>
        <distance>179.6</distance>
        <duration>51.7</duration>
        <type>12</type>
        <step>11</step>
      </extensions>
    </rtept>
    <rtept lat="46.446193" lon="13.714087">
      <name/>
      <desc>Keep left</desc>
      <extensions>
        <distance>179.6</distance>
        <duration>51.7</duration>
        <type>12</type>
        <step>11</step>
      </extensions>
    </rtept>
    <rtept lat="46.446024" lon="13.713939">
      <name/>
      <desc>Keep left</desc>
      <extensions>
        <distance>179.6</distance>
        <duration>51.7</duration>
        <type>12</type>
        <step>11</step>
      </extensions>
    </rtept>
    <rtept lat="46.445978" lon="13.713833">
      <name/>
      <desc>Keep left</desc>
      <extensions>
        <distance>179.6</distance>
        <duration>51.7</duration>
        <type>12</type>
        <step>11</step>
      </extensions>
    </rtept>
    <rtept lat="46.445971" lon="13.713717">
      <name/>
      <desc>Keep left</desc>
      <extensions>
        <distance>179.6</distance>
        <duration>51.7</duration>
        <type>12</type>
        <step>11</step>
      </extensions>
    </rtept>
    <rtept lat="46.445986" lon="13.713579">
      <name/>
      <desc>Turn left</desc>
      <extensions>
        <distance>32.3</distance>
        <duration>9.7</duration>
        <type>0</type>
        <step>12</step>
      </extensions>
    </rtept>
    <rtept lat="46.445909" lon="13.713555">
      <name/>
      <desc>Turn left</desc>
      <extensions>
        <distance>32.3</distance>
        <duration>9.7</duration>
        <type>0</type>
        <step>12</step>
      </extensions>
    </rtept>
    <rtept lat="46.445854" lon="13.713429">
      <name/>
      <desc>Turn left</desc>
      <extensions>
        <distance>32.3</distance>
        <duration>9.7</duration>
        <type>0</type>
        <step>12</step>
      </extensions>
    </rtept>
    <rtept lat="46.445823" lon="13.713277">
      <name/>
      <desc>Turn right</desc>
      <extensions>
        <distance>34.6</distance>
        <duration>8.9</duration>
        <type>1</type>
        <step>13</step>
      </extensions>
    </rtept>
    <rtept lat="46.4459" lon="13.713209">
      <name/>
      <desc>Turn right</desc>
      <extensions>
        <distance>34.6</distance>
        <duration>8.9</duration>
        <type>1</type>
        <step>13</step>
      </extensions>
    </rtept>
    <rtept lat="46.446084" lon="13.713253">
      <name/>
      <desc>Arrive at your destination, on the right</desc>
      <extensions>
        <distance>0.0</distance>
        <duration>0.0</duration>
        <type>10</type>
        <step>14</step>
      </extensions>
    </rtept>
    <rtept lat="46.446084" lon="13.713253">
      <name/>
      <desc>Head south</desc>
      <extensions>
        <distance>34.6</distance>
        <duration>8.9</duration>
        <type>11</type>
        <step>15</step>
      </extensions>
    </rtept>
    <rtept lat="46.4459" lon="13.713209">
      <name/>
      <desc>Head south</desc>
      <extensions>
        <distance>34.6</distance>
        <duration>8.9</duration>
        <type>11</type>
        <step>15</step>
      </extensions>
    </rtept>
    <rtept lat="46.445823" lon="13.713277">
      <name/>
      <desc>Turn right</desc>
      <extensions>
        <distance>684.7</distance>
        <duration>177.8</duration>
        <type>1</type>
        <step>16</step>
      </extensions>
    </rtept>
    <rtept lat="46.445764" lon="13.713235">
      <name/>
      <desc>Turn right</desc>
      <extensions>
        <distance>684.7</distance>
        <duration>177.8</duration>
        <type>1</type>
        <step>16</step>
      </extensions>
    </rtept>
    <rtept lat="46.445627" lon="13.713326">
      <name/>
      <desc>Turn right</desc>
      <extensions>
        <distance>684.7</distance>
        <duration>177.8</duration>
        <type>1</type>
        <step>16</step>
      </extensions>
    </rtept>
    <rtept lat="46.445025" lon="13.712953">
      <name/>
      <desc>Turn right</desc>
      <extensions>
        <distance>684.7</distance>
        <duration>177.8</duration>
        <type>1</type>
        <step>16</step>
      </extensions>
    </rtept>
    <rtept lat="46.444699" lon="13.712873">
      <name/>
      <desc>Turn right</desc>
      <extensions>
        <distance>684.7</distance>
        <duration>177.8</duration>
        <type>1</type>
        <step>16</step>
      </extensions>
    </rtept>
    <rtept lat="46.444324" lon="13.712687">
      <name/>
      <desc>Turn right</desc>
      <extensions>
        <distance>684.7</distance>
        <duration>177.8</duration>
        <type>1</type>
        <step>16</step>
      </extensions>
    </rtept>
    <rtept lat="46.444152" lon="13.712445">
      <name/>
      <desc>Turn right</desc>
      <extensions>
        <distance>684.7</distance>
        <duration>177.8</duration>
        <type>1</type>
        <step>16</step>
      </extensions>
    </rtept>
    <rtept lat="46.443938" lon="13.712237">
      <name/>
      <desc>Turn right</desc>
      <extensions>
        <distance>684.7</distance>
        <duration>177.8</duration>
        <type>1</type>
        <step>16</step>
      </extensions>
    </rtept>
    <rtept lat="46.443654" lon="13.712219">
      <name/>
      <desc>Turn right</desc>
      <extensions>
        <distance>684.7</distance>
        <duration>177.8</duration>
        <type>1</type>
        <step>16</step>
      </extensions>
    </rtept>
    <rtept lat="46.44348" lon="13.712265">
      <name/>
      <desc>Turn right</desc>
      <extensions>
        <distance>684.7</distance>
        <duration>177.8</duration>
        <type>1</type>
        <step>16</step>
      </extensions>
    </rtept>
    <rtept lat="46.44311" lon="13.712134">
      <name/>
      <desc>Turn right</desc>
      <extensions>
        <distance>684.7</distance>
        <duration>177.8</duration>
        <type>1</type>
        <step>16</step>
      </extensions>
    </rtept>
    <rtept lat="46.442992" lon="13.712058">
      <name/>
      <desc>Turn right</desc>
      <extensions>
        <distance>684.7</distance>
        <duration>177.8</duration>
        <type>1</type>
        <step>16</step>
      </extensions>
    </rtept>
    <rtept lat="46.442812" lon="13.711901">
      <name/>
      <desc>Turn right</desc>
      <extensions>
        <distance>684.7</distance>
        <duration>177.8</duration>
        <type>1</type>
        <step>16</step>
      </extensions>
    </rtept>
    <rtept lat="46.44268" lon="13.711919">
      <name/>
      <desc>Turn right</desc>
      <extensions>
        <distance>684.7</distance>
        <duration>177.8</duration>
        <type>1</type>
        <step>16</step>
      </extensions>
    </rtept>
    <rtept lat="46.442424" lon="13.711995">
      <name/>
      <desc>Turn right</desc>
      <extensions>
        <distance>684.7</distance>
        <duration>177.8</duration>
        <type>1</type>
        <step>16</step>
      </extensions>
    </rtept>
    <rtept lat="46.442099" lon="13.712164">
      <name/>
      <desc>Turn right</desc>
      <extensions>
        <distance>684.7</distance>
        <duration>177.8</duration>
        <type>1</type>
        <step>16</step>
      </extensions>
    </rtept>
    <rtept lat="46.441826" lon="13.712385">
      <name/>
      <desc>Turn right</desc>
      <extensions>
        <distance>684.7</distance>
        <duration>177.8</duration>
        <type>1</type>
        <step>16</step>
      </extensions>
    </rtept>
    <rtept lat="46.441495" lon="13.712378">
      <name/>
      <desc>Turn right</desc>
      <extensions>
        <distance>684.7</distance>
        <duration>177.8</duration>
        <type>1</type>
        <step>16</step>
      </extensions>
    </rtept>
    <rtept lat="46.440808" lon="13.71218">
      <name/>
      <desc>Turn right</desc>
      <extensions>
        <distance>684.7</distance>
        <duration>177.8</duration>
        <type>1</type>
        <step>16</step>
      </extensions>
    </rtept>
    <rtept lat="46.440704" lon="13.712122">
      <name/>
      <desc>Turn right</desc>
      <extensions>
        <distance>684.7</distance>
        <duration>177.8</duration>
        <type>1</type>
        <step>16</step>
      </extensions>
    </rtept>
    <rtept lat="46.440617" lon="13.712034">
      <name/>
      <desc>Turn right</desc>
      <extensions>
        <distance>684.7</distance>
        <duration>177.8</duration>
        <type>1</type>
        <step>16</step>
      </extensions>
    </rtept>
    <rtept lat="46.440296" lon="13.711883">
      <name/>
      <desc>Turn right</desc>
      <extensions>
        <distance>684.7</distance>
        <duration>177.8</duration>
        <type>1</type>
        <step>16</step>
      </extensions>
    </rtept>
    <rtept lat="46.440192" lon="13.711839">
      <name/>
      <desc>Turn right</desc>
      <extensions>
        <distance>684.7</distance>
        <duration>177.8</duration>
        <type>1</type>
        <step>16</step>
      </extensions>
    </rtept>
    <rtept lat="46.440057" lon="13.711826">
      <name/>
      <desc>Keep left</desc>
      <extensions>
        <distance>110.8</distance>
        <duration>22.2</duration>
        <type>12</type>
        <step>17</step>
      </extensions>
    </rtept>
    <rtept lat="46.439948" lon="13.711921">
      <name/>
      <desc>Keep left</desc>
      <extensions>
        <distance>110.8</distance>
        <duration>22.2</duration>
        <type>12</type>
        <step>17</step>
      </extensions>
    </rtept>
    <rtept lat="46.439912" lon="13.711932">
      <name/>
      <desc>Keep left</desc>
      <extensions>
        <distance>110.8</distance>
        <duration>22.2</duration>
        <type>12</type>
        <step>17</step>
      </extensions>
    </rtept>
    <rtept lat="46.439865" lon="13.711987">
      <name/>
      <desc>Keep left</desc>
      <extensions>
        <distance>110.8</distance>
        <duration>22.2</duration>
        <type>12</type>
        <step>17</step>
      </extensions>
    </rtept>
    <rtept lat="46.439776" lon="13.712023">
      <name/>
      <desc>Keep left</desc>
      <extensions>
        <distance>110.8</distance>
        <duration>22.2</duration>
        <type>12</type>
        <step>17</step>
      </extensions>
    </rtept>
    <rtept lat="46.439735" lon="13.712141">
      <name/>
      <desc>Keep left</desc>
      <extensions>
        <distance>110.8</distance>
        <duration>22.2</duration>
        <type>12</type>
        <step>17</step>
      </extensions>
    </rtept>
    <rtept lat="46.439638" lon="13.712163">
      <name/>
      <desc>Keep left</desc>
      <extensions>
        <distance>110.8</distance>
        <duration>22.2</duration>
        <type>12</type>
        <step>17</step>
      </extensions>
    </rtept>
    <rtept lat="46.439529" lon="13.712275">
      <name/>
      <desc>Keep left</desc>
      <extensions>
        <distance>110.8</distance>
        <duration>22.2</duration>
        <type>12</type>
        <step>17</step>
      </extensions>
    </rtept>
    <rtept lat="46.439376" lon="13.71223">
      <name/>
      <desc>Keep left</desc>
      <extensions>
        <distance>110.8</distance>
        <duration>22.2</duration>
        <type>12</type>
        <step>17</step>
      </extensions>
    </rtept>
    <rtept lat="46.439307" lon="13.712133">
      <name/>
      <desc>Keep left</desc>
      <extensions>
        <distance>110.8</distance>
        <duration>22.2</duration>
        <type>12</type>
        <step>17</step>
      </extensions>
    </rtept>
    <rtept lat="46.439204" lon="13.712098">
      <name/>
      <desc>Turn left</desc>
      <extensions>
        <distance>2036.3</distance>
        <duration>407.3</duration>
        <type>0</type>
        <step>18</step>
      </extensions>
    </rtept>
    <rtept lat="46.439001" lon="13.71229">
      <name/>
      <desc>Turn left</desc>
      <extensions>
        <distance>2036.3</distance>
        <duration>407.3</duration>
        <type>0</type>
        <step>18</step>
      </extensions>
    </rtept>
    <rtept lat="46.438829" lon="13.712562">
      <name/>
      <desc>Turn left</desc>
      <extensions>
        <distance>2036.3</distance>
        <duration>407.3</duration>
        <type>0</type>
        <step>18</step>
      </extensions>
    </rtept>
    <rtept lat="46.438526" lon="13.712641">
      <name/>
      <desc>Turn left</desc>
      <extensions>
        <distance>2036.3</distance>
        <duration>407.3</duration>
        <type>0</type>
        <step>18</step>
      </extensions>
    </rtept>
    <rtept lat="46.438456" lon="13.712711">
      <name/>
      <desc>Turn left</desc>
      <extensions>
        <distance>2036.3</distance>
        <duration>407.3</duration>
        <type>0</type>
        <step>18</step>
      </extensions>
    </rtept>
    <rtept lat="46.438441" lon="13.712751">
      <name/>
      <desc>Turn left</desc>
      <extensions>
        <distance>2036.3</distance>
        <duration>407.3</duration>
        <type>0</type>
        <step>18</step>
      </extensions>
    </rtept>
    <rtept lat="46.438334" lon="13.712813">
      <name/>
      <desc>Turn left</desc>
      <extensions>
        <distance>2036.3</distance>
        <duration>407.3</duration>
        <type>0</type>
        <step>18</step>
      </extensions>
    </rtept>
    <rtept lat="46.438106" lon="13.712877">
      <name/>
      <desc>Turn left</desc>
      <extensions>
        <distance>2036.3</distance>
        <duration>407.3</duration>
        <type>0</type>
        <step>18</step>
      </extensions>
    </rtept>
    <rtept lat="46.438029" lon="13.712946">
      <name/>
      <desc>Turn left</desc>
      <extensions>
        <distance>2036.3</distance>
        <duration>407.3</duration>
        <type>0</type>
        <step>18</step>
      </extensions>
    </rtept>
    <rtept lat="46.437861" lon="13.713023">
      <name/>
      <desc>Turn left</desc>
      <extensions>
        <distance>2036.3</distance>
        <duration>407.3</duration>
        <type>0</type>
        <step>18</step>
      </extensions>
    </rtept>
    <rtept lat="46.437848" lon="13.713055">
      <name/>
      <desc>Turn left</desc>
      <extensions>
        <distance>2036.3</distance>
        <duration>407.3</duration>
        <type>0</type>
        <step>18</step>
      </extensions>
    </rtept>
    <rtept lat="46.437729" lon="13.71312">
      <name/>
      <desc>Turn left</desc>
      <extensions>
        <distance>2036.3</distance>
        <duration>407.3</duration>
        <type>0</type>
        <step>18</step>
      </extensions>
    </rtept>
    <rtept lat="46.43763" lon="13.713249">
      <name/>
      <desc>Turn left</desc>
      <extensions>
        <distance>2036.3</distance>
        <duration>407.3</duration>
        <type>0</type>
        <step>18</step>
      </extensions>
    </rtept>
    <rtept lat="46.437577" lon="13.713281">
      <name/>
      <desc>Turn left</desc>
      <extensions>
        <distance>2036.3</distance>
        <duration>407.3</duration>
        <type>0</type>
        <step>18</step>
      </extensions>
    </rtept>
    <rtept lat="46.437556" lon="13.713357">
      <name/>
      <desc>Turn left</desc>
      <extensions>
        <distance>2036.3</distance>
        <duration>407.3</duration>
        <type>0</type>
        <step>18</step>
      </extensions>
    </rtept>
    <rtept lat="46.437488" lon="13.713343">
      <name/>
      <desc>Turn left</desc>
      <extensions>
        <distance>2036.3</distance>
        <duration>407.3</duration>
        <type>0</type>
        <step>18</step>
      </extensions>
    </rtept>
    <rtept lat="46.437485" lon="13.713399">
      <name/>
      <desc>Turn left</desc>
      <extensions>
        <distance>2036.3</distance>
        <duration>407.3</duration>
        <type>0</type>
        <step>18</step>
      </extensions>
    </rtept>
    <rtept lat="46.437443" lon="13.713371">
      <name/>
      <desc>Turn left</desc>
      <extensions>
        <distance>2036.3</distance>
        <duration>407.3</duration>
        <type>0</type>
        <step>18</step>
      </extensions>
    </rtept>
    <rtept lat="46.437377" lon="13.713426">
      <name/>
      <desc>Turn left</desc>
      <extensions>
        <distance>2036.3</distance>
        <duration>407.3</duration>
        <type>0</type>
        <step>18</step>
      </extensions>
    </rtept>
    <rtept lat="46.437293" lon="13.713379">
      <name/>
      <desc>Turn left</desc>
      <extensions>
        <distance>2036.3</distance>
        <duration>407.3</duration>
        <type>0</type>
        <step>18</step>
      </extensions>
    </rtept>
    <rtept lat="46.437175" lon="13.713403">
      <name/>
      <desc>Turn left</desc>
      <extensions>
        <distance>2036.3</distance>
        <duration>407.3</duration>
        <type>0</type>
        <step>18</step>
      </extensions>
    </rtept>
    <rtept lat="46.437106" lon="13.713348">
      <name/>
      <desc>Turn left</desc>
      <extensions>
        <distance>2036.3</distance>
        <duration>407.3</duration>
        <type>0</type>
        <step>18</step>
      </extensions>
    </rtept>
    <rtept lat="46.436562" lon="13.713267">
      <name/>
      <desc>Turn left</desc>
      <extensions>
        <distance>2036.3</distance>
        <duration>407.3</duration>
        <type>0</type>
        <step>18</step>
      </extensions>
    </rtept>
    <rtept lat="46.436339" lon="13.713283">
      <name/>
      <desc>Turn left</desc>
      <extensions>
        <distance>2036.3</distance>
        <duration>407.3</duration>
        <type>0</type>
        <step>18</step>
      </extensions>
    </rtept>
    <rtept lat="46.43588" lon="13.713384">
      <name/>
      <desc>Turn left</desc>
      <extensions>
        <distance>2036.3</distance>
        <duration>407.3</duration>
        <type>0</type>
        <step>18</step>
      </extensions>
    </rtept>
    <rtept lat="46.435967" lon="13.71371">
      <name/>
      <desc>Turn left</desc>
      <extensions>
        <distance>2036.3</distance>
        <duration>407.3</duration>
        <type>0</type>
        <step>18</step>
      </extensions>
    </rtept>
    <rtept lat="46.436182" lon="13.713941">
      <name/>
      <desc>Turn left</desc>
      <extensions>
        <distance>2036.3</distance>
        <duration>407.3</duration>
        <type>0</type>
        <step>18</step>
      </extensions>
    </rtept>
    <rtept lat="46.436251" lon="13.714055">
      <name/>
      <desc>Turn left</desc>
      <extensions>
        <distance>2036.3</distance>
        <duration>407.3</duration>
        <type>0</type>
        <step>18</step>
      </extensions>
    </rtept>
    <rtept lat="46.436317" lon="13.714057">
      <name/>
      <desc>Turn left</desc>
      <extensions>
        <distance>2036.3</distance>
        <duration>407.3</duration>
        <type>0</type>
        <step>18</step>
      </extensions>
    </rtept>
    <rtept lat="46.436599" lon="13.713986">
      <name/>
      <desc>Turn left</desc>
      <extensions>
        <distance>2036.3</distance>
        <duration>407.3</duration>
        <type>0</type>
        <step>18</step>
      </extensions>
    </rtept>
    <rtept lat="46.436689" lon="13.714366">
      <name/>
      <desc>Turn left</desc>
      <extensions>
        <distance>2036.3</distance>
        <duration>407.3</duration>
        <type>0</type>
        <step>18</step>
      </extensions>
    </rtept>
    <rtept lat="46.436854" lon="13.714563">
      <name/>
      <desc>Turn left</desc>
      <extensions>
        <distance>2036.3</distance>
        <duration>407.3</duration>
        <type>0</type>
        <step>18</step>
      </extensions>
    </rtept>
    <rtept lat="46.437021" lon="13.715006">
      <name/>
      <desc>Turn left</desc>
      <extensions>
        <distance>2036.3</distance>
        <duration>407.3</duration>
        <type>0</type>
        <step>18</step>
      </extensions>
    </rtept>
    <rtept lat="46.437232" lon="13.715351">
      <name/>
      <desc>Turn left</desc>
      <extensions>
        <distance>2036.3</distance>
        <duration>407.3</duration>
        <type>0</type>
        <step>18</step>
      </extensions>
    </rtept>
    <rtept lat="46.437402" lon="13.715713">
      <name/>
      <desc>Turn left</desc>
      <extensions>
        <distance>2036.3</distance>
        <duration>407.3</duration>
        <type>0</type>
        <step>18</step>
      </extensions>
    </rtept>
    <rtept lat="46.437461" lon="13.715892">
      <name/>
      <desc>Turn left</desc>
      <extensions>
        <distance>2036.3</distance>
        <duration>407.3</duration>
        <type>0</type>
        <step>18</step>
      </extensions>
    </rtept>
    <rtept lat="46.437546" lon="13.716044">
      <name/>
      <desc>Turn left</desc>
      <extensions>
        <distance>2036.3</distance>
        <duration>407.3</duration>
        <type>0</type>
        <step>18</step>
      </extensions>
    </rtept>
    <rtept lat="46.437805" lon="13.716684">
      <name/>
      <desc>Turn left</desc>
      <extensions>
        <distance>2036.3</distance>
        <duration>407.3</duration>
        <type>0</type>
        <step>18</step>
      </extensions>
    </rtept>
    <rtept lat="46.43799" lon="13.71702">
      <name/>
      <desc>Turn left</desc>
      <extensions>
        <distance>2036.3</distance>
        <duration>407.3</duration>
        <type>0</type>
        <step>18</step>
      </extensions>
    </rtept>
    <rtept lat="46.438053" lon="13.717338">
      <name/>
      <desc>Turn left</desc>
      <extensions>
        <distance>2036.3</distance>
        <duration>407.3</duration>
        <type>0</type>
        <step>18</step>
      </extensions>
    </rtept>
    <rtept lat="46.438133" lon="13.717405">
      <name/>
      <desc>Turn left</desc>
      <extensions>
        <distance>2036.3</distance>
        <duration>407.3</duration>
        <type>0</type>
        <step>18</step>
      </extensions>
    </rtept>
    <rtept lat="46.438256" lon="13.717465">
      <name/>
      <desc>Turn left</desc>
      <extensions>
        <distance>2036.3</distance>
        <duration>407.3</duration>
        <type>0</type>
        <step>18</step>
      </extensions>
    </rtept>
    <rtept lat="46.438345" lon="13.717569">
      <name/>
      <desc>Turn left</desc>
      <extensions>
        <distance>2036.3</distance>
        <duration>407.3</duration>
        <type>0</type>
        <step>18</step>
      </extensions>
    </rtept>
    <rtept lat="46.438511" lon="13.717646">
      <name/>
      <desc>Turn left</desc>
      <extensions>
        <distance>2036.3</distance>
        <duration>407.3</duration>
        <type>0</type>
        <step>18</step>
      </extensions>
    </rtept>
    <rtept lat="46.438677" lon="13.717867">
      <name/>
      <desc>Turn left</desc>
      <extensions>
        <distance>2036.3</distance>
        <duration>407.3</duration>
        <type>0</type>
        <step>18</step>
      </extensions>
    </rtept>
    <rtept lat="46.438974" lon="13.718364">
      <name/>
      <desc>Turn left</desc>
      <extensions>
        <distance>2036.3</distance>
        <duration>407.3</duration>
        <type>0</type>
        <step>18</step>
      </extensions>
    </rtept>
    <rtept lat="46.43899" lon="13.718494">
      <name/>
      <desc>Turn left</desc>
      <extensions>
        <distance>2036.3</distance>
        <duration>407.3</duration>
        <type>0</type>
        <step>18</step>
      </extensions>
    </rtept>
    <rtept lat="46.439053" lon="13.718549">
      <name/>
      <desc>Turn left</desc>
      <extensions>
        <distance>2036.3</distance>
        <duration>407.3</duration>
        <type>0</type>
        <step>18</step>
      </extensions>
    </rtept>
    <rtept lat="46.439151" lon="13.718879">
      <name/>
      <desc>Turn left</desc>
      <extensions>
        <distance>2036.3</distance>
        <duration>407.3</duration>
        <type>0</type>
        <step>18</step>
      </extensions>
    </rtept>
    <rtept lat="46.439283" lon="13.719127">
      <name/>
      <desc>Turn left</desc>
      <extensions>
        <distance>2036.3</distance>
        <duration>407.3</duration>
        <type>0</type>
        <step>18</step>
      </extensions>
    </rtept>
    <rtept lat="46.439279" lon="13.719189">
      <name/>
      <desc>Turn left</desc>
      <extensions>
        <distance>2036.3</distance>
        <duration>407.3</duration>
        <type>0</type>
        <step>18</step>
      </extensions>
    </rtept>
    <rtept lat="46.439308" lon="13.719244">
      <name/>
      <desc>Turn left</desc>
      <extensions>
        <distance>2036.3</distance>
        <duration>407.3</duration>
        <type>0</type>
        <step>18</step>
      </extensions>
    </rtept>
    <rtept lat="46.439306" lon="13.719317">
      <name/>
      <desc>Turn left</desc>
      <extensions>
        <distance>2036.3</distance>
        <duration>407.3</duration>
        <type>0</type>
        <step>18</step>
      </extensions>
    </rtept>
    <rtept lat="46.439376" lon="13.719454">
      <name/>
      <desc>Turn left</desc>
      <extensions>
        <distance>2036.3</distance>
        <duration>407.3</duration>
        <type>0</type>
        <step>18</step>
      </extensions>
    </rtept>
    <rtept lat="46.439405" lon="13.719478">
      <name/>
      <desc>Turn left</desc>
      <extensions>
        <distance>2036.3</distance>
        <duration>407.3</duration>
        <type>0</type>
        <step>18</step>
      </extensions>
    </rtept>
    <rtept lat="46.439409" lon="13.719531">
      <name/>
      <desc>Turn left</desc>
      <extensions>
        <distance>2036.3</distance>
        <duration>407.3</duration>
        <type>0</type>
        <step>18</step>
      </extensions>
    </rtept>
    <rtept lat="46.439448" lon="13.719543">
      <name/>
      <desc>Turn left</desc>
      <extensions>
        <distance>2036.3</distance>
        <duration>407.3</duration>
        <type>0</type>
        <step>18</step>
      </extensions>
    </rtept>
    <rtept lat="46.439457" lon="13.7196">
      <name/>
      <desc>Turn left</desc>
      <extensions>
        <distance>2036.3</distance>
        <duration>407.3</duration>
        <type>0</type>
        <step>18</step>
      </extensions>
    </rtept>
    <rtept lat="46.439596" lon="13.719777">
      <name/>
      <desc>Turn left</desc>
      <extensions>
        <distance>2036.3</distance>
        <duration>407.3</duration>
        <type>0</type>
        <step>18</step>
      </extensions>
    </rtept>
    <rtept lat="46.439584" lon="13.720167">
      <name/>
      <desc>Turn left</desc>
      <extensions>
        <distance>2036.3</distance>
        <duration>407.3</duration>
        <type>0</type>
        <step>18</step>
      </extensions>
    </rtept>
    <rtept lat="46.439613" lon="13.720197">
      <name/>
      <desc>Turn left</desc>
      <extensions>
        <distance>2036.3</distance>
        <duration>407.3</duration>
        <type>0</type>
        <step>18</step>
      </extensions>
    </rtept>
    <rtept lat="46.439641" lon="13.72036">
      <name/>
      <desc>Turn left</desc>
      <extensions>
        <distance>2036.3</distance>
        <duration>407.3</duration>
        <type>0</type>
        <step>18</step>
      </extensions>
    </rtept>
    <rtept lat="46.439702" lon="13.720346">
      <name/>
      <desc>Turn left</desc>
      <extensions>
        <distance>2036.3</distance>
        <duration>407.3</duration>
        <type>0</type>
        <step>18</step>
      </extensions>
    </rtept>
    <rtept lat="46.439708" lon="13.720394">
      <name/>
      <desc>Turn left</desc>
      <extensions>
        <distance>2036.3</distance>
        <duration>407.3</duration>
        <type>0</type>
        <step>18</step>
      </extensions>
    </rtept>
    <rtept lat="46.439743" lon="13.72041">
      <name/>
      <desc>Turn left</desc>
      <extensions>
        <distance>2036.3</distance>
        <duration>407.3</duration>
        <type>0</type>
        <step>18</step>
      </extensions>
    </rtept>
    <rtept lat="46.439744" lon="13.72052">
      <name/>
      <desc>Turn left</desc>
      <extensions>
        <distance>2036.3</distance>
        <duration>407.3</duration>
        <type>0</type>
        <step>18</step>
      </extensions>
    </rtept>
    <rtept lat="46.439783" lon="13.720588">
      <name/>
      <desc>Turn left</desc>
      <extensions>
        <distance>2036.3</distance>
        <duration>407.3</duration>
        <type>0</type>
        <step>18</step>
      </extensions>
    </rtept>
    <rtept lat="46.439792" lon="13.720769">
      <name/>
      <desc>Turn left</desc>
      <extensions>
        <distance>2036.3</distance>
        <duration>407.3</duration>
        <type>0</type>
        <step>18</step>
      </extensions>
    </rtept>
    <rtept lat="46.439905" lon="13.721083">
      <name/>
      <desc>Turn left</desc>
      <extensions>
        <distance>2036.3</distance>
        <duration>407.3</duration>
        <type>0</type>
        <step>18</step>
      </extensions>
    </rtept>
    <rtept lat="46.439921" lon="13.721216">
      <name/>
      <desc>Turn left</desc>
      <extensions>
        <distance>2036.3</distance>
        <duration>407.3</duration>
        <type>0</type>
        <step>18</step>
      </extensions>
    </rtept>
    <rtept lat="46.439892" lon="13.72134">
      <name/>
      <desc>Turn left</desc>
      <extensions>
        <distance>2036.3</distance>
        <duration>407.3</duration>
        <type>0</type>
        <step>18</step>
      </extensions>
    </rtept>
    <rtept lat="46.439904" lon="13.72141">
      <name/>
      <desc>Turn left</desc>
      <extensions>
        <distance>2036.3</distance>
        <duration>407.3</duration>
        <type>0</type>
        <step>18</step>
      </extensions>
    </rtept>
    <rtept lat="46.439884" lon="13.721448">
      <name/>
      <desc>Turn left</desc>
      <extensions>
        <distance>2036.3</distance>
        <duration>407.3</duration>
        <type>0</type>
        <step>18</step>
      </extensions>
    </rtept>
    <rtept lat="46.439924" lon="13.721526">
      <name/>
      <desc>Turn left</desc>
      <extensions>
        <distance>2036.3</distance>
        <duration>407.3</duration>
        <type>0</type>
        <step>18</step>
      </extensions>
    </rtept>
    <rtept lat="46.439928" lon="13.7216">
      <name/>
      <desc>Turn left</desc>
      <extensions>
        <distance>2036.3</distance>
        <duration>407.3</duration>
        <type>0</type>
        <step>18</step>
      </extensions>
    </rtept>
    <rtept lat="46.439979" lon="13.721653">
      <name/>
      <desc>Turn left</desc>
      <extensions>
        <distance>2036.3</distance>
        <duration>407.3</duration>
        <type>0</type>
        <step>18</step>
      </extensions>
    </rtept>
    <rtept lat="46.440024" lon="13.721656">
      <name/>
      <desc>Turn left</desc>
      <extensions>
        <distance>2036.3</distance>
        <duration>407.3</duration>
        <type>0</type>
        <step>18</step>
      </extensions>
    </rtept>
    <rtept lat="46.440074" lon="13.721693">
      <name/>
      <desc>Turn left</desc>
      <extensions>
        <distance>2036.3</distance>
        <duration>407.3</duration>
        <type>0</type>
        <step>18</step>
      </extensions>
    </rtept>
    <rtept lat="46.440152" lon="13.721791">
      <name/>
      <desc>Turn left</desc>
      <extensions>
        <distance>2036.3</distance>
        <duration>407.3</duration>
        <type>0</type>
        <step>18</step>
      </extensions>
    </rtept>
    <rtept lat="46.440237" lon="13.722066">
      <name/>
      <desc>Turn left</desc>
      <extensions>
        <distance>2036.3</distance>
        <duration>407.3</duration>
        <type>0</type>
        <step>18</step>
      </extensions>
    </rtept>
    <rtept lat="46.440276" lon="13.722097">
      <name/>
      <desc>Turn left</desc>
      <extensions>
        <distance>2036.3</distance>
        <duration>407.3</duration>
        <type>0</type>
        <step>18</step>
      </extensions>
    </rtept>
    <rtept lat="46.44028" lon="13.722163">
      <name/>
      <desc>Turn left</desc>
      <extensions>
        <distance>2036.3</distance>
        <duration>407.3</duration>
        <type>0</type>
        <step>18</step>
      </extensions>
    </rtept>
    <rtept lat="46.440314" lon="13.722179">
      <name/>
      <desc>Turn left</desc>
      <extensions>
        <distance>2036.3</distance>
        <duration>407.3</duration>
        <type>0</type>
        <step>18</step>
      </extensions>
    </rtept>
    <rtept lat="46.440338" lon="13.72223">
      <name/>
      <desc>Turn left</desc>
      <extensions>
        <distance>2036.3</distance>
        <duration>407.3</duration>
        <type>0</type>
        <step>18</step>
      </extensions>
    </rtept>
    <rtept lat="46.440339" lon="13.722317">
      <name/>
      <desc>Turn left</desc>
      <extensions>
        <distance>2036.3</distance>
        <duration>407.3</duration>
        <type>0</type>
        <step>18</step>
      </extensions>
    </rtept>
    <rtept lat="46.44039" lon="13.722405">
      <name/>
      <desc>Turn left</desc>
      <extensions>
        <distance>2036.3</distance>
        <duration>407.3</duration>
        <type>0</type>
        <step>18</step>
      </extensions>
    </rtept>
    <rtept lat="46.440474" lon="13.722649">
      <name/>
      <desc>Turn left</desc>
      <extensions>
        <distance>2036.3</distance>
        <duration>407.3</duration>
        <type>0</type>
        <step>18</step>
      </extensions>
    </rtept>
    <rtept lat="46.440433" lon="13.722918">
      <name/>
      <desc>Turn left</desc>
      <extensions>
        <distance>2036.3</distance>
        <duration>407.3</duration>
        <type>0</type>
        <step>18</step>
      </extensions>
    </rtept>
    <rtept lat="46.440424" lon="13.723176">
      <name/>
      <desc>Turn left</desc>
      <extensions>
        <distance>2036.3</distance>
        <duration>407.3</duration>
        <type>0</type>
        <step>18</step>
      </extensions>
    </rtept>
    <rtept lat="46.44052" lon="13.723353">
      <name/>
      <desc>Turn left</desc>
      <extensions>
        <distance>2036.3</distance>
        <duration>407.3</duration>
        <type>0</type>
        <step>18</step>
      </extensions>
    </rtept>
    <rtept lat="46.440544" lon="13.723431">
      <name/>
      <desc>Turn left</desc>
      <extensions>
        <distance>2036.3</distance>
        <duration>407.3</duration>
        <type>0</type>
        <step>18</step>
      </extensions>
    </rtept>
    <rtept lat="46.440521" lon="13.723485">
      <name/>
      <desc>Turn left</desc>
      <extensions>
        <distance>2036.3</distance>
        <duration>407.3</duration>
        <type>0</type>
        <step>18</step>
      </extensions>
    </rtept>
    <rtept lat="46.440489" lon="13.72367">
      <name/>
      <desc>Turn left</desc>
      <extensions>
        <distance>2036.3</distance>
        <duration>407.3</duration>
        <type>0</type>
        <step>18</step>
      </extensions>
    </rtept>
    <rtept lat="46.440497" lon="13.723767">
      <name/>
      <desc>Turn left</desc>
      <extensions>
        <distance>2036.3</distance>
        <duration>407.3</duration>
        <type>0</type>
        <step>18</step>
      </extensions>
    </rtept>
    <rtept lat="46.440482" lon="13.723811">
      <name/>
      <desc>Turn left</desc>
      <extensions>
        <distance>2036.3</distance>
        <duration>407.3</duration>
        <type>0</type>
        <step>18</step>
      </extensions>
    </rtept>
    <rtept lat="46.440504" lon="13.7239">
      <name/>
      <desc>Turn left</desc>
      <extensions>
        <distance>2036.3</distance>
        <duration>407.3</duration>
        <type>0</type>
        <step>18</step>
      </extensions>
    </rtept>
    <rtept lat="46.440451" lon="13.724031">
      <name/>
      <desc>Turn left</desc>
      <extensions>
        <distance>2036.3</distance>
        <duration>407.3</duration>
        <type>0</type>
        <step>18</step>
      </extensions>
    </rtept>
    <rtept lat="46.440463" lon="13.724098">
      <name/>
      <desc>Turn left</desc>
      <extensions>
        <distance>2036.3</distance>
        <duration>407.3</duration>
        <type>0</type>
        <step>18</step>
      </extensions>
    </rtept>
    <rtept lat="46.440445" lon="13.724143">
      <name/>
      <desc>Turn left</desc>
      <extensions>
        <distance>2036.3</distance>
        <duration>407.3</duration>
        <type>0</type>
        <step>18</step>
      </extensions>
    </rtept>
    <rtept lat="46.440459" lon="13.724267">
      <name/>
      <desc>Turn left</desc>
      <extensions>
        <distance>2036.3</distance>
        <duration>407.3</duration>
        <type>0</type>
        <step>18</step>
      </extensions>
    </rtept>
    <rtept lat="46.440391" lon="13.724416">
      <name/>
      <desc>Turn left</desc>
      <extensions>
        <distance>2036.3</distance>
        <duration>407.3</duration>
        <type>0</type>
        <step>18</step>
      </extensions>
    </rtept>
    <rtept lat="46.440431" lon="13.72452">
      <name/>
      <desc>Turn left</desc>
      <extensions>
        <distance>2036.3</distance>
        <duration>407.3</duration>
        <type>0</type>
        <step>18</step>
      </extensions>
    </rtept>
    <rtept lat="46.440441" lon="13.724847">
      <name/>
      <desc>Turn left</desc>
      <extensions>
        <distance>2036.3</distance>
        <duration>407.3</duration>
        <type>0</type>
        <step>18</step>
      </extensions>
    </rtept>
    <rtept lat="46.440498" lon="13.725052">
      <name/>
      <desc>Turn left</desc>
      <extensions>
        <distance>2036.3</distance>
        <duration>407.3</duration>
        <type>0</type>
        <step>18</step>
      </extensions>
    </rtept>
    <rtept lat="46.44069" lon="13.725413">
      <name/>
      <desc>Turn left</desc>
      <extensions>
        <distance>2036.3</distance>
        <duration>407.3</duration>
        <type>0</type>
        <step>18</step>
      </extensions>
    </rtept>
    <rtept lat="46.440868" lon="13.725454">
      <name/>
      <desc>Turn left</desc>
      <extensions>
        <distance>2036.3</distance>
        <duration>407.3</duration>
        <type>0</type>
        <step>18</step>
      </extensions>
    </rtept>
    <rtept lat="46.440913" lon="13.725411">
      <name/>
      <desc>Turn left</desc>
      <extensions>
        <distance>2036.3</distance>
        <duration>407.3</duration>
        <type>0</type>
        <step>18</step>
      </extensions>
    </rtept>
    <rtept lat="46.440955" lon="13.7254">
      <name/>
      <desc>Turn left</desc>
      <extensions>
        <distance>2036.3</distance>
        <duration>407.3</duration>
        <type>0</type>
        <step>18</step>
      </extensions>
    </rtept>
    <rtept lat="46.440977" lon="13.725428">
      <name/>
      <desc>Turn left</desc>
      <extensions>
        <distance>2036.3</distance>
        <duration>407.3</duration>
        <type>0</type>
        <step>18</step>
      </extensions>
    </rtept>
    <rtept lat="46.441007" lon="13.725421">
      <name/>
      <desc>Turn left</desc>
      <extensions>
        <distance>2036.3</distance>
        <duration>407.3</duration>
        <type>0</type>
        <step>18</step>
      </extensions>
    </rtept>
    <rtept lat="46.441059" lon="13.725309">
      <name/>
      <desc>Turn left</desc>
      <extensions>
        <distance>2036.3</distance>
        <duration>407.3</duration>
        <type>0</type>
        <step>18</step>
      </extensions>
    </rtept>
    <rtept lat="46.441121" lon="13.725273">
      <name/>
      <desc>Turn left</desc>
      <extensions>
        <distance>2036.3</distance>
        <duration>407.3</duration>
        <type>0</type>
        <step>18</step>
      </extensions>
    </rtept>
    <rtept lat="46.441173" lon="13.725196">
      <name/>
      <desc>Turn left</desc>
      <extensions>
        <distance>2036.3</distance>
        <duration>407.3</duration>
        <type>0</type>
        <step>18</step>
      </extensions>
    </rtept>
    <rtept lat="46.441261" lon="13.725021">
      <name/>
      <desc>Turn left</desc>
      <extensions>
        <distance>2036.3</distance>
        <duration>407.3</duration>
        <type>0</type>
        <step>18</step>
      </extensions>
    </rtept>
    <rtept lat="46.441277" lon="13.724894">
      <name/>
      <desc>Turn left</desc>
      <extensions>
        <distance>2036.3</distance>
        <duration>407.3</duration>
        <type>0</type>
        <step>18</step>
      </extensions>
    </rtept>
    <rtept lat="46.441431" lon="13.724694">
      <name/>
      <desc>Turn left</desc>
      <extensions>
        <distance>2036.3</distance>
        <duration>407.3</duration>
        <type>0</type>
        <step>18</step>
      </extensions>
    </rtept>
    <rtept lat="46.441789" lon="13.724479">
      <name/>
      <desc>Turn left</desc>
      <extensions>
        <distance>2036.3</distance>
        <duration>407.3</duration>
        <type>0</type>
        <step>18</step>
      </extensions>
    </rtept>
    <rtept lat="46.441878" lon="13.724494">
      <name/>
      <desc>Turn left</desc>
      <extensions>
        <distance>2036.3</distance>
        <duration>407.3</duration>
        <type>0</type>
        <step>18</step>
      </extensions>
    </rtept>
    <rtept lat="46.441884" lon="13.724949">
      <name/>
      <desc>Turn left</desc>
      <extensions>
        <distance>2036.3</distance>
        <duration>407.3</duration>
        <type>0</type>
        <step>18</step>
      </extensions>
    </rtept>
    <rtept lat="46.442002" lon="13.725101">
      <name/>
      <desc>Turn left</desc>
      <extensions>
        <distance>2036.3</distance>
        <duration>407.3</duration>
        <type>0</type>
        <step>18</step>
      </extensions>
    </rtept>
    <rtept lat="46.442014" lon="13.725179">
      <name/>
      <desc>Turn left</desc>
      <extensions>
        <distance>2036.3</distance>
        <duration>407.3</duration>
        <type>0</type>
        <step>18</step>
      </extensions>
    </rtept>
    <rtept lat="46.442004" lon="13.725449">
      <name/>
      <desc>Turn left</desc>
      <extensions>
        <distance>2036.3</distance>
        <duration>407.3</duration>
        <type>0</type>
        <step>18</step>
      </extensions>
    </rtept>
    <rtept lat="46.441972" lon="13.72558">
      <name/>
      <desc>Turn left</desc>
      <extensions>
        <distance>2036.3</distance>
        <duration>407.3</duration>
        <type>0</type>
        <step>18</step>
      </extensions>
    </rtept>
    <rtept lat="46.442" lon="13.725644">
      <name/>
      <desc>Turn left</desc>
      <extensions>
        <distance>2036.3</distance>
        <duration>407.3</duration>
        <type>0</type>
        <step>18</step>
      </extensions>
    </rtept>
    <rtept lat="46.442029" lon="13.725645">
      <name/>
      <desc>Turn left</desc>
      <extensions>
        <distance>2036.3</distance>
        <duration>407.3</duration>
        <type>0</type>
        <step>18</step>
      </extensions>
    </rtept>
    <rtept lat="46.442045" lon="13.725682">
      <name/>
      <desc>Turn left</desc>
      <extensions>
        <distance>2036.3</distance>
        <duration>407.3</duration>
        <type>0</type>
        <step>18</step>
      </extensions>
    </rtept>
    <rtept lat="46.442032" lon="13.725933">
      <name/>
      <desc>Turn left</desc>
      <extensions>
        <distance>2036.3</distance>
        <duration>407.3</duration>
        <type>0</type>
        <step>18</step>
      </extensions>
    </rtept>
    <rtept lat="46.442048" lon="13.726001">
      <name/>
      <desc>Turn left</desc>
      <extensions>
        <distance>2036.3</distance>
        <duration>407.3</duration>
        <type>0</type>
        <step>18</step>
      </extensions>
    </rtept>
    <rtept lat="46.441993" lon="13.726115">
      <name/>
      <desc>Turn left</desc>
      <extensions>
        <distance>2036.3</distance>
        <duration>407.3</duration>
        <type>0</type>
        <step>18</step>
      </extensions>
    </rtept>
    <rtept lat="46.442095" lon="13.72614">
      <name/>
      <desc>Turn left</desc>
      <extensions>
        <distance>2036.3</distance>
        <duration>407.3</duration>
        <type>0</type>
        <step>18</step>
      </extensions>
    </rtept>
    <rtept lat="46.442178" lon="13.726106">
      <name/>
      <desc>Turn left</desc>
      <extensions>
        <distance>2036.3</distance>
        <duration>407.3</duration>
        <type>0</type>
        <step>18</step>
      </extensions>
    </rtept>
    <rtept lat="46.44221" lon="13.726136">
      <name/>
      <desc>Turn left</desc>
      <extensions>
        <distance>2036.3</distance>
        <duration>407.3</duration>
        <type>0</type>
        <step>18</step>
      </extensions>
    </rtept>
    <rtept lat="46.442216" lon="13.726201">
      <name/>
      <desc>Turn left</desc>
      <extensions>
        <distance>2036.3</distance>
        <duration>407.3</duration>
        <type>0</type>
        <step>18</step>
      </extensions>
    </rtept>
    <rtept lat="46.442241" lon="13.726197">
      <name/>
      <desc>Turn left</desc>
      <extensions>
        <distance>2036.3</distance>
        <duration>407.3</duration>
        <type>0</type>
        <step>18</step>
      </extensions>
    </rtept>
    <rtept lat="46.442257" lon="13.72615">
      <name/>
      <desc>Turn left</desc>
      <extensions>
        <distance>2036.3</distance>
        <duration>407.3</duration>
        <type>0</type>
        <step>18</step>
      </extensions>
    </rtept>
    <rtept lat="46.442268" lon="13.726198">
      <name/>
      <desc>Turn left</desc>
      <extensions>
        <distance>2036.3</distance>
        <duration>407.3</duration>
        <type>0</type>
        <step>18</step>
      </extensions>
    </rtept>
    <rtept lat="46.442329" lon="13.726296">
      <name/>
      <desc>Turn left</desc>
      <extensions>
        <distance>2036.3</distance>
        <duration>407.3</duration>
        <type>0</type>
        <step>18</step>
      </extensions>
    </rtept>
    <rtept lat="46.442307" lon="13.726437">
      <name/>
      <desc>Turn left</desc>
      <extensions>
        <distance>2036.3</distance>
        <duration>407.3</duration>
        <type>0</type>
        <step>18</step>
      </extensions>
    </rtept>
    <rtept lat="46.442262" lon="13.726546">
      <name/>
      <desc>Turn left</desc>
      <extensions>
        <distance>2036.3</distance>
        <duration>407.3</duration>
        <type>0</type>
        <step>18</step>
      </extensions>
    </rtept>
    <rtept lat="46.442289" lon="13.726538">
      <name/>
      <desc>Turn left</desc>
      <extensions>
        <distance>2036.3</distance>
        <duration>407.3</duration>
        <type>0</type>
        <step>18</step>
      </extensions>
    </rtept>
    <rtept lat="46.442303" lon="13.726562">
      <name/>
      <desc>Turn left</desc>
      <extensions>
        <distance>2036.3</distance>
        <duration>407.3</duration>
        <type>0</type>
        <step>18</step>
      </extensions>
    </rtept>
    <rtept lat="46.442302" lon="13.726641">
      <name/>
      <desc>Turn left</desc>
      <extensions>
        <distance>2036.3</distance>
        <duration>407.3</duration>
        <type>0</type>
        <step>18</step>
      </extensions>
    </rtept>
    <rtept lat="46.442321" lon="13.726682">
      <name/>
      <desc>Turn left</desc>
      <extensions>
        <distance>2036.3</distance>
        <duration>407.3</duration>
        <type>0</type>
        <step>18</step>
      </extensions>
    </rtept>
    <rtept lat="46.442262" lon="13.726772">
      <name/>
      <desc>Turn left</desc>
      <extensions>
        <distance>2036.3</distance>
        <duration>407.3</duration>
        <type>0</type>
        <step>18</step>
      </extensions>
    </rtept>
    <rtept lat="46.442189" lon="13.726936">
      <name/>
      <desc>Turn left</desc>
      <extensions>
        <distance>2036.3</distance>
        <duration>407.3</duration>
        <type>0</type>
        <step>18</step>
      </extensions>
    </rtept>
    <rtept lat="46.442208" lon="13.726981">
      <name/>
      <desc>Turn left</desc>
      <extensions>
        <distance>2036.3</distance>
        <duration>407.3</duration>
        <type>0</type>
        <step>18</step>
      </extensions>
    </rtept>
    <rtept lat="46.442161" lon="13.727021">
      <name/>
      <desc>Turn left</desc>
      <extensions>
        <distance>2036.3</distance>
        <duration>407.3</duration>
        <type>0</type>
        <step>18</step>
      </extensions>
    </rtept>
    <rtept lat="46.442272" lon="13.727161">
      <name/>
      <desc>Turn right</desc>
      <extensions>
        <distance>1315.3</distance>
        <duration>263.1</duration>
        <type>1</type>
        <step>19</step>
      </extensions>
    </rtept>
    <rtept lat="46.442221" lon="13.727259">
      <name/>
      <desc>Turn right</desc>
      <extensions>
        <distance>1315.3</distance>
        <duration>263.1</duration>
        <type>1</type>
        <step>19</step>
      </extensions>
    </rtept>
    <rtept lat="46.442077" lon="13.727454">
      <name/>
      <desc>Turn right</desc>
      <extensions>
        <distance>1315.3</distance>
        <duration>263.1</duration>
        <type>1</type>
        <step>19</step>
      </extensions>
    </rtept>
    <rtept lat="46.441937" lon="13.727681">
      <name/>
      <desc>Turn right</desc>
      <extensions>
        <distance>1315.3</distance>
        <duration>263.1</duration>
        <type>1</type>
        <step>19</step>
      </extensions>
    </rtept>
    <rtept lat="46.441933" lon="13.72772">
      <name/>
      <desc>Turn right</desc>
      <extensions>
        <distance>1315.3</distance>
        <duration>263.1</duration>
        <type>1</type>
        <step>19</step>
      </extensions>
    </rtept>
    <rtept lat="46.441909" lon="13.727741">
      <name/>
      <desc>Turn right</desc>
      <extensions>
        <distance>1315.3</distance>
        <duration>263.1</duration>
        <type>1</type>
        <step>19</step>
      </extensions>
    </rtept>
    <rtept lat="46.441868" lon="13.727839">
      <name/>
      <desc>Turn right</desc>
      <extensions>
        <distance>1315.3</distance>
        <duration>263.1</duration>
        <type>1</type>
        <step>19</step>
      </extensions>
    </rtept>
    <rtept lat="46.441778" lon="13.727924">
      <name/>
      <desc>Turn right</desc>
      <extensions>
        <distance>1315.3</distance>
        <duration>263.1</duration>
        <type>1</type>
        <step>19</step>
      </extensions>
    </rtept>
    <rtept lat="46.441719" lon="13.728072">
      <name/>
      <desc>Turn right</desc>
      <extensions>
        <distance>1315.3</distance>
        <duration>263.1</duration>
        <type>1</type>
        <step>19</step>
      </extensions>
    </rtept>
    <rtept lat="46.441648" lon="13.728195">
      <name/>
      <desc>Turn right</desc>
      <extensions>
        <distance>1315.3</distance>
        <duration>263.1</duration>
        <type>1</type>
        <step>19</step>
      </extensions>
    </rtept>
    <rtept lat="46.441519" lon="13.728954">
      <name/>
      <desc>Turn right</desc>
      <extensions>
        <distance>1315.3</distance>
        <duration>263.1</duration>
        <type>1</type>
        <step>19</step>
      </extensions>
    </rtept>
    <rtept lat="46.441424" lon="13.729243">
      <name/>
      <desc>Turn right</desc>
      <extensions>
        <distance>1315.3</distance>
        <duration>263.1</duration>
        <type>1</type>
        <step>19</step>
      </extensions>
    </rtept>
    <rtept lat="46.441423" lon="13.729318">
      <name/>
      <desc>Turn right</desc>
      <extensions>
        <distance>1315.3</distance>
        <duration>263.1</duration>
        <type>1</type>
        <step>19</step>
      </extensions>
    </rtept>
    <rtept lat="46.441342" lon="13.729426">
      <name/>
      <desc>Turn right</desc>
      <extensions>
        <distance>1315.3</distance>
        <duration>263.1</duration>
        <type>1</type>
        <step>19</step>
      </extensions>
    </rtept>
    <rtept lat="46.441342" lon="13.729693">
      <name/>
      <desc>Turn right</desc>
      <extensions>
        <distance>1315.3</distance>
        <duration>263.1</duration>
        <type>1</type>
        <step>19</step>
      </extensions>
    </rtept>
    <rtept lat="46.44137" lon="13.729837">
      <name/>
      <desc>Turn right</desc>
      <extensions>
        <distance>1315.3</distance>
        <duration>263.1</duration>
        <type>1</type>
        <step>19</step>
      </extensions>
    </rtept>
    <rtept lat="46.441336" lon="13.729982">
      <name/>
      <desc>Turn right</desc>
      <extensions>
        <distance>1315.3</distance>
        <duration>263.1</duration>
        <type>1</type>
        <step>19</step>
      </extensions>
    </rtept>
    <rtept lat="46.441305" lon="13.730222">
      <name/>
      <desc>Turn right</desc>
      <extensions>
        <distance>1315.3</distance>
        <duration>263.1</duration>
        <type>1</type>
        <step>19</step>
      </extensions>
    </rtept>
    <rtept lat="46.441227" lon="13.730461">
      <name/>
      <desc>Turn right</desc>
      <extensions>
        <distance>1315.3</distance>
        <duration>263.1</duration>
        <type>1</type>
        <step>19</step>
      </extensions>
    </rtept>
    <rtept lat="46.441164" lon="13.730475">
      <name/>
      <desc>Turn right</desc>
      <extensions>
        <distance>1315.3</distance>
        <duration>263.1</duration>
        <type>1</type>
        <step>19</step>
      </extensions>
    </rtept>
    <rtept lat="46.441101" lon="13.730699">
      <name/>
      <desc>Turn right</desc>
      <extensions>
        <distance>1315.3</distance>
        <duration>263.1</duration>
        <type>1</type>
        <step>19</step>
      </extensions>
    </rtept>
    <rtept lat="46.441144" lon="13.730975">
      <name/>
      <desc>Turn right</desc>
      <extensions>
        <distance>1315.3</distance>
        <duration>263.1</duration>
        <type>1</type>
        <step>19</step>
      </extensions>
    </rtept>
    <rtept lat="46.44113" lon="13.731107">
      <name/>
      <desc>Turn right</desc>
      <extensions>
        <distance>1315.3</distance>
        <duration>263.1</duration>
        <type>1</type>
        <step>19</step>
      </extensions>
    </rtept>
    <rtept lat="46.441024" lon="13.731432">
      <name/>
      <desc>Turn right</desc>
      <extensions>
        <distance>1315.3</distance>
        <duration>263.1</duration>
        <type>1</type>
        <step>19</step>
      </extensions>
    </rtept>
    <rtept lat="46.440985" lon="13.731657">
      <name/>
      <desc>Turn right</desc>
      <extensions>
        <distance>1315.3</distance>
        <duration>263.1</duration>
        <type>1</type>
        <step>19</step>
      </extensions>
    </rtept>
    <rtept lat="46.440933" lon="13.731804">
      <name/>
      <desc>Turn right</desc>
      <extensions>
        <distance>1315.3</distance>
        <duration>263.1</duration>
        <type>1</type>
        <step>19</step>
      </extensions>
    </rtept>
    <rtept lat="46.440824" lon="13.732319">
      <name/>
      <desc>Turn right</desc>
      <extensions>
        <distance>1315.3</distance>
        <duration>263.1</duration>
        <type>1</type>
        <step>19</step>
      </extensions>
    </rtept>
    <rtept lat="46.440527" lon="13.73281">
      <name/>
      <desc>Turn right</desc>
      <extensions>
        <distance>1315.3</distance>
        <duration>263.1</duration>
        <type>1</type>
        <step>19</step>
      </extensions>
    </rtept>
    <rtept lat="46.44036" lon="13.733042">
      <name/>
      <desc>Turn right</desc>
      <extensions>
        <distance>1315.3</distance>
        <duration>263.1</duration>
        <type>1</type>
        <step>19</step>
      </extensions>
    </rtept>
    <rtept lat="46.440205" lon="13.733387">
      <name/>
      <desc>Turn right</desc>
      <extensions>
        <distance>1315.3</distance>
        <duration>263.1</duration>
        <type>1</type>
        <step>19</step>
      </extensions>
    </rtept>
    <rtept lat="46.440151" lon="13.733735">
      <name/>
      <desc>Turn right</desc>
      <extensions>
        <distance>1315.3</distance>
        <duration>263.1</duration>
        <type>1</type>
        <step>19</step>
      </extensions>
    </rtept>
    <rtept lat="46.44004" lon="13.734055">
      <name/>
      <desc>Turn right</desc>
      <extensions>
        <distance>1315.3</distance>
        <duration>263.1</duration>
        <type>1</type>
        <step>19</step>
      </extensions>
    </rtept>
    <rtept lat="46.439719" lon="13.734407">
      <name/>
      <desc>Turn right</desc>
      <extensions>
        <distance>1315.3</distance>
        <duration>263.1</duration>
        <type>1</type>
        <step>19</step>
      </extensions>
    </rtept>
    <rtept lat="46.4397" lon="13.734525">
      <name/>
      <desc>Turn right</desc>
      <extensions>
        <distance>1315.3</distance>
        <duration>263.1</duration>
        <type>1</type>
        <step>19</step>
      </extensions>
    </rtept>
    <rtept lat="46.439651" lon="13.734647">
      <name/>
      <desc>Turn right</desc>
      <extensions>
        <distance>1315.3</distance>
        <duration>263.1</duration>
        <type>1</type>
        <step>19</step>
      </extensions>
    </rtept>
    <rtept lat="46.439625" lon="13.734834">
      <name/>
      <desc>Turn right</desc>
      <extensions>
        <distance>1315.3</distance>
        <duration>263.1</duration>
        <type>1</type>
        <step>19</step>
      </extensions>
    </rtept>
    <rtept lat="46.439634" lon="13.73498">
      <name/>
      <desc>Turn right</desc>
      <extensions>
        <distance>1315.3</distance>
        <duration>263.1</duration>
        <type>1</type>
        <step>19</step>
      </extensions>
    </rtept>
    <rtept lat="46.439624" lon="13.735222">
      <name/>
      <desc>Turn right</desc>
      <extensions>
        <distance>1315.3</distance>
        <duration>263.1</duration>
        <type>1</type>
        <step>19</step>
      </extensions>
    </rtept>
    <rtept lat="46.439574" lon="13.735415">
      <name/>
      <desc>Turn right</desc>
      <extensions>
        <distance>1315.3</distance>
        <duration>263.1</duration>
        <type>1</type>
        <step>19</step>
      </extensions>
    </rtept>
    <rtept lat="46.439521" lon="13.735543">
      <name/>
      <desc>Turn right</desc>
      <extensions>
        <distance>1315.3</distance>
        <duration>263.1</duration>
        <type>1</type>
        <step>19</step>
      </extensions>
    </rtept>
    <rtept lat="46.439594" lon="13.735821">
      <name/>
      <desc>Turn right</desc>
      <extensions>
        <distance>1315.3</distance>
        <duration>263.1</duration>
        <type>1</type>
        <step>19</step>
      </extensions>
    </rtept>
    <rtept lat="46.439594" lon="13.735975">
      <name/>
      <desc>Turn right</desc>
      <extensions>
        <distance>1315.3</distance>
        <duration>263.1</duration>
        <type>1</type>
        <step>19</step>
      </extensions>
    </rtept>
    <rtept lat="46.439618" lon="13.736044">
      <name/>
      <desc>Turn right</desc>
      <extensions>
        <distance>1315.3</distance>
        <duration>263.1</duration>
        <type>1</type>
        <step>19</step>
      </extensions>
    </rtept>
    <rtept lat="46.439624" lon="13.736147">
      <name/>
      <desc>Turn right</desc>
      <extensions>
        <distance>1315.3</distance>
        <duration>263.1</duration>
        <type>1</type>
        <step>19</step>
      </extensions>
    </rtept>
    <rtept lat="46.4396" lon="13.736327">
      <name/>
      <desc>Turn right</desc>
      <extensions>
        <distance>1315.3</distance>
        <duration>263.1</duration>
        <type>1</type>
        <step>19</step>
      </extensions>
    </rtept>
    <rtept lat="46.439607" lon="13.736602">
      <name/>
      <desc>Turn right</desc>
      <extensions>
        <distance>1315.3</distance>
        <duration>263.1</duration>
        <type>1</type>
        <step>19</step>
      </extensions>
    </rtept>
    <rtept lat="46.439645" lon="13.73689">
      <name/>
      <desc>Turn right</desc>
      <extensions>
        <distance>1315.3</distance>
        <duration>263.1</duration>
        <type>1</type>
        <step>19</step>
      </extensions>
    </rtept>
    <rtept lat="46.439681" lon="13.737034">
      <name/>
      <desc>Turn right</desc>
      <extensions>
        <distance>1315.3</distance>
        <duration>263.1</duration>
        <type>1</type>
        <step>19</step>
      </extensions>
    </rtept>
    <rtept lat="46.439778" lon="13.737221">
      <name/>
      <desc>Turn right</desc>
      <extensions>
        <distance>1315.3</distance>
        <duration>263.1</duration>
        <type>1</type>
        <step>19</step>
      </extensions>
    </rtept>
    <rtept lat="46.439778" lon="13.73728">
      <name/>
      <desc>Turn right</desc>
      <extensions>
        <distance>1315.3</distance>
        <duration>263.1</duration>
        <type>1</type>
        <step>19</step>
      </extensions>
    </rtept>
    <rtept lat="46.439807" lon="13.737374">
      <name/>
      <desc>Turn right</desc>
      <extensions>
        <distance>1315.3</distance>
        <duration>263.1</duration>
        <type>1</type>
        <step>19</step>
      </extensions>
    </rtept>
    <rtept lat="46.439919" lon="13.737477">
      <name/>
      <desc>Turn right</desc>
      <extensions>
        <distance>1315.3</distance>
        <duration>263.1</duration>
        <type>1</type>
        <step>19</step>
      </extensions>
    </rtept>
    <rtept lat="46.439925" lon="13.737563">
      <name/>
      <desc>Turn right</desc>
      <extensions>
        <distance>1315.3</distance>
        <duration>263.1</duration>
        <type>1</type>
        <step>19</step>
      </extensions>
    </rtept>
    <rtept lat="46.439943" lon="13.737563">
      <name/>
      <desc>Turn right</desc>
      <extensions>
        <distance>1315.3</distance>
        <duration>263.1</duration>
        <type>1</type>
        <step>19</step>
      </extensions>
    </rtept>
    <rtept lat="46.440002" lon="13.73764">
      <name/>
      <desc>Turn right</desc>
      <extensions>
        <distance>1315.3</distance>
        <duration>263.1</duration>
        <type>1</type>
        <step>19</step>
      </extensions>
    </rtept>
    <rtept lat="46.440014" lon="13.737752">
      <name/>
      <desc>Turn right</desc>
      <extensions>
        <distance>1315.3</distance>
        <duration>263.1</duration>
        <type>1</type>
        <step>19</step>
      </extensions>
    </rtept>
    <rtept lat="46.440145" lon="13.738085">
      <name/>
      <desc>Turn right</desc>
      <extensions>
        <distance>1315.3</distance>
        <duration>263.1</duration>
        <type>1</type>
        <step>19</step>
      </extensions>
    </rtept>
    <rtept lat="46.440198" lon="13.738396">
      <name/>
      <desc>Turn right</desc>
      <extensions>
        <distance>1315.3</distance>
        <duration>263.1</duration>
        <type>1</type>
        <step>19</step>
      </extensions>
    </rtept>
    <rtept lat="46.440263" lon="13.738576">
      <name/>
      <desc>Turn right</desc>
      <extensions>
        <distance>1315.3</distance>
        <duration>263.1</duration>
        <type>1</type>
        <step>19</step>
      </extensions>
    </rtept>
    <rtept lat="46.440452" lon="13.739031">
      <name/>
      <desc>Turn right</desc>
      <extensions>
        <distance>1315.3</distance>
        <duration>263.1</duration>
        <type>1</type>
        <step>19</step>
      </extensions>
    </rtept>
    <rtept lat="46.44066" lon="13.739415">
      <name/>
      <desc>Turn right</desc>
      <extensions>
        <distance>1315.3</distance>
        <duration>263.1</duration>
        <type>1</type>
        <step>19</step>
      </extensions>
    </rtept>
    <rtept lat="46.440742" lon="13.739893">
      <name/>
      <desc>Turn right</desc>
      <extensions>
        <distance>1315.3</distance>
        <duration>263.1</duration>
        <type>1</type>
        <step>19</step>
      </extensions>
    </rtept>
    <rtept lat="46.440741" lon="13.740136">
      <name/>
      <desc>Turn right</desc>
      <extensions>
        <distance>1315.3</distance>
        <duration>263.1</duration>
        <type>1</type>
        <step>19</step>
      </extensions>
    </rtept>
    <rtept lat="46.440789" lon="13.740379">
      <name/>
      <desc>Turn right</desc>
      <extensions>
        <distance>1315.3</distance>
        <duration>263.1</duration>
        <type>1</type>
        <step>19</step>
      </extensions>
    </rtept>
    <rtept lat="46.4408" lon="13.740567">
      <name/>
      <desc>Turn right</desc>
      <extensions>
        <distance>1315.3</distance>
        <duration>263.1</duration>
        <type>1</type>
        <step>19</step>
      </extensions>
    </rtept>
    <rtept lat="46.440839" lon="13.740723">
      <name/>
      <desc>Turn right</desc>
      <extensions>
        <distance>1315.3</distance>
        <duration>263.1</duration>
        <type>1</type>
        <step>19</step>
      </extensions>
    </rtept>
    <rtept lat="46.440867" lon="13.740992">
      <name/>
      <desc>Turn right</desc>
      <extensions>
        <distance>1315.3</distance>
        <duration>263.1</duration>
        <type>1</type>
        <step>19</step>
      </extensions>
    </rtept>
    <rtept lat="46.440993" lon="13.741414">
      <name/>
      <desc>Turn right</desc>
      <extensions>
        <distance>1315.3</distance>
        <duration>263.1</duration>
        <type>1</type>
        <step>19</step>
      </extensions>
    </rtept>
    <rtept lat="46.44103" lon="13.741685">
      <name/>
      <desc>Turn right</desc>
      <extensions>
        <distance>1315.3</distance>
        <duration>263.1</duration>
        <type>1</type>
        <step>19</step>
      </extensions>
    </rtept>
    <rtept lat="46.441076" lon="13.741856">
      <name/>
      <desc>Turn right</desc>
      <extensions>
        <distance>1315.3</distance>
        <duration>263.1</duration>
        <type>1</type>
        <step>19</step>
      </extensions>
    </rtept>
    <rtept lat="46.441128" lon="13.741982">
      <name/>
      <desc>Turn right</desc>
      <extensions>
        <distance>1315.3</distance>
        <duration>263.1</duration>
        <type>1</type>
        <step>19</step>
      </extensions>
    </rtept>
    <rtept lat="46.441206" lon="13.742298">
      <name/>
      <desc>Turn sharp right</desc>
      <extensions>
        <distance>153.1</distance>
        <duration>30.6</duration>
        <type>3</type>
        <step>20</step>
      </extensions>
    </rtept>
    <rtept lat="46.440897" lon="13.742264">
      <name/>
      <desc>Turn sharp right</desc>
      <extensions>
        <distance>153.1</distance>
        <duration>30.6</duration>
        <type>3</type>
        <step>20</step>
      </extensions>
    </rtept>
    <rtept lat="46.440765" lon="13.74232">
      <name/>
      <desc>Turn sharp right</desc>
      <extensions>
        <distance>153.1</distance>
        <duration>30.6</duration>
        <type>3</type>
        <step>20</step>
      </extensions>
    </rtept>
    <rtept lat="46.440696" lon="13.742434">
      <name/>
      <desc>Turn sharp right</desc>
      <extensions>
        <distance>153.1</distance>
        <duration>30.6</duration>
        <type>3</type>
        <step>20</step>
      </extensions>
    </rtept>
    <rtept lat="46.440649" lon="13.742445">
      <name/>
      <desc>Turn sharp right</desc>
      <extensions>
        <distance>153.1</distance>
        <duration>30.6</duration>
        <type>3</type>
        <step>20</step>
      </extensions>
    </rtept>
    <rtept lat="46.440663" lon="13.74248">
      <name/>
      <desc>Turn sharp right</desc>
      <extensions>
        <distance>153.1</distance>
        <duration>30.6</duration>
        <type>3</type>
        <step>20</step>
      </extensions>
    </rtept>
    <rtept lat="46.440642" lon="13.742573">
      <name/>
      <desc>Turn sharp right</desc>
      <extensions>
        <distance>153.1</distance>
        <duration>30.6</duration>
        <type>3</type>
        <step>20</step>
      </extensions>
    </rtept>
    <rtept lat="46.440627" lon="13.742617">
      <name/>
      <desc>Turn sharp right</desc>
      <extensions>
        <distance>153.1</distance>
        <duration>30.6</duration>
        <type>3</type>
        <step>20</step>
      </extensions>
    </rtept>
    <rtept lat="46.440504" lon="13.742712">
      <name/>
      <desc>Turn sharp right</desc>
      <extensions>
        <distance>153.1</distance>
        <duration>30.6</duration>
        <type>3</type>
        <step>20</step>
      </extensions>
    </rtept>
    <rtept lat="46.440447" lon="13.742785">
      <name/>
      <desc>Turn sharp right</desc>
      <extensions>
        <distance>153.1</distance>
        <duration>30.6</duration>
        <type>3</type>
        <step>20</step>
      </extensions>
    </rtept>
    <rtept lat="46.440356" lon="13.742778">
      <name/>
      <desc>Turn sharp right</desc>
      <extensions>
        <distance>153.1</distance>
        <duration>30.6</duration>
        <type>3</type>
        <step>20</step>
      </extensions>
    </rtept>
    <rtept lat="46.440338" lon="13.742808">
      <name/>
      <desc>Turn sharp right</desc>
      <extensions>
        <distance>153.1</distance>
        <duration>30.6</duration>
        <type>3</type>
        <step>20</step>
      </extensions>
    </rtept>
    <rtept lat="46.44034" lon="13.742884">
      <name/>
      <desc>Turn sharp right</desc>
      <extensions>
        <distance>153.1</distance>
        <duration>30.6</duration>
        <type>3</type>
        <step>20</step>
      </extensions>
    </rtept>
    <rtept lat="46.440301" lon="13.743027">
      <name/>
      <desc>Turn sharp right</desc>
      <extensions>
        <distance>153.1</distance>
        <duration>30.6</duration>
        <type>3</type>
        <step>20</step>
      </extensions>
    </rtept>
    <rtept lat="46.440286" lon="13.743067">
      <name/>
      <desc>Turn sharp right</desc>
      <extensions>
        <distance>153.1</distance>
        <duration>30.6</duration>
        <type>3</type>
        <step>20</step>
      </extensions>
    </rtept>
    <rtept lat="46.440262" lon="13.743078">
      <name/>
      <desc>Turn sharp right</desc>
      <extensions>
        <distance>153.1</distance>
        <duration>30.6</duration>
        <type>3</type>
        <step>20</step>
      </extensions>
    </rtept>
    <rtept lat="46.440199" lon="13.74319">
      <name/>
      <desc>Keep right</desc>
      <extensions>
        <distance>583.3</distance>
        <duration>116.7</duration>
        <type>13</type>
        <step>21</step>
      </extensions>
    </rtept>
    <rtept lat="46.440161" lon="13.743202">
      <name/>
      <desc>Keep right</desc>
      <extensions>
        <distance>583.3</distance>
        <duration>116.7</duration>
        <type>13</type>
        <step>21</step>
      </extensions>
    </rtept>
    <rtept lat="46.440122" lon="13.743117">
      <name/>
      <desc>Keep right</desc>
      <extensions>
        <distance>583.3</distance>
        <duration>116.7</duration>
        <type>13</type>
        <step>21</step>
      </extensions>
    </rtept>
    <rtept lat="46.440029" lon="13.743065">
      <name/>
      <desc>Keep right</desc>
      <extensions>
        <distance>583.3</distance>
        <duration>116.7</duration>
        <type>13</type>
        <step>21</step>
      </extensions>
    </rtept>
    <rtept lat="46.440012" lon="13.74321">
      <name/>
      <desc>Keep right</desc>
      <extensions>
        <distance>583.3</distance>
        <duration>116.7</duration>
        <type>13</type>
        <step>21</step>
      </extensions>
    </rtept>
    <rtept lat="46.439802" lon="13.743247">
      <name/>
      <desc>Keep right</desc>
      <extensions>
        <distance>583.3</distance>
        <duration>116.7</duration>
        <type>13</type>
        <step>21</step>
      </extensions>
    </rtept>
    <rtept lat="46.439763" lon="13.743224">
      <name/>
      <desc>Keep right</desc>
      <extensions>
        <distance>583.3</distance>
        <duration>116.7</duration>
        <type>13</type>
        <step>21</step>
      </extensions>
    </rtept>
    <rtept lat="46.43974" lon="13.743179">
      <name/>
      <desc>Keep right</desc>
      <extensions>
        <distance>583.3</distance>
        <duration>116.7</duration>
        <type>13</type>
        <step>21</step>
      </extensions>
    </rtept>
    <rtept lat="46.439705" lon="13.743175">
      <name/>
      <desc>Keep right</desc>
      <extensions>
        <distance>583.3</distance>
        <duration>116.7</duration>
        <type>13</type>
        <step>21</step>
      </extensions>
    </rtept>
    <rtept lat="46.439651" lon="13.74322">
      <name/>
      <desc>Keep right</desc>
      <extensions>
        <distance>583.3</distance>
        <duration>116.7</duration>
        <type>13</type>
        <step>21</step>
      </extensions>
    </rtept>
    <rtept lat="46.439513" lon="13.743265">
      <name/>
      <desc>Keep right</desc>
      <extensions>
        <distance>583.3</distance>
        <duration>116.7</duration>
        <type>13</type>
        <step>21</step>
      </extensions>
    </rtept>
    <rtept lat="46.439473" lon="13.743299">
      <name/>
      <desc>Keep right</desc>
      <extensions>
        <distance>583.3</distance>
        <duration>116.7</duration>
        <type>13</type>
        <step>21</step>
      </extensions>
    </rtept>
    <rtept lat="46.439365" lon="13.743302">
      <name/>
      <desc>Keep right</desc>
      <extensions>
        <distance>583.3</distance>
        <duration>116.7</duration>
        <type>13</type>
        <step>21</step>
      </extensions>
    </rtept>
    <rtept lat="46.439188" lon="13.743348">
      <name/>
      <desc>Keep right</desc>
      <extensions>
        <distance>583.3</distance>
        <duration>116.7</duration>
        <type>13</type>
        <step>21</step>
      </extensions>
    </rtept>
    <rtept lat="46.439015" lon="13.743474">
      <name/>
      <desc>Keep right</desc>
      <extensions>
        <distance>583.3</distance>
        <duration>116.7</duration>
        <type>13</type>
        <step>21</step>
      </extensions>
    </rtept>
    <rtept lat="46.438954" lon="13.743511">
      <name/>
      <desc>Keep right</desc>
      <extensions>
        <distance>583.3</distance>
        <duration>116.7</duration>
        <type>13</type>
        <step>21</step>
      </extensions>
    </rtept>
    <rtept lat="46.438875" lon="13.743511">
      <name/>
      <desc>Keep right</desc>
      <extensions>
        <distance>583.3</distance>
        <duration>116.7</duration>
        <type>13</type>
        <step>21</step>
      </extensions>
    </rtept>
    <rtept lat="46.438746" lon="13.743603">
      <name/>
      <desc>Keep right</desc>
      <extensions>
        <distance>583.3</distance>
        <duration>116.7</duration>
        <type>13</type>
        <step>21</step>
      </extensions>
    </rtept>
    <rtept lat="46.438699" lon="13.743671">
      <name/>
      <desc>Keep right</desc>
      <extensions>
        <distance>583.3</distance>
        <duration>116.7</duration>
        <type>13</type>
        <step>21</step>
      </extensions>
    </rtept>
    <rtept lat="46.438633" lon="13.743702">
      <name/>
      <desc>Keep right</desc>
      <extensions>
        <distance>583.3</distance>
        <duration>116.7</duration>
        <type>13</type>
        <step>21</step>
      </extensions>
    </rtept>
    <rtept lat="46.438441" lon="13.743688">
      <name/>
      <desc>Keep right</desc>
      <extensions>
        <distance>583.3</distance>
        <duration>116.7</duration>
        <type>13</type>
        <step>21</step>
      </extensions>
    </rtept>
    <rtept lat="46.438396" lon="13.743711">
      <name/>
      <desc>Keep right</desc>
      <extensions>
        <distance>583.3</distance>
        <duration>116.7</duration>
        <type>13</type>
        <step>21</step>
      </extensions>
    </rtept>
    <rtept lat="46.43819" lon="13.743741">
      <name/>
      <desc>Keep right</desc>
      <extensions>
        <distance>583.3</distance>
        <duration>116.7</duration>
        <type>13</type>
        <step>21</step>
      </extensions>
    </rtept>
    <rtept lat="46.438142" lon="13.743812">
      <name/>
      <desc>Keep right</desc>
      <extensions>
        <distance>583.3</distance>
        <duration>116.7</duration>
        <type>13</type>
        <step>21</step>
      </extensions>
    </rtept>
    <rtept lat="46.438092" lon="13.743779">
      <name/>
      <desc>Keep right</desc>
      <extensions>
        <distance>583.3</distance>
        <duration>116.7</duration>
        <type>13</type>
        <step>21</step>
      </extensions>
    </rtept>
    <rtept lat="46.438044" lon="13.743787">
      <name/>
      <desc>Keep right</desc>
      <extensions>
        <distance>583.3</distance>
        <duration>116.7</duration>
        <type>13</type>
        <step>21</step>
      </extensions>
    </rtept>
    <rtept lat="46.437993" lon="13.743757">
      <name/>
      <desc>Keep right</desc>
      <extensions>
        <distance>583.3</distance>
        <duration>116.7</duration>
        <type>13</type>
        <step>21</step>
      </extensions>
    </rtept>
    <rtept lat="46.437909" lon="13.743873">
      <name/>
      <desc>Keep right</desc>
      <extensions>
        <distance>583.3</distance>
        <duration>116.7</duration>
        <type>13</type>
        <step>21</step>
      </extensions>
    </rtept>
    <rtept lat="46.437749" lon="13.743909">
      <name/>
      <desc>Keep right</desc>
      <extensions>
        <distance>583.3</distance>
        <duration>116.7</duration>
        <type>13</type>
        <step>21</step>
      </extensions>
    </rtept>
    <rtept lat="46.437606" lon="13.743887">
      <name/>
      <desc>Keep right</desc>
      <extensions>
        <distance>583.3</distance>
        <duration>116.7</duration>
        <type>13</type>
        <step>21</step>
      </extensions>
    </rtept>
    <rtept lat="46.437493" lon="13.743929">
      <name/>
      <desc>Keep right</desc>
      <extensions>
        <distance>583.3</distance>
        <duration>116.7</duration>
        <type>13</type>
        <step>21</step>
      </extensions>
    </rtept>
    <rtept lat="46.437348" lon="13.744016">
      <name/>
      <desc>Keep right</desc>
      <extensions>
        <distance>583.3</distance>
        <duration>116.7</duration>
        <type>13</type>
        <step>21</step>
      </extensions>
    </rtept>
    <rtept lat="46.437004" lon="13.744105">
      <name/>
      <desc>Keep right</desc>
      <extensions>
        <distance>583.3</distance>
        <duration>116.7</duration>
        <type>13</type>
        <step>21</step>
      </extensions>
    </rtept>
    <rtept lat="46.436628" lon="13.744114">
      <name/>
      <desc>Keep right</desc>
      <extensions>
        <distance>583.3</distance>
        <duration>116.7</duration>
        <type>13</type>
        <step>21</step>
      </extensions>
    </rtept>
    <rtept lat="46.436482" lon="13.744142">
      <name/>
      <desc>Keep right</desc>
      <extensions>
        <distance>583.3</distance>
        <duration>116.7</duration>
        <type>13</type>
        <step>21</step>
      </extensions>
    </rtept>
    <rtept lat="46.436415" lon="13.744186">
      <name/>
      <desc>Keep right</desc>
      <extensions>
        <distance>583.3</distance>
        <duration>116.7</duration>
        <type>13</type>
        <step>21</step>
      </extensions>
    </rtept>
    <rtept lat="46.436194" lon="13.744201">
      <name/>
      <desc>Keep right</desc>
      <extensions>
        <distance>583.3</distance>
        <duration>116.7</duration>
        <type>13</type>
        <step>21</step>
      </extensions>
    </rtept>
    <rtept lat="46.436157" lon="13.744174">
      <name/>
      <desc>Keep right</desc>
      <extensions>
        <distance>583.3</distance>
        <duration>116.7</duration>
        <type>13</type>
        <step>21</step>
      </extensions>
    </rtept>
    <rtept lat="46.436031" lon="13.744177">
      <name/>
      <desc>Keep right</desc>
      <extensions>
        <distance>583.3</distance>
        <duration>116.7</duration>
        <type>13</type>
        <step>21</step>
      </extensions>
    </rtept>
    <rtept lat="46.435997" lon="13.74416">
      <name/>
      <desc>Keep right</desc>
      <extensions>
        <distance>583.3</distance>
        <duration>116.7</duration>
        <type>13</type>
        <step>21</step>
      </extensions>
    </rtept>
    <rtept lat="46.435841" lon="13.744202">
      <name/>
      <desc>Keep right</desc>
      <extensions>
        <distance>583.3</distance>
        <duration>116.7</duration>
        <type>13</type>
        <step>21</step>
      </extensions>
    </rtept>
    <rtept lat="46.435629" lon="13.744129">
      <name/>
      <desc>Keep right</desc>
      <extensions>
        <distance>583.3</distance>
        <duration>116.7</duration>
        <type>13</type>
        <step>21</step>
      </extensions>
    </rtept>
    <rtept lat="46.435497" lon="13.744071">
      <name/>
      <desc>Keep right</desc>
      <extensions>
        <distance>583.3</distance>
        <duration>116.7</duration>
        <type>13</type>
        <step>21</step>
      </extensions>
    </rtept>
    <rtept lat="46.435301" lon="13.744047">
      <name/>
      <desc>Keep left</desc>
      <extensions>
        <distance>130.2</distance>
        <duration>27.8</duration>
        <type>12</type>
        <step>22</step>
      </extensions>
    </rtept>
    <rtept lat="46.435217" lon="13.744011">
      <name/>
      <desc>Keep left</desc>
      <extensions>
        <distance>130.2</distance>
        <duration>27.8</duration>
        <type>12</type>
        <step>22</step>
      </extensions>
    </rtept>
    <rtept lat="46.435131" lon="13.743929">
      <name/>
      <desc>Keep left</desc>
      <extensions>
        <distance>130.2</distance>
        <duration>27.8</duration>
        <type>12</type>
        <step>22</step>
      </extensions>
    </rtept>
    <rtept lat="46.435065" lon="13.743876">
      <name/>
      <desc>Keep left</desc>
      <extensions>
        <distance>130.2</distance>
        <duration>27.8</duration>
        <type>12</type>
        <step>22</step>
      </extensions>
    </rtept>
    <rtept lat="46.434909" lon="13.743718">
      <name/>
      <desc>Keep left</desc>
      <extensions>
        <distance>130.2</distance>
        <duration>27.8</duration>
        <type>12</type>
        <step>22</step>
      </extensions>
    </rtept>
    <rtept lat="46.434836" lon="13.743657">
      <name/>
      <desc>Keep left</desc>
      <extensions>
        <distance>130.2</distance>
        <duration>27.8</duration>
        <type>12</type>
        <step>22</step>
      </extensions>
    </rtept>
    <rtept lat="46.43474" lon="13.743495">
      <name/>
      <desc>Keep left</desc>
      <extensions>
        <distance>130.2</distance>
        <duration>27.8</duration>
        <type>12</type>
        <step>22</step>
      </extensions>
    </rtept>
    <rtept lat="46.434602" lon="13.743391">
      <name/>
      <desc>Keep left</desc>
      <extensions>
        <distance>130.2</distance>
        <duration>27.8</duration>
        <type>12</type>
        <step>22</step>
      </extensions>
    </rtept>
    <rtept lat="46.434474" lon="13.743379">
      <name/>
      <desc>Keep left</desc>
      <extensions>
        <distance>130.2</distance>
        <duration>27.8</duration>
        <type>12</type>
        <step>22</step>
      </extensions>
    </rtept>
    <rtept lat="46.434279" lon="13.743438">
      <name/>
      <desc>Turn left</desc>
      <extensions>
        <distance>137.4</distance>
        <duration>30.9</duration>
        <type>0</type>
        <step>23</step>
      </extensions>
    </rtept>
    <rtept lat="46.434264" lon="13.743484">
      <name/>
      <desc>Turn left</desc>
      <extensions>
        <distance>137.4</distance>
        <duration>30.9</duration>
        <type>0</type>
        <step>23</step>
      </extensions>
    </rtept>
    <rtept lat="46.434115" lon="13.743509">
      <name/>
      <desc>Turn left</desc>
      <extensions>
        <distance>137.4</distance>
        <duration>30.9</duration>
        <type>0</type>
        <step>23</step>
      </extensions>
    </rtept>
    <rtept lat="46.433911" lon="13.743504">
      <name/>
      <desc>Turn left</desc>
      <extensions>
        <distance>137.4</distance>
        <duration>30.9</duration>
        <type>0</type>
        <step>23</step>
      </extensions>
    </rtept>
    <rtept lat="46.433646" lon="13.743575">
      <name/>
      <desc>Turn left</desc>
      <extensions>
        <distance>137.4</distance>
        <duration>30.9</duration>
        <type>0</type>
        <step>23</step>
      </extensions>
    </rtept>
    <rtept lat="46.433384" lon="13.743607">
      <name/>
      <desc>Turn left</desc>
      <extensions>
        <distance>137.4</distance>
        <duration>30.9</duration>
        <type>0</type>
        <step>23</step>
      </extensions>
    </rtept>
    <rtept lat="46.433162" lon="13.743543">
      <name/>
      <desc>Turn left</desc>
      <extensions>
        <distance>137.4</distance>
        <duration>30.9</duration>
        <type>0</type>
        <step>23</step>
      </extensions>
    </rtept>
    <rtept lat="46.433079" lon="13.743497">
      <name/>
      <desc>Turn left</desc>
      <extensions>
        <distance>91.0</distance>
        <duration>19.8</duration>
        <type>0</type>
        <step>24</step>
      </extensions>
    </rtept>
    <rtept lat="46.432915" lon="13.743729">
      <name/>
      <desc>Turn left</desc>
      <extensions>
        <distance>91.0</distance>
        <duration>19.8</duration>
        <type>0</type>
        <step>24</step>
      </extensions>
    </rtept>
    <rtept lat="46.432758" lon="13.744312">
      <name/>
      <desc>Turn left</desc>
      <extensions>
        <distance>91.0</distance>
        <duration>19.8</duration>
        <type>0</type>
        <step>24</step>
      </extensions>
    </rtept>
    <rtept lat="46.432667" lon="13.744484">
      <name/>
      <desc>Arrive at your destination, on the left</desc>
      <extensions>
        <distance>0.0</distance>
        <duration>0.0</duration>
        <type>10</type>
        <step>25</step>
      </extensions>
    </rtept>
    <extensions>
      <distance>16436.0</distance>
      <duration>3362.4</duration>
      <ascent>0.0</ascent>
      <descent>0.0</descent>
      <avgspeed>17.6</avgspeed>
      <bounds maxlat="46.492933" maxlon="13.787932" minlat="46.432667" minlon="13.711826"/>
    </extensions>
  </rte>
  <extensions>
    <attribution>openrouteservice.org | OpenStreetMap contributors</attribution>
    <engine>9.8.0</engine>
    <build_date>2026-03-30T12:24:04Z</build_date>
    <graph_date>2026-04-28T05:37:06Z</graph_date>
    <osm_date>2026-04-20T00:00:00Z</osm_date>
    <profile>cycling-mountain</profile>
    <language>en</language>
    <distance-units>m</distance-units>
    <instructions>true</instructions>
    <elevation>false</elevation>
  </extensions>
</gpx>
