<?xml version="1.0" ?>
<gpx xmlns="https://raw.githubusercontent.com/GIScience/openrouteservice-schema/main/gpx/v2/ors-gpx.xsd" version="1.1" creator="openrouteservice">
  <metadata>
    <name>openrouteservice directions</name>
    <desc>This is a directions instructions file as GPX, generated from openrouteservice</desc>
    <author>
      <name>openrouteservice</name>
      <email id="support" domain="openrouteservice.heigit.org"/>
      <link href="https://openrouteservice.org/">
        <text>https://openrouteservice.org/</text>
        <type>text/html</type>
      </link>
    </author>
    <copyright author="openrouteservice.org | OpenStreetMap contributors">
      <year>2026</year>
      <license>LGPL 3.0</license>
    </copyright>
    <time>2026-05-13T14:28:41.022Z</time>
    <bounds maxlat="46.433112" maxlon="13.757008" minlat="46.380454" minlon="13.699699"/>
    <extensions>
      <system-message/>
    </extensions>
  </metadata>
  <rte>
    <rtept lat="46.432667" lon="13.744484">
      <name/>
      <desc>Head northwest</desc>
      <extensions>
        <distance>103.0</distance>
        <duration>22.2</duration>
        <type>11</type>
        <step>0</step>
      </extensions>
    </rtept>
    <rtept lat="46.432758" lon="13.744312">
      <name/>
      <desc>Head northwest</desc>
      <extensions>
        <distance>103.0</distance>
        <duration>22.2</duration>
        <type>11</type>
        <step>0</step>
      </extensions>
    </rtept>
    <rtept lat="46.432915" lon="13.743729">
      <name/>
      <desc>Head northwest</desc>
      <extensions>
        <distance>103.0</distance>
        <duration>22.2</duration>
        <type>11</type>
        <step>0</step>
      </extensions>
    </rtept>
    <rtept lat="46.433079" lon="13.743497">
      <name/>
      <desc>Head northwest</desc>
      <extensions>
        <distance>103.0</distance>
        <duration>22.2</duration>
        <type>11</type>
        <step>0</step>
      </extensions>
    </rtept>
    <rtept lat="46.433112" lon="13.743348">
      <name/>
      <desc>Turn left</desc>
      <extensions>
        <distance>38.3</distance>
        <duration>8.6</duration>
        <type>0</type>
        <step>1</step>
      </extensions>
    </rtept>
    <rtept lat="46.433064" lon="13.743241">
      <name/>
      <desc>Turn left</desc>
      <extensions>
        <distance>38.3</distance>
        <duration>8.6</duration>
        <type>0</type>
        <step>1</step>
      </extensions>
    </rtept>
    <rtept lat="46.432928" lon="13.743079">
      <name/>
      <desc>Turn left</desc>
      <extensions>
        <distance>38.3</distance>
        <duration>8.6</duration>
        <type>0</type>
        <step>1</step>
      </extensions>
    </rtept>
    <rtept lat="46.432889" lon="13.742976">
      <name/>
      <desc>Turn sharp left</desc>
      <extensions>
        <distance>4523.5</distance>
        <duration>904.7</duration>
        <type>2</type>
        <step>2</step>
      </extensions>
    </rtept>
    <rtept lat="46.432883" lon="13.743035">
      <name/>
      <desc>Turn sharp left</desc>
      <extensions>
        <distance>4523.5</distance>
        <duration>904.7</duration>
        <type>2</type>
        <step>2</step>
      </extensions>
    </rtept>
    <rtept lat="46.432846" lon="13.742989">
      <name/>
      <desc>Turn sharp left</desc>
      <extensions>
        <distance>4523.5</distance>
        <duration>904.7</duration>
        <type>2</type>
        <step>2</step>
      </extensions>
    </rtept>
    <rtept lat="46.432663" lon="13.742928">
      <name/>
      <desc>Turn sharp left</desc>
      <extensions>
        <distance>4523.5</distance>
        <duration>904.7</duration>
        <type>2</type>
        <step>2</step>
      </extensions>
    </rtept>
    <rtept lat="46.432543" lon="13.742922">
      <name/>
      <desc>Turn sharp left</desc>
      <extensions>
        <distance>4523.5</distance>
        <duration>904.7</duration>
        <type>2</type>
        <step>2</step>
      </extensions>
    </rtept>
    <rtept lat="46.432516" lon="13.742944">
      <name/>
      <desc>Turn sharp left</desc>
      <extensions>
        <distance>4523.5</distance>
        <duration>904.7</duration>
        <type>2</type>
        <step>2</step>
      </extensions>
    </rtept>
    <rtept lat="46.432464" lon="13.742941">
      <name/>
      <desc>Turn sharp left</desc>
      <extensions>
        <distance>4523.5</distance>
        <duration>904.7</duration>
        <type>2</type>
        <step>2</step>
      </extensions>
    </rtept>
    <rtept lat="46.432409" lon="13.742887">
      <name/>
      <desc>Turn sharp left</desc>
      <extensions>
        <distance>4523.5</distance>
        <duration>904.7</duration>
        <type>2</type>
        <step>2</step>
      </extensions>
    </rtept>
    <rtept lat="46.4323" lon="13.742861">
      <name/>
      <desc>Turn sharp left</desc>
      <extensions>
        <distance>4523.5</distance>
        <duration>904.7</duration>
        <type>2</type>
        <step>2</step>
      </extensions>
    </rtept>
    <rtept lat="46.43221" lon="13.742862">
      <name/>
      <desc>Turn sharp left</desc>
      <extensions>
        <distance>4523.5</distance>
        <duration>904.7</duration>
        <type>2</type>
        <step>2</step>
      </extensions>
    </rtept>
    <rtept lat="46.432187" lon="13.742845">
      <name/>
      <desc>Turn sharp left</desc>
      <extensions>
        <distance>4523.5</distance>
        <duration>904.7</duration>
        <type>2</type>
        <step>2</step>
      </extensions>
    </rtept>
    <rtept lat="46.432157" lon="13.742857">
      <name/>
      <desc>Turn sharp left</desc>
      <extensions>
        <distance>4523.5</distance>
        <duration>904.7</duration>
        <type>2</type>
        <step>2</step>
      </extensions>
    </rtept>
    <rtept lat="46.432051" lon="13.742831">
      <name/>
      <desc>Turn sharp left</desc>
      <extensions>
        <distance>4523.5</distance>
        <duration>904.7</duration>
        <type>2</type>
        <step>2</step>
      </extensions>
    </rtept>
    <rtept lat="46.432035" lon="13.7428">
      <name/>
      <desc>Turn sharp left</desc>
      <extensions>
        <distance>4523.5</distance>
        <duration>904.7</duration>
        <type>2</type>
        <step>2</step>
      </extensions>
    </rtept>
    <rtept lat="46.431961" lon="13.742815">
      <name/>
      <desc>Turn sharp left</desc>
      <extensions>
        <distance>4523.5</distance>
        <duration>904.7</duration>
        <type>2</type>
        <step>2</step>
      </extensions>
    </rtept>
    <rtept lat="46.431687" lon="13.742745">
      <name/>
      <desc>Turn sharp left</desc>
      <extensions>
        <distance>4523.5</distance>
        <duration>904.7</duration>
        <type>2</type>
        <step>2</step>
      </extensions>
    </rtept>
    <rtept lat="46.431627" lon="13.742708">
      <name/>
      <desc>Turn sharp left</desc>
      <extensions>
        <distance>4523.5</distance>
        <duration>904.7</duration>
        <type>2</type>
        <step>2</step>
      </extensions>
    </rtept>
    <rtept lat="46.431574" lon="13.742708">
      <name/>
      <desc>Turn sharp left</desc>
      <extensions>
        <distance>4523.5</distance>
        <duration>904.7</duration>
        <type>2</type>
        <step>2</step>
      </extensions>
    </rtept>
    <rtept lat="46.431531" lon="13.742543">
      <name/>
      <desc>Turn sharp left</desc>
      <extensions>
        <distance>4523.5</distance>
        <duration>904.7</duration>
        <type>2</type>
        <step>2</step>
      </extensions>
    </rtept>
    <rtept lat="46.431269" lon="13.742322">
      <name/>
      <desc>Turn sharp left</desc>
      <extensions>
        <distance>4523.5</distance>
        <duration>904.7</duration>
        <type>2</type>
        <step>2</step>
      </extensions>
    </rtept>
    <rtept lat="46.431133" lon="13.7423">
      <name/>
      <desc>Turn sharp left</desc>
      <extensions>
        <distance>4523.5</distance>
        <duration>904.7</duration>
        <type>2</type>
        <step>2</step>
      </extensions>
    </rtept>
    <rtept lat="46.431103" lon="13.742257">
      <name/>
      <desc>Turn sharp left</desc>
      <extensions>
        <distance>4523.5</distance>
        <duration>904.7</duration>
        <type>2</type>
        <step>2</step>
      </extensions>
    </rtept>
    <rtept lat="46.431051" lon="13.742267">
      <name/>
      <desc>Turn sharp left</desc>
      <extensions>
        <distance>4523.5</distance>
        <duration>904.7</duration>
        <type>2</type>
        <step>2</step>
      </extensions>
    </rtept>
    <rtept lat="46.430958" lon="13.7422">
      <name/>
      <desc>Turn sharp left</desc>
      <extensions>
        <distance>4523.5</distance>
        <duration>904.7</duration>
        <type>2</type>
        <step>2</step>
      </extensions>
    </rtept>
    <rtept lat="46.43066" lon="13.742114">
      <name/>
      <desc>Turn sharp left</desc>
      <extensions>
        <distance>4523.5</distance>
        <duration>904.7</duration>
        <type>2</type>
        <step>2</step>
      </extensions>
    </rtept>
    <rtept lat="46.430394" lon="13.741901">
      <name/>
      <desc>Turn sharp left</desc>
      <extensions>
        <distance>4523.5</distance>
        <duration>904.7</duration>
        <type>2</type>
        <step>2</step>
      </extensions>
    </rtept>
    <rtept lat="46.430302" lon="13.741747">
      <name/>
      <desc>Turn sharp left</desc>
      <extensions>
        <distance>4523.5</distance>
        <duration>904.7</duration>
        <type>2</type>
        <step>2</step>
      </extensions>
    </rtept>
    <rtept lat="46.43007" lon="13.741581">
      <name/>
      <desc>Turn sharp left</desc>
      <extensions>
        <distance>4523.5</distance>
        <duration>904.7</duration>
        <type>2</type>
        <step>2</step>
      </extensions>
    </rtept>
    <rtept lat="46.430042" lon="13.7415">
      <name/>
      <desc>Turn sharp left</desc>
      <extensions>
        <distance>4523.5</distance>
        <duration>904.7</duration>
        <type>2</type>
        <step>2</step>
      </extensions>
    </rtept>
    <rtept lat="46.429869" lon="13.741294">
      <name/>
      <desc>Turn sharp left</desc>
      <extensions>
        <distance>4523.5</distance>
        <duration>904.7</duration>
        <type>2</type>
        <step>2</step>
      </extensions>
    </rtept>
    <rtept lat="46.429792" lon="13.741247">
      <name/>
      <desc>Turn sharp left</desc>
      <extensions>
        <distance>4523.5</distance>
        <duration>904.7</duration>
        <type>2</type>
        <step>2</step>
      </extensions>
    </rtept>
    <rtept lat="46.429718" lon="13.74115">
      <name/>
      <desc>Turn sharp left</desc>
      <extensions>
        <distance>4523.5</distance>
        <duration>904.7</duration>
        <type>2</type>
        <step>2</step>
      </extensions>
    </rtept>
    <rtept lat="46.429466" lon="13.741056">
      <name/>
      <desc>Turn sharp left</desc>
      <extensions>
        <distance>4523.5</distance>
        <duration>904.7</duration>
        <type>2</type>
        <step>2</step>
      </extensions>
    </rtept>
    <rtept lat="46.429361" lon="13.740979">
      <name/>
      <desc>Turn sharp left</desc>
      <extensions>
        <distance>4523.5</distance>
        <duration>904.7</duration>
        <type>2</type>
        <step>2</step>
      </extensions>
    </rtept>
    <rtept lat="46.429331" lon="13.74092">
      <name/>
      <desc>Turn sharp left</desc>
      <extensions>
        <distance>4523.5</distance>
        <duration>904.7</duration>
        <type>2</type>
        <step>2</step>
      </extensions>
    </rtept>
    <rtept lat="46.42917" lon="13.740768">
      <name/>
      <desc>Turn sharp left</desc>
      <extensions>
        <distance>4523.5</distance>
        <duration>904.7</duration>
        <type>2</type>
        <step>2</step>
      </extensions>
    </rtept>
    <rtept lat="46.428962" lon="13.740614">
      <name/>
      <desc>Turn sharp left</desc>
      <extensions>
        <distance>4523.5</distance>
        <duration>904.7</duration>
        <type>2</type>
        <step>2</step>
      </extensions>
    </rtept>
    <rtept lat="46.428673" lon="13.740535">
      <name/>
      <desc>Turn sharp left</desc>
      <extensions>
        <distance>4523.5</distance>
        <duration>904.7</duration>
        <type>2</type>
        <step>2</step>
      </extensions>
    </rtept>
    <rtept lat="46.428627" lon="13.740474">
      <name/>
      <desc>Turn sharp left</desc>
      <extensions>
        <distance>4523.5</distance>
        <duration>904.7</duration>
        <type>2</type>
        <step>2</step>
      </extensions>
    </rtept>
    <rtept lat="46.428479" lon="13.740399">
      <name/>
      <desc>Turn sharp left</desc>
      <extensions>
        <distance>4523.5</distance>
        <duration>904.7</duration>
        <type>2</type>
        <step>2</step>
      </extensions>
    </rtept>
    <rtept lat="46.428454" lon="13.740368">
      <name/>
      <desc>Turn sharp left</desc>
      <extensions>
        <distance>4523.5</distance>
        <duration>904.7</duration>
        <type>2</type>
        <step>2</step>
      </extensions>
    </rtept>
    <rtept lat="46.428424" lon="13.740372">
      <name/>
      <desc>Turn sharp left</desc>
      <extensions>
        <distance>4523.5</distance>
        <duration>904.7</duration>
        <type>2</type>
        <step>2</step>
      </extensions>
    </rtept>
    <rtept lat="46.428407" lon="13.740286">
      <name/>
      <desc>Turn sharp left</desc>
      <extensions>
        <distance>4523.5</distance>
        <duration>904.7</duration>
        <type>2</type>
        <step>2</step>
      </extensions>
    </rtept>
    <rtept lat="46.42829" lon="13.740236">
      <name/>
      <desc>Turn sharp left</desc>
      <extensions>
        <distance>4523.5</distance>
        <duration>904.7</duration>
        <type>2</type>
        <step>2</step>
      </extensions>
    </rtept>
    <rtept lat="46.428278" lon="13.740092">
      <name/>
      <desc>Turn sharp left</desc>
      <extensions>
        <distance>4523.5</distance>
        <duration>904.7</duration>
        <type>2</type>
        <step>2</step>
      </extensions>
    </rtept>
    <rtept lat="46.428251" lon="13.74008">
      <name/>
      <desc>Turn sharp left</desc>
      <extensions>
        <distance>4523.5</distance>
        <duration>904.7</duration>
        <type>2</type>
        <step>2</step>
      </extensions>
    </rtept>
    <rtept lat="46.42825" lon="13.740045">
      <name/>
      <desc>Turn sharp left</desc>
      <extensions>
        <distance>4523.5</distance>
        <duration>904.7</duration>
        <type>2</type>
        <step>2</step>
      </extensions>
    </rtept>
    <rtept lat="46.428228" lon="13.740011">
      <name/>
      <desc>Turn sharp left</desc>
      <extensions>
        <distance>4523.5</distance>
        <duration>904.7</duration>
        <type>2</type>
        <step>2</step>
      </extensions>
    </rtept>
    <rtept lat="46.428177" lon="13.739979">
      <name/>
      <desc>Turn sharp left</desc>
      <extensions>
        <distance>4523.5</distance>
        <duration>904.7</duration>
        <type>2</type>
        <step>2</step>
      </extensions>
    </rtept>
    <rtept lat="46.428126" lon="13.739915">
      <name/>
      <desc>Turn sharp left</desc>
      <extensions>
        <distance>4523.5</distance>
        <duration>904.7</duration>
        <type>2</type>
        <step>2</step>
      </extensions>
    </rtept>
    <rtept lat="46.428113" lon="13.739881">
      <name/>
      <desc>Turn sharp left</desc>
      <extensions>
        <distance>4523.5</distance>
        <duration>904.7</duration>
        <type>2</type>
        <step>2</step>
      </extensions>
    </rtept>
    <rtept lat="46.428113" lon="13.739723">
      <name/>
      <desc>Turn sharp left</desc>
      <extensions>
        <distance>4523.5</distance>
        <duration>904.7</duration>
        <type>2</type>
        <step>2</step>
      </extensions>
    </rtept>
    <rtept lat="46.428077" lon="13.739669">
      <name/>
      <desc>Turn sharp left</desc>
      <extensions>
        <distance>4523.5</distance>
        <duration>904.7</duration>
        <type>2</type>
        <step>2</step>
      </extensions>
    </rtept>
    <rtept lat="46.428031" lon="13.73967">
      <name/>
      <desc>Turn sharp left</desc>
      <extensions>
        <distance>4523.5</distance>
        <duration>904.7</duration>
        <type>2</type>
        <step>2</step>
      </extensions>
    </rtept>
    <rtept lat="46.427907" lon="13.739762">
      <name/>
      <desc>Turn sharp left</desc>
      <extensions>
        <distance>4523.5</distance>
        <duration>904.7</duration>
        <type>2</type>
        <step>2</step>
      </extensions>
    </rtept>
    <rtept lat="46.427882" lon="13.739737">
      <name/>
      <desc>Turn sharp left</desc>
      <extensions>
        <distance>4523.5</distance>
        <duration>904.7</duration>
        <type>2</type>
        <step>2</step>
      </extensions>
    </rtept>
    <rtept lat="46.427827" lon="13.739796">
      <name/>
      <desc>Turn sharp left</desc>
      <extensions>
        <distance>4523.5</distance>
        <duration>904.7</duration>
        <type>2</type>
        <step>2</step>
      </extensions>
    </rtept>
    <rtept lat="46.427671" lon="13.739702">
      <name/>
      <desc>Turn sharp left</desc>
      <extensions>
        <distance>4523.5</distance>
        <duration>904.7</duration>
        <type>2</type>
        <step>2</step>
      </extensions>
    </rtept>
    <rtept lat="46.427614" lon="13.739551">
      <name/>
      <desc>Turn sharp left</desc>
      <extensions>
        <distance>4523.5</distance>
        <duration>904.7</duration>
        <type>2</type>
        <step>2</step>
      </extensions>
    </rtept>
    <rtept lat="46.427276" lon="13.739226">
      <name/>
      <desc>Turn sharp left</desc>
      <extensions>
        <distance>4523.5</distance>
        <duration>904.7</duration>
        <type>2</type>
        <step>2</step>
      </extensions>
    </rtept>
    <rtept lat="46.427082" lon="13.738873">
      <name/>
      <desc>Turn sharp left</desc>
      <extensions>
        <distance>4523.5</distance>
        <duration>904.7</duration>
        <type>2</type>
        <step>2</step>
      </extensions>
    </rtept>
    <rtept lat="46.426964" lon="13.738445">
      <name/>
      <desc>Turn sharp left</desc>
      <extensions>
        <distance>4523.5</distance>
        <duration>904.7</duration>
        <type>2</type>
        <step>2</step>
      </extensions>
    </rtept>
    <rtept lat="46.426956" lon="13.738024">
      <name/>
      <desc>Turn sharp left</desc>
      <extensions>
        <distance>4523.5</distance>
        <duration>904.7</duration>
        <type>2</type>
        <step>2</step>
      </extensions>
    </rtept>
    <rtept lat="46.426935" lon="13.737856">
      <name/>
      <desc>Turn sharp left</desc>
      <extensions>
        <distance>4523.5</distance>
        <duration>904.7</duration>
        <type>2</type>
        <step>2</step>
      </extensions>
    </rtept>
    <rtept lat="46.426908" lon="13.737791">
      <name/>
      <desc>Turn sharp left</desc>
      <extensions>
        <distance>4523.5</distance>
        <duration>904.7</duration>
        <type>2</type>
        <step>2</step>
      </extensions>
    </rtept>
    <rtept lat="46.426905" lon="13.737716">
      <name/>
      <desc>Turn sharp left</desc>
      <extensions>
        <distance>4523.5</distance>
        <duration>904.7</duration>
        <type>2</type>
        <step>2</step>
      </extensions>
    </rtept>
    <rtept lat="46.426863" lon="13.737559">
      <name/>
      <desc>Turn sharp left</desc>
      <extensions>
        <distance>4523.5</distance>
        <duration>904.7</duration>
        <type>2</type>
        <step>2</step>
      </extensions>
    </rtept>
    <rtept lat="46.426817" lon="13.737471">
      <name/>
      <desc>Turn sharp left</desc>
      <extensions>
        <distance>4523.5</distance>
        <duration>904.7</duration>
        <type>2</type>
        <step>2</step>
      </extensions>
    </rtept>
    <rtept lat="46.426791" lon="13.737318">
      <name/>
      <desc>Turn sharp left</desc>
      <extensions>
        <distance>4523.5</distance>
        <duration>904.7</duration>
        <type>2</type>
        <step>2</step>
      </extensions>
    </rtept>
    <rtept lat="46.426738" lon="13.737318">
      <name/>
      <desc>Turn sharp left</desc>
      <extensions>
        <distance>4523.5</distance>
        <duration>904.7</duration>
        <type>2</type>
        <step>2</step>
      </extensions>
    </rtept>
    <rtept lat="46.42663" lon="13.73713">
      <name/>
      <desc>Turn sharp left</desc>
      <extensions>
        <distance>4523.5</distance>
        <duration>904.7</duration>
        <type>2</type>
        <step>2</step>
      </extensions>
    </rtept>
    <rtept lat="46.426627" lon="13.737019">
      <name/>
      <desc>Turn sharp left</desc>
      <extensions>
        <distance>4523.5</distance>
        <duration>904.7</duration>
        <type>2</type>
        <step>2</step>
      </extensions>
    </rtept>
    <rtept lat="46.426665" lon="13.736917">
      <name/>
      <desc>Turn sharp left</desc>
      <extensions>
        <distance>4523.5</distance>
        <duration>904.7</duration>
        <type>2</type>
        <step>2</step>
      </extensions>
    </rtept>
    <rtept lat="46.426665" lon="13.736878">
      <name/>
      <desc>Turn sharp left</desc>
      <extensions>
        <distance>4523.5</distance>
        <duration>904.7</duration>
        <type>2</type>
        <step>2</step>
      </extensions>
    </rtept>
    <rtept lat="46.426618" lon="13.736785">
      <name/>
      <desc>Turn sharp left</desc>
      <extensions>
        <distance>4523.5</distance>
        <duration>904.7</duration>
        <type>2</type>
        <step>2</step>
      </extensions>
    </rtept>
    <rtept lat="46.426637" lon="13.736494">
      <name/>
      <desc>Turn sharp left</desc>
      <extensions>
        <distance>4523.5</distance>
        <duration>904.7</duration>
        <type>2</type>
        <step>2</step>
      </extensions>
    </rtept>
    <rtept lat="46.426617" lon="13.736336">
      <name/>
      <desc>Turn sharp left</desc>
      <extensions>
        <distance>4523.5</distance>
        <duration>904.7</duration>
        <type>2</type>
        <step>2</step>
      </extensions>
    </rtept>
    <rtept lat="46.426552" lon="13.736279">
      <name/>
      <desc>Turn sharp left</desc>
      <extensions>
        <distance>4523.5</distance>
        <duration>904.7</duration>
        <type>2</type>
        <step>2</step>
      </extensions>
    </rtept>
    <rtept lat="46.426518" lon="13.736184">
      <name/>
      <desc>Turn sharp left</desc>
      <extensions>
        <distance>4523.5</distance>
        <duration>904.7</duration>
        <type>2</type>
        <step>2</step>
      </extensions>
    </rtept>
    <rtept lat="46.426478" lon="13.736138">
      <name/>
      <desc>Turn sharp left</desc>
      <extensions>
        <distance>4523.5</distance>
        <duration>904.7</duration>
        <type>2</type>
        <step>2</step>
      </extensions>
    </rtept>
    <rtept lat="46.426437" lon="13.736117">
      <name/>
      <desc>Turn sharp left</desc>
      <extensions>
        <distance>4523.5</distance>
        <duration>904.7</duration>
        <type>2</type>
        <step>2</step>
      </extensions>
    </rtept>
    <rtept lat="46.426393" lon="13.736167">
      <name/>
      <desc>Turn sharp left</desc>
      <extensions>
        <distance>4523.5</distance>
        <duration>904.7</duration>
        <type>2</type>
        <step>2</step>
      </extensions>
    </rtept>
    <rtept lat="46.426379" lon="13.736157">
      <name/>
      <desc>Turn sharp left</desc>
      <extensions>
        <distance>4523.5</distance>
        <duration>904.7</duration>
        <type>2</type>
        <step>2</step>
      </extensions>
    </rtept>
    <rtept lat="46.42636" lon="13.736121">
      <name/>
      <desc>Turn sharp left</desc>
      <extensions>
        <distance>4523.5</distance>
        <duration>904.7</duration>
        <type>2</type>
        <step>2</step>
      </extensions>
    </rtept>
    <rtept lat="46.42636" lon="13.735989">
      <name/>
      <desc>Turn sharp left</desc>
      <extensions>
        <distance>4523.5</distance>
        <duration>904.7</duration>
        <type>2</type>
        <step>2</step>
      </extensions>
    </rtept>
    <rtept lat="46.426316" lon="13.735828">
      <name/>
      <desc>Turn sharp left</desc>
      <extensions>
        <distance>4523.5</distance>
        <duration>904.7</duration>
        <type>2</type>
        <step>2</step>
      </extensions>
    </rtept>
    <rtept lat="46.426291" lon="13.735794">
      <name/>
      <desc>Turn sharp left</desc>
      <extensions>
        <distance>4523.5</distance>
        <duration>904.7</duration>
        <type>2</type>
        <step>2</step>
      </extensions>
    </rtept>
    <rtept lat="46.426224" lon="13.735803">
      <name/>
      <desc>Turn sharp left</desc>
      <extensions>
        <distance>4523.5</distance>
        <duration>904.7</duration>
        <type>2</type>
        <step>2</step>
      </extensions>
    </rtept>
    <rtept lat="46.426094" lon="13.735703">
      <name/>
      <desc>Turn sharp left</desc>
      <extensions>
        <distance>4523.5</distance>
        <duration>904.7</duration>
        <type>2</type>
        <step>2</step>
      </extensions>
    </rtept>
    <rtept lat="46.426048" lon="13.735655">
      <name/>
      <desc>Turn sharp left</desc>
      <extensions>
        <distance>4523.5</distance>
        <duration>904.7</duration>
        <type>2</type>
        <step>2</step>
      </extensions>
    </rtept>
    <rtept lat="46.426024" lon="13.735594">
      <name/>
      <desc>Turn sharp left</desc>
      <extensions>
        <distance>4523.5</distance>
        <duration>904.7</duration>
        <type>2</type>
        <step>2</step>
      </extensions>
    </rtept>
    <rtept lat="46.425917" lon="13.735538">
      <name/>
      <desc>Turn sharp left</desc>
      <extensions>
        <distance>4523.5</distance>
        <duration>904.7</duration>
        <type>2</type>
        <step>2</step>
      </extensions>
    </rtept>
    <rtept lat="46.425878" lon="13.735479">
      <name/>
      <desc>Turn sharp left</desc>
      <extensions>
        <distance>4523.5</distance>
        <duration>904.7</duration>
        <type>2</type>
        <step>2</step>
      </extensions>
    </rtept>
    <rtept lat="46.425745" lon="13.735426">
      <name/>
      <desc>Turn sharp left</desc>
      <extensions>
        <distance>4523.5</distance>
        <duration>904.7</duration>
        <type>2</type>
        <step>2</step>
      </extensions>
    </rtept>
    <rtept lat="46.425717" lon="13.735395">
      <name/>
      <desc>Turn sharp left</desc>
      <extensions>
        <distance>4523.5</distance>
        <duration>904.7</duration>
        <type>2</type>
        <step>2</step>
      </extensions>
    </rtept>
    <rtept lat="46.425642" lon="13.735201">
      <name/>
      <desc>Turn sharp left</desc>
      <extensions>
        <distance>4523.5</distance>
        <duration>904.7</duration>
        <type>2</type>
        <step>2</step>
      </extensions>
    </rtept>
    <rtept lat="46.425574" lon="13.735195">
      <name/>
      <desc>Turn sharp left</desc>
      <extensions>
        <distance>4523.5</distance>
        <duration>904.7</duration>
        <type>2</type>
        <step>2</step>
      </extensions>
    </rtept>
    <rtept lat="46.425536" lon="13.735137">
      <name/>
      <desc>Turn sharp left</desc>
      <extensions>
        <distance>4523.5</distance>
        <duration>904.7</duration>
        <type>2</type>
        <step>2</step>
      </extensions>
    </rtept>
    <rtept lat="46.425414" lon="13.735036">
      <name/>
      <desc>Turn sharp left</desc>
      <extensions>
        <distance>4523.5</distance>
        <duration>904.7</duration>
        <type>2</type>
        <step>2</step>
      </extensions>
    </rtept>
    <rtept lat="46.425364" lon="13.735031">
      <name/>
      <desc>Turn sharp left</desc>
      <extensions>
        <distance>4523.5</distance>
        <duration>904.7</duration>
        <type>2</type>
        <step>2</step>
      </extensions>
    </rtept>
    <rtept lat="46.425328" lon="13.735073">
      <name/>
      <desc>Turn sharp left</desc>
      <extensions>
        <distance>4523.5</distance>
        <duration>904.7</duration>
        <type>2</type>
        <step>2</step>
      </extensions>
    </rtept>
    <rtept lat="46.425305" lon="13.735065">
      <name/>
      <desc>Turn sharp left</desc>
      <extensions>
        <distance>4523.5</distance>
        <duration>904.7</duration>
        <type>2</type>
        <step>2</step>
      </extensions>
    </rtept>
    <rtept lat="46.425007" lon="13.734876">
      <name/>
      <desc>Turn sharp left</desc>
      <extensions>
        <distance>4523.5</distance>
        <duration>904.7</duration>
        <type>2</type>
        <step>2</step>
      </extensions>
    </rtept>
    <rtept lat="46.424943" lon="13.734904">
      <name/>
      <desc>Turn sharp left</desc>
      <extensions>
        <distance>4523.5</distance>
        <duration>904.7</duration>
        <type>2</type>
        <step>2</step>
      </extensions>
    </rtept>
    <rtept lat="46.424812" lon="13.734842">
      <name/>
      <desc>Turn sharp left</desc>
      <extensions>
        <distance>4523.5</distance>
        <duration>904.7</duration>
        <type>2</type>
        <step>2</step>
      </extensions>
    </rtept>
    <rtept lat="46.424717" lon="13.734833">
      <name/>
      <desc>Turn sharp left</desc>
      <extensions>
        <distance>4523.5</distance>
        <duration>904.7</duration>
        <type>2</type>
        <step>2</step>
      </extensions>
    </rtept>
    <rtept lat="46.424212" lon="13.735254">
      <name/>
      <desc>Turn sharp left</desc>
      <extensions>
        <distance>4523.5</distance>
        <duration>904.7</duration>
        <type>2</type>
        <step>2</step>
      </extensions>
    </rtept>
    <rtept lat="46.42413" lon="13.735356">
      <name/>
      <desc>Turn sharp left</desc>
      <extensions>
        <distance>4523.5</distance>
        <duration>904.7</duration>
        <type>2</type>
        <step>2</step>
      </extensions>
    </rtept>
    <rtept lat="46.424007" lon="13.735373">
      <name/>
      <desc>Turn sharp left</desc>
      <extensions>
        <distance>4523.5</distance>
        <duration>904.7</duration>
        <type>2</type>
        <step>2</step>
      </extensions>
    </rtept>
    <rtept lat="46.423819" lon="13.735344">
      <name/>
      <desc>Turn sharp left</desc>
      <extensions>
        <distance>4523.5</distance>
        <duration>904.7</duration>
        <type>2</type>
        <step>2</step>
      </extensions>
    </rtept>
    <rtept lat="46.423651" lon="13.73523">
      <name/>
      <desc>Turn sharp left</desc>
      <extensions>
        <distance>4523.5</distance>
        <duration>904.7</duration>
        <type>2</type>
        <step>2</step>
      </extensions>
    </rtept>
    <rtept lat="46.423446" lon="13.734908">
      <name/>
      <desc>Turn sharp left</desc>
      <extensions>
        <distance>4523.5</distance>
        <duration>904.7</duration>
        <type>2</type>
        <step>2</step>
      </extensions>
    </rtept>
    <rtept lat="46.423265" lon="13.73475">
      <name/>
      <desc>Turn sharp left</desc>
      <extensions>
        <distance>4523.5</distance>
        <duration>904.7</duration>
        <type>2</type>
        <step>2</step>
      </extensions>
    </rtept>
    <rtept lat="46.42319" lon="13.734709">
      <name/>
      <desc>Turn sharp left</desc>
      <extensions>
        <distance>4523.5</distance>
        <duration>904.7</duration>
        <type>2</type>
        <step>2</step>
      </extensions>
    </rtept>
    <rtept lat="46.423136" lon="13.734603">
      <name/>
      <desc>Turn sharp left</desc>
      <extensions>
        <distance>4523.5</distance>
        <duration>904.7</duration>
        <type>2</type>
        <step>2</step>
      </extensions>
    </rtept>
    <rtept lat="46.422725" lon="13.734139">
      <name/>
      <desc>Turn sharp left</desc>
      <extensions>
        <distance>4523.5</distance>
        <duration>904.7</duration>
        <type>2</type>
        <step>2</step>
      </extensions>
    </rtept>
    <rtept lat="46.422563" lon="13.733751">
      <name/>
      <desc>Turn sharp left</desc>
      <extensions>
        <distance>4523.5</distance>
        <duration>904.7</duration>
        <type>2</type>
        <step>2</step>
      </extensions>
    </rtept>
    <rtept lat="46.422205" lon="13.733107">
      <name/>
      <desc>Turn sharp left</desc>
      <extensions>
        <distance>4523.5</distance>
        <duration>904.7</duration>
        <type>2</type>
        <step>2</step>
      </extensions>
    </rtept>
    <rtept lat="46.422151" lon="13.733048">
      <name/>
      <desc>Turn sharp left</desc>
      <extensions>
        <distance>4523.5</distance>
        <duration>904.7</duration>
        <type>2</type>
        <step>2</step>
      </extensions>
    </rtept>
    <rtept lat="46.422073" lon="13.732791">
      <name/>
      <desc>Turn sharp left</desc>
      <extensions>
        <distance>4523.5</distance>
        <duration>904.7</duration>
        <type>2</type>
        <step>2</step>
      </extensions>
    </rtept>
    <rtept lat="46.421827" lon="13.73239">
      <name/>
      <desc>Turn sharp left</desc>
      <extensions>
        <distance>4523.5</distance>
        <duration>904.7</duration>
        <type>2</type>
        <step>2</step>
      </extensions>
    </rtept>
    <rtept lat="46.421636" lon="13.732122">
      <name/>
      <desc>Turn sharp left</desc>
      <extensions>
        <distance>4523.5</distance>
        <duration>904.7</duration>
        <type>2</type>
        <step>2</step>
      </extensions>
    </rtept>
    <rtept lat="46.421547" lon="13.731841">
      <name/>
      <desc>Turn sharp left</desc>
      <extensions>
        <distance>4523.5</distance>
        <duration>904.7</duration>
        <type>2</type>
        <step>2</step>
      </extensions>
    </rtept>
    <rtept lat="46.4215" lon="13.731609">
      <name/>
      <desc>Turn sharp left</desc>
      <extensions>
        <distance>4523.5</distance>
        <duration>904.7</duration>
        <type>2</type>
        <step>2</step>
      </extensions>
    </rtept>
    <rtept lat="46.421314" lon="13.731247">
      <name/>
      <desc>Turn sharp left</desc>
      <extensions>
        <distance>4523.5</distance>
        <duration>904.7</duration>
        <type>2</type>
        <step>2</step>
      </extensions>
    </rtept>
    <rtept lat="46.42091" lon="13.73023">
      <name/>
      <desc>Turn sharp left</desc>
      <extensions>
        <distance>4523.5</distance>
        <duration>904.7</duration>
        <type>2</type>
        <step>2</step>
      </extensions>
    </rtept>
    <rtept lat="46.420891" lon="13.73007">
      <name/>
      <desc>Turn sharp left</desc>
      <extensions>
        <distance>4523.5</distance>
        <duration>904.7</duration>
        <type>2</type>
        <step>2</step>
      </extensions>
    </rtept>
    <rtept lat="46.42096" lon="13.729487">
      <name/>
      <desc>Turn sharp left</desc>
      <extensions>
        <distance>4523.5</distance>
        <duration>904.7</duration>
        <type>2</type>
        <step>2</step>
      </extensions>
    </rtept>
    <rtept lat="46.420853" lon="13.729006">
      <name/>
      <desc>Turn sharp left</desc>
      <extensions>
        <distance>4523.5</distance>
        <duration>904.7</duration>
        <type>2</type>
        <step>2</step>
      </extensions>
    </rtept>
    <rtept lat="46.420791" lon="13.72889">
      <name/>
      <desc>Turn sharp left</desc>
      <extensions>
        <distance>4523.5</distance>
        <duration>904.7</duration>
        <type>2</type>
        <step>2</step>
      </extensions>
    </rtept>
    <rtept lat="46.420685" lon="13.728798">
      <name/>
      <desc>Turn sharp left</desc>
      <extensions>
        <distance>4523.5</distance>
        <duration>904.7</duration>
        <type>2</type>
        <step>2</step>
      </extensions>
    </rtept>
    <rtept lat="46.420592" lon="13.728746">
      <name/>
      <desc>Turn sharp left</desc>
      <extensions>
        <distance>4523.5</distance>
        <duration>904.7</duration>
        <type>2</type>
        <step>2</step>
      </extensions>
    </rtept>
    <rtept lat="46.420481" lon="13.728527">
      <name/>
      <desc>Turn sharp left</desc>
      <extensions>
        <distance>4523.5</distance>
        <duration>904.7</duration>
        <type>2</type>
        <step>2</step>
      </extensions>
    </rtept>
    <rtept lat="46.420397" lon="13.728398">
      <name/>
      <desc>Turn sharp left</desc>
      <extensions>
        <distance>4523.5</distance>
        <duration>904.7</duration>
        <type>2</type>
        <step>2</step>
      </extensions>
    </rtept>
    <rtept lat="46.420238" lon="13.728344">
      <name/>
      <desc>Turn sharp left</desc>
      <extensions>
        <distance>4523.5</distance>
        <duration>904.7</duration>
        <type>2</type>
        <step>2</step>
      </extensions>
    </rtept>
    <rtept lat="46.420016" lon="13.728384">
      <name/>
      <desc>Turn sharp left</desc>
      <extensions>
        <distance>4523.5</distance>
        <duration>904.7</duration>
        <type>2</type>
        <step>2</step>
      </extensions>
    </rtept>
    <rtept lat="46.419836" lon="13.728113">
      <name/>
      <desc>Turn sharp left</desc>
      <extensions>
        <distance>4523.5</distance>
        <duration>904.7</duration>
        <type>2</type>
        <step>2</step>
      </extensions>
    </rtept>
    <rtept lat="46.419735" lon="13.727643">
      <name/>
      <desc>Turn sharp left</desc>
      <extensions>
        <distance>4523.5</distance>
        <duration>904.7</duration>
        <type>2</type>
        <step>2</step>
      </extensions>
    </rtept>
    <rtept lat="46.419624" lon="13.727405">
      <name/>
      <desc>Turn sharp left</desc>
      <extensions>
        <distance>4523.5</distance>
        <duration>904.7</duration>
        <type>2</type>
        <step>2</step>
      </extensions>
    </rtept>
    <rtept lat="46.419552" lon="13.727046">
      <name/>
      <desc>Turn sharp left</desc>
      <extensions>
        <distance>4523.5</distance>
        <duration>904.7</duration>
        <type>2</type>
        <step>2</step>
      </extensions>
    </rtept>
    <rtept lat="46.419486" lon="13.726807">
      <name/>
      <desc>Turn sharp left</desc>
      <extensions>
        <distance>4523.5</distance>
        <duration>904.7</duration>
        <type>2</type>
        <step>2</step>
      </extensions>
    </rtept>
    <rtept lat="46.419483" lon="13.726549">
      <name/>
      <desc>Turn sharp left</desc>
      <extensions>
        <distance>4523.5</distance>
        <duration>904.7</duration>
        <type>2</type>
        <step>2</step>
      </extensions>
    </rtept>
    <rtept lat="46.419537" lon="13.726429">
      <name/>
      <desc>Turn sharp left</desc>
      <extensions>
        <distance>4523.5</distance>
        <duration>904.7</duration>
        <type>2</type>
        <step>2</step>
      </extensions>
    </rtept>
    <rtept lat="46.419558" lon="13.726143">
      <name/>
      <desc>Turn sharp left</desc>
      <extensions>
        <distance>4523.5</distance>
        <duration>904.7</duration>
        <type>2</type>
        <step>2</step>
      </extensions>
    </rtept>
    <rtept lat="46.419738" lon="13.725498">
      <name/>
      <desc>Turn sharp left</desc>
      <extensions>
        <distance>4523.5</distance>
        <duration>904.7</duration>
        <type>2</type>
        <step>2</step>
      </extensions>
    </rtept>
    <rtept lat="46.419742" lon="13.725377">
      <name/>
      <desc>Turn sharp left</desc>
      <extensions>
        <distance>4523.5</distance>
        <duration>904.7</duration>
        <type>2</type>
        <step>2</step>
      </extensions>
    </rtept>
    <rtept lat="46.419649" lon="13.724983">
      <name/>
      <desc>Turn sharp left</desc>
      <extensions>
        <distance>4523.5</distance>
        <duration>904.7</duration>
        <type>2</type>
        <step>2</step>
      </extensions>
    </rtept>
    <rtept lat="46.419641" lon="13.724846">
      <name/>
      <desc>Turn sharp left</desc>
      <extensions>
        <distance>4523.5</distance>
        <duration>904.7</duration>
        <type>2</type>
        <step>2</step>
      </extensions>
    </rtept>
    <rtept lat="46.419589" lon="13.724523">
      <name/>
      <desc>Turn sharp left</desc>
      <extensions>
        <distance>4523.5</distance>
        <duration>904.7</duration>
        <type>2</type>
        <step>2</step>
      </extensions>
    </rtept>
    <rtept lat="46.419525" lon="13.724346">
      <name/>
      <desc>Turn sharp left</desc>
      <extensions>
        <distance>4523.5</distance>
        <duration>904.7</duration>
        <type>2</type>
        <step>2</step>
      </extensions>
    </rtept>
    <rtept lat="46.41948" lon="13.724095">
      <name/>
      <desc>Turn sharp left</desc>
      <extensions>
        <distance>4523.5</distance>
        <duration>904.7</duration>
        <type>2</type>
        <step>2</step>
      </extensions>
    </rtept>
    <rtept lat="46.419383" lon="13.723933">
      <name/>
      <desc>Turn sharp left</desc>
      <extensions>
        <distance>4523.5</distance>
        <duration>904.7</duration>
        <type>2</type>
        <step>2</step>
      </extensions>
    </rtept>
    <rtept lat="46.4193" lon="13.723896">
      <name/>
      <desc>Turn sharp left</desc>
      <extensions>
        <distance>4523.5</distance>
        <duration>904.7</duration>
        <type>2</type>
        <step>2</step>
      </extensions>
    </rtept>
    <rtept lat="46.419197" lon="13.723899">
      <name/>
      <desc>Turn sharp left</desc>
      <extensions>
        <distance>4523.5</distance>
        <duration>904.7</duration>
        <type>2</type>
        <step>2</step>
      </extensions>
    </rtept>
    <rtept lat="46.419103" lon="13.72386">
      <name/>
      <desc>Turn sharp left</desc>
      <extensions>
        <distance>4523.5</distance>
        <duration>904.7</duration>
        <type>2</type>
        <step>2</step>
      </extensions>
    </rtept>
    <rtept lat="46.419101" lon="13.723725">
      <name/>
      <desc>Turn sharp left</desc>
      <extensions>
        <distance>4523.5</distance>
        <duration>904.7</duration>
        <type>2</type>
        <step>2</step>
      </extensions>
    </rtept>
    <rtept lat="46.418947" lon="13.723324">
      <name/>
      <desc>Turn sharp left</desc>
      <extensions>
        <distance>4523.5</distance>
        <duration>904.7</duration>
        <type>2</type>
        <step>2</step>
      </extensions>
    </rtept>
    <rtept lat="46.418785" lon="13.723108">
      <name/>
      <desc>Turn sharp left</desc>
      <extensions>
        <distance>4523.5</distance>
        <duration>904.7</duration>
        <type>2</type>
        <step>2</step>
      </extensions>
    </rtept>
    <rtept lat="46.418731" lon="13.722992">
      <name/>
      <desc>Turn sharp left</desc>
      <extensions>
        <distance>4523.5</distance>
        <duration>904.7</duration>
        <type>2</type>
        <step>2</step>
      </extensions>
    </rtept>
    <rtept lat="46.418514" lon="13.722828">
      <name/>
      <desc>Turn sharp left</desc>
      <extensions>
        <distance>4523.5</distance>
        <duration>904.7</duration>
        <type>2</type>
        <step>2</step>
      </extensions>
    </rtept>
    <rtept lat="46.418368" lon="13.722652">
      <name/>
      <desc>Turn sharp left</desc>
      <extensions>
        <distance>4523.5</distance>
        <duration>904.7</duration>
        <type>2</type>
        <step>2</step>
      </extensions>
    </rtept>
    <rtept lat="46.418239" lon="13.722449">
      <name/>
      <desc>Turn sharp left</desc>
      <extensions>
        <distance>4523.5</distance>
        <duration>904.7</duration>
        <type>2</type>
        <step>2</step>
      </extensions>
    </rtept>
    <rtept lat="46.418192" lon="13.722337">
      <name/>
      <desc>Turn sharp left</desc>
      <extensions>
        <distance>4523.5</distance>
        <duration>904.7</duration>
        <type>2</type>
        <step>2</step>
      </extensions>
    </rtept>
    <rtept lat="46.418189" lon="13.722247">
      <name/>
      <desc>Turn sharp left</desc>
      <extensions>
        <distance>4523.5</distance>
        <duration>904.7</duration>
        <type>2</type>
        <step>2</step>
      </extensions>
    </rtept>
    <rtept lat="46.418172" lon="13.722199">
      <name/>
      <desc>Turn sharp left</desc>
      <extensions>
        <distance>4523.5</distance>
        <duration>904.7</duration>
        <type>2</type>
        <step>2</step>
      </extensions>
    </rtept>
    <rtept lat="46.417939" lon="13.721767">
      <name/>
      <desc>Turn sharp left</desc>
      <extensions>
        <distance>4523.5</distance>
        <duration>904.7</duration>
        <type>2</type>
        <step>2</step>
      </extensions>
    </rtept>
    <rtept lat="46.417802" lon="13.72155">
      <name/>
      <desc>Turn sharp left</desc>
      <extensions>
        <distance>4523.5</distance>
        <duration>904.7</duration>
        <type>2</type>
        <step>2</step>
      </extensions>
    </rtept>
    <rtept lat="46.417638" lon="13.721392">
      <name/>
      <desc>Turn sharp left</desc>
      <extensions>
        <distance>4523.5</distance>
        <duration>904.7</duration>
        <type>2</type>
        <step>2</step>
      </extensions>
    </rtept>
    <rtept lat="46.417562" lon="13.721208">
      <name/>
      <desc>Turn sharp left</desc>
      <extensions>
        <distance>4523.5</distance>
        <duration>904.7</duration>
        <type>2</type>
        <step>2</step>
      </extensions>
    </rtept>
    <rtept lat="46.417091" lon="13.720325">
      <name/>
      <desc>Turn sharp left</desc>
      <extensions>
        <distance>4523.5</distance>
        <duration>904.7</duration>
        <type>2</type>
        <step>2</step>
      </extensions>
    </rtept>
    <rtept lat="46.417107" lon="13.720091">
      <name/>
      <desc>Turn sharp left</desc>
      <extensions>
        <distance>4523.5</distance>
        <duration>904.7</duration>
        <type>2</type>
        <step>2</step>
      </extensions>
    </rtept>
    <rtept lat="46.417063" lon="13.719818">
      <name/>
      <desc>Turn sharp left</desc>
      <extensions>
        <distance>4523.5</distance>
        <duration>904.7</duration>
        <type>2</type>
        <step>2</step>
      </extensions>
    </rtept>
    <rtept lat="46.417043" lon="13.719534">
      <name/>
      <desc>Turn sharp left</desc>
      <extensions>
        <distance>4523.5</distance>
        <duration>904.7</duration>
        <type>2</type>
        <step>2</step>
      </extensions>
    </rtept>
    <rtept lat="46.41699" lon="13.719307">
      <name/>
      <desc>Turn sharp left</desc>
      <extensions>
        <distance>4523.5</distance>
        <duration>904.7</duration>
        <type>2</type>
        <step>2</step>
      </extensions>
    </rtept>
    <rtept lat="46.416871" lon="13.71892">
      <name/>
      <desc>Turn sharp left</desc>
      <extensions>
        <distance>4523.5</distance>
        <duration>904.7</duration>
        <type>2</type>
        <step>2</step>
      </extensions>
    </rtept>
    <rtept lat="46.416825" lon="13.718634">
      <name/>
      <desc>Turn sharp left</desc>
      <extensions>
        <distance>4523.5</distance>
        <duration>904.7</duration>
        <type>2</type>
        <step>2</step>
      </extensions>
    </rtept>
    <rtept lat="46.416663" lon="13.718614">
      <name/>
      <desc>Turn sharp left</desc>
      <extensions>
        <distance>4523.5</distance>
        <duration>904.7</duration>
        <type>2</type>
        <step>2</step>
      </extensions>
    </rtept>
    <rtept lat="46.416558" lon="13.718709">
      <name/>
      <desc>Turn sharp left</desc>
      <extensions>
        <distance>4523.5</distance>
        <duration>904.7</duration>
        <type>2</type>
        <step>2</step>
      </extensions>
    </rtept>
    <rtept lat="46.416473" lon="13.718661">
      <name/>
      <desc>Turn sharp left</desc>
      <extensions>
        <distance>4523.5</distance>
        <duration>904.7</duration>
        <type>2</type>
        <step>2</step>
      </extensions>
    </rtept>
    <rtept lat="46.416423" lon="13.718582">
      <name/>
      <desc>Turn sharp left</desc>
      <extensions>
        <distance>4523.5</distance>
        <duration>904.7</duration>
        <type>2</type>
        <step>2</step>
      </extensions>
    </rtept>
    <rtept lat="46.416329" lon="13.71853">
      <name/>
      <desc>Turn sharp left</desc>
      <extensions>
        <distance>4523.5</distance>
        <duration>904.7</duration>
        <type>2</type>
        <step>2</step>
      </extensions>
    </rtept>
    <rtept lat="46.416193" lon="13.718527">
      <name/>
      <desc>Turn sharp left</desc>
      <extensions>
        <distance>4523.5</distance>
        <duration>904.7</duration>
        <type>2</type>
        <step>2</step>
      </extensions>
    </rtept>
    <rtept lat="46.416081" lon="13.718469">
      <name/>
      <desc>Turn sharp left</desc>
      <extensions>
        <distance>4523.5</distance>
        <duration>904.7</duration>
        <type>2</type>
        <step>2</step>
      </extensions>
    </rtept>
    <rtept lat="46.415809" lon="13.718431">
      <name/>
      <desc>Turn sharp left</desc>
      <extensions>
        <distance>4523.5</distance>
        <duration>904.7</duration>
        <type>2</type>
        <step>2</step>
      </extensions>
    </rtept>
    <rtept lat="46.415677" lon="13.718455">
      <name/>
      <desc>Turn sharp left</desc>
      <extensions>
        <distance>4523.5</distance>
        <duration>904.7</duration>
        <type>2</type>
        <step>2</step>
      </extensions>
    </rtept>
    <rtept lat="46.415578" lon="13.71854">
      <name/>
      <desc>Turn sharp left</desc>
      <extensions>
        <distance>4523.5</distance>
        <duration>904.7</duration>
        <type>2</type>
        <step>2</step>
      </extensions>
    </rtept>
    <rtept lat="46.41544" lon="13.718552">
      <name/>
      <desc>Turn sharp left</desc>
      <extensions>
        <distance>4523.5</distance>
        <duration>904.7</duration>
        <type>2</type>
        <step>2</step>
      </extensions>
    </rtept>
    <rtept lat="46.415368" lon="13.718471">
      <name/>
      <desc>Turn sharp left</desc>
      <extensions>
        <distance>4523.5</distance>
        <duration>904.7</duration>
        <type>2</type>
        <step>2</step>
      </extensions>
    </rtept>
    <rtept lat="46.415222" lon="13.718113">
      <name/>
      <desc>Turn sharp left</desc>
      <extensions>
        <distance>4523.5</distance>
        <duration>904.7</duration>
        <type>2</type>
        <step>2</step>
      </extensions>
    </rtept>
    <rtept lat="46.415188" lon="13.71796">
      <name/>
      <desc>Turn sharp left</desc>
      <extensions>
        <distance>4523.5</distance>
        <duration>904.7</duration>
        <type>2</type>
        <step>2</step>
      </extensions>
    </rtept>
    <rtept lat="46.41505" lon="13.71765">
      <name/>
      <desc>Turn sharp left</desc>
      <extensions>
        <distance>4523.5</distance>
        <duration>904.7</duration>
        <type>2</type>
        <step>2</step>
      </extensions>
    </rtept>
    <rtept lat="46.414996" lon="13.717639">
      <name/>
      <desc>Turn sharp left</desc>
      <extensions>
        <distance>4523.5</distance>
        <duration>904.7</duration>
        <type>2</type>
        <step>2</step>
      </extensions>
    </rtept>
    <rtept lat="46.414973" lon="13.717535">
      <name/>
      <desc>Turn sharp left</desc>
      <extensions>
        <distance>4523.5</distance>
        <duration>904.7</duration>
        <type>2</type>
        <step>2</step>
      </extensions>
    </rtept>
    <rtept lat="46.41496" lon="13.717348">
      <name/>
      <desc>Turn sharp left</desc>
      <extensions>
        <distance>4523.5</distance>
        <duration>904.7</duration>
        <type>2</type>
        <step>2</step>
      </extensions>
    </rtept>
    <rtept lat="46.414824" lon="13.716862">
      <name/>
      <desc>Turn sharp left</desc>
      <extensions>
        <distance>4523.5</distance>
        <duration>904.7</duration>
        <type>2</type>
        <step>2</step>
      </extensions>
    </rtept>
    <rtept lat="46.414806" lon="13.716573">
      <name/>
      <desc>Turn sharp left</desc>
      <extensions>
        <distance>4523.5</distance>
        <duration>904.7</duration>
        <type>2</type>
        <step>2</step>
      </extensions>
    </rtept>
    <rtept lat="46.41482" lon="13.716335">
      <name/>
      <desc>Turn sharp left</desc>
      <extensions>
        <distance>4523.5</distance>
        <duration>904.7</duration>
        <type>2</type>
        <step>2</step>
      </extensions>
    </rtept>
    <rtept lat="46.414804" lon="13.716159">
      <name/>
      <desc>Turn sharp left</desc>
      <extensions>
        <distance>4523.5</distance>
        <duration>904.7</duration>
        <type>2</type>
        <step>2</step>
      </extensions>
    </rtept>
    <rtept lat="46.414714" lon="13.715748">
      <name/>
      <desc>Turn sharp left</desc>
      <extensions>
        <distance>4523.5</distance>
        <duration>904.7</duration>
        <type>2</type>
        <step>2</step>
      </extensions>
    </rtept>
    <rtept lat="46.41459" lon="13.715544">
      <name/>
      <desc>Turn sharp left</desc>
      <extensions>
        <distance>4523.5</distance>
        <duration>904.7</duration>
        <type>2</type>
        <step>2</step>
      </extensions>
    </rtept>
    <rtept lat="46.41454" lon="13.715217">
      <name/>
      <desc>Turn sharp left</desc>
      <extensions>
        <distance>4523.5</distance>
        <duration>904.7</duration>
        <type>2</type>
        <step>2</step>
      </extensions>
    </rtept>
    <rtept lat="46.414499" lon="13.715084">
      <name/>
      <desc>Turn sharp left</desc>
      <extensions>
        <distance>4523.5</distance>
        <duration>904.7</duration>
        <type>2</type>
        <step>2</step>
      </extensions>
    </rtept>
    <rtept lat="46.414426" lon="13.714611">
      <name/>
      <desc>Turn sharp left</desc>
      <extensions>
        <distance>4523.5</distance>
        <duration>904.7</duration>
        <type>2</type>
        <step>2</step>
      </extensions>
    </rtept>
    <rtept lat="46.414385" lon="13.714512">
      <name/>
      <desc>Turn sharp left</desc>
      <extensions>
        <distance>4523.5</distance>
        <duration>904.7</duration>
        <type>2</type>
        <step>2</step>
      </extensions>
    </rtept>
    <rtept lat="46.414272" lon="13.714119">
      <name/>
      <desc>Turn sharp left</desc>
      <extensions>
        <distance>4523.5</distance>
        <duration>904.7</duration>
        <type>2</type>
        <step>2</step>
      </extensions>
    </rtept>
    <rtept lat="46.41427" lon="13.714034">
      <name/>
      <desc>Turn sharp left</desc>
      <extensions>
        <distance>4523.5</distance>
        <duration>904.7</duration>
        <type>2</type>
        <step>2</step>
      </extensions>
    </rtept>
    <rtept lat="46.41429" lon="13.713913">
      <name/>
      <desc>Turn sharp left</desc>
      <extensions>
        <distance>4523.5</distance>
        <duration>904.7</duration>
        <type>2</type>
        <step>2</step>
      </extensions>
    </rtept>
    <rtept lat="46.414282" lon="13.71342">
      <name/>
      <desc>Turn sharp left</desc>
      <extensions>
        <distance>4523.5</distance>
        <duration>904.7</duration>
        <type>2</type>
        <step>2</step>
      </extensions>
    </rtept>
    <rtept lat="46.414294" lon="13.713194">
      <name/>
      <desc>Turn sharp left</desc>
      <extensions>
        <distance>4523.5</distance>
        <duration>904.7</duration>
        <type>2</type>
        <step>2</step>
      </extensions>
    </rtept>
    <rtept lat="46.414332" lon="13.713004">
      <name/>
      <desc>Turn sharp left</desc>
      <extensions>
        <distance>4523.5</distance>
        <duration>904.7</duration>
        <type>2</type>
        <step>2</step>
      </extensions>
    </rtept>
    <rtept lat="46.414314" lon="13.712858">
      <name/>
      <desc>Turn sharp left</desc>
      <extensions>
        <distance>4523.5</distance>
        <duration>904.7</duration>
        <type>2</type>
        <step>2</step>
      </extensions>
    </rtept>
    <rtept lat="46.414331" lon="13.712722">
      <name/>
      <desc>Turn sharp left</desc>
      <extensions>
        <distance>4523.5</distance>
        <duration>904.7</duration>
        <type>2</type>
        <step>2</step>
      </extensions>
    </rtept>
    <rtept lat="46.414287" lon="13.712515">
      <name/>
      <desc>Turn sharp left</desc>
      <extensions>
        <distance>4523.5</distance>
        <duration>904.7</duration>
        <type>2</type>
        <step>2</step>
      </extensions>
    </rtept>
    <rtept lat="46.41429" lon="13.712404">
      <name/>
      <desc>Turn sharp left</desc>
      <extensions>
        <distance>4523.5</distance>
        <duration>904.7</duration>
        <type>2</type>
        <step>2</step>
      </extensions>
    </rtept>
    <rtept lat="46.41435" lon="13.712137">
      <name/>
      <desc>Turn sharp left</desc>
      <extensions>
        <distance>4523.5</distance>
        <duration>904.7</duration>
        <type>2</type>
        <step>2</step>
      </extensions>
    </rtept>
    <rtept lat="46.414419" lon="13.712066">
      <name/>
      <desc>Turn sharp left</desc>
      <extensions>
        <distance>4523.5</distance>
        <duration>904.7</duration>
        <type>2</type>
        <step>2</step>
      </extensions>
    </rtept>
    <rtept lat="46.414517" lon="13.711897">
      <name/>
      <desc>Turn sharp left</desc>
      <extensions>
        <distance>4523.5</distance>
        <duration>904.7</duration>
        <type>2</type>
        <step>2</step>
      </extensions>
    </rtept>
    <rtept lat="46.414787" lon="13.711581">
      <name/>
      <desc>Turn sharp left</desc>
      <extensions>
        <distance>4523.5</distance>
        <duration>904.7</duration>
        <type>2</type>
        <step>2</step>
      </extensions>
    </rtept>
    <rtept lat="46.414941" lon="13.711456">
      <name/>
      <desc>Turn sharp left</desc>
      <extensions>
        <distance>4523.5</distance>
        <duration>904.7</duration>
        <type>2</type>
        <step>2</step>
      </extensions>
    </rtept>
    <rtept lat="46.415034" lon="13.711251">
      <name/>
      <desc>Turn sharp left</desc>
      <extensions>
        <distance>4523.5</distance>
        <duration>904.7</duration>
        <type>2</type>
        <step>2</step>
      </extensions>
    </rtept>
    <rtept lat="46.415113" lon="13.711131">
      <name/>
      <desc>Turn sharp left</desc>
      <extensions>
        <distance>4523.5</distance>
        <duration>904.7</duration>
        <type>2</type>
        <step>2</step>
      </extensions>
    </rtept>
    <rtept lat="46.415019" lon="13.710802">
      <name/>
      <desc>Turn sharp left</desc>
      <extensions>
        <distance>4523.5</distance>
        <duration>904.7</duration>
        <type>2</type>
        <step>2</step>
      </extensions>
    </rtept>
    <rtept lat="46.414994" lon="13.710596">
      <name/>
      <desc>Turn sharp left</desc>
      <extensions>
        <distance>4523.5</distance>
        <duration>904.7</duration>
        <type>2</type>
        <step>2</step>
      </extensions>
    </rtept>
    <rtept lat="46.414963" lon="13.710559">
      <name/>
      <desc>Turn sharp left</desc>
      <extensions>
        <distance>4523.5</distance>
        <duration>904.7</duration>
        <type>2</type>
        <step>2</step>
      </extensions>
    </rtept>
    <rtept lat="46.414882" lon="13.710098">
      <name/>
      <desc>Turn sharp left</desc>
      <extensions>
        <distance>4523.5</distance>
        <duration>904.7</duration>
        <type>2</type>
        <step>2</step>
      </extensions>
    </rtept>
    <rtept lat="46.414814" lon="13.70997">
      <name/>
      <desc>Turn sharp left</desc>
      <extensions>
        <distance>4523.5</distance>
        <duration>904.7</duration>
        <type>2</type>
        <step>2</step>
      </extensions>
    </rtept>
    <rtept lat="46.414767" lon="13.709956">
      <name/>
      <desc>Turn sharp left</desc>
      <extensions>
        <distance>4523.5</distance>
        <duration>904.7</duration>
        <type>2</type>
        <step>2</step>
      </extensions>
    </rtept>
    <rtept lat="46.414542" lon="13.709425">
      <name/>
      <desc>Turn sharp left</desc>
      <extensions>
        <distance>4523.5</distance>
        <duration>904.7</duration>
        <type>2</type>
        <step>2</step>
      </extensions>
    </rtept>
    <rtept lat="46.414399" lon="13.709148">
      <name/>
      <desc>Turn sharp left</desc>
      <extensions>
        <distance>4523.5</distance>
        <duration>904.7</duration>
        <type>2</type>
        <step>2</step>
      </extensions>
    </rtept>
    <rtept lat="46.414312" lon="13.708887">
      <name/>
      <desc>Turn sharp left</desc>
      <extensions>
        <distance>4523.5</distance>
        <duration>904.7</duration>
        <type>2</type>
        <step>2</step>
      </extensions>
    </rtept>
    <rtept lat="46.414253" lon="13.708623">
      <name/>
      <desc>Turn sharp left</desc>
      <extensions>
        <distance>4523.5</distance>
        <duration>904.7</duration>
        <type>2</type>
        <step>2</step>
      </extensions>
    </rtept>
    <rtept lat="46.414258" lon="13.708472">
      <name/>
      <desc>Turn sharp left</desc>
      <extensions>
        <distance>4523.5</distance>
        <duration>904.7</duration>
        <type>2</type>
        <step>2</step>
      </extensions>
    </rtept>
    <rtept lat="46.414188" lon="13.708227">
      <name/>
      <desc>Turn sharp left</desc>
      <extensions>
        <distance>4523.5</distance>
        <duration>904.7</duration>
        <type>2</type>
        <step>2</step>
      </extensions>
    </rtept>
    <rtept lat="46.414222" lon="13.708234">
      <name/>
      <desc>Turn sharp left</desc>
      <extensions>
        <distance>4523.5</distance>
        <duration>904.7</duration>
        <type>2</type>
        <step>2</step>
      </extensions>
    </rtept>
    <rtept lat="46.414099" lon="13.70794">
      <name/>
      <desc>Turn sharp left</desc>
      <extensions>
        <distance>4523.5</distance>
        <duration>904.7</duration>
        <type>2</type>
        <step>2</step>
      </extensions>
    </rtept>
    <rtept lat="46.413988" lon="13.707502">
      <name/>
      <desc>Turn sharp left</desc>
      <extensions>
        <distance>4523.5</distance>
        <duration>904.7</duration>
        <type>2</type>
        <step>2</step>
      </extensions>
    </rtept>
    <rtept lat="46.413975" lon="13.70736">
      <name/>
      <desc>Turn sharp left</desc>
      <extensions>
        <distance>4523.5</distance>
        <duration>904.7</duration>
        <type>2</type>
        <step>2</step>
      </extensions>
    </rtept>
    <rtept lat="46.414021" lon="13.707115">
      <name/>
      <desc>Turn sharp left</desc>
      <extensions>
        <distance>4523.5</distance>
        <duration>904.7</duration>
        <type>2</type>
        <step>2</step>
      </extensions>
    </rtept>
    <rtept lat="46.41399" lon="13.706637">
      <name/>
      <desc>Turn sharp left</desc>
      <extensions>
        <distance>4523.5</distance>
        <duration>904.7</duration>
        <type>2</type>
        <step>2</step>
      </extensions>
    </rtept>
    <rtept lat="46.414017" lon="13.706101">
      <name/>
      <desc>Turn sharp left</desc>
      <extensions>
        <distance>4523.5</distance>
        <duration>904.7</duration>
        <type>2</type>
        <step>2</step>
      </extensions>
    </rtept>
    <rtept lat="46.413982" lon="13.705994">
      <name/>
      <desc>Turn sharp left</desc>
      <extensions>
        <distance>4523.5</distance>
        <duration>904.7</duration>
        <type>2</type>
        <step>2</step>
      </extensions>
    </rtept>
    <rtept lat="46.413884" lon="13.705881">
      <name/>
      <desc>Turn sharp left</desc>
      <extensions>
        <distance>4523.5</distance>
        <duration>904.7</duration>
        <type>2</type>
        <step>2</step>
      </extensions>
    </rtept>
    <rtept lat="46.413873" lon="13.705783">
      <name/>
      <desc>Turn sharp left</desc>
      <extensions>
        <distance>4523.5</distance>
        <duration>904.7</duration>
        <type>2</type>
        <step>2</step>
      </extensions>
    </rtept>
    <rtept lat="46.413906" lon="13.705665">
      <name/>
      <desc>Turn sharp left</desc>
      <extensions>
        <distance>4523.5</distance>
        <duration>904.7</duration>
        <type>2</type>
        <step>2</step>
      </extensions>
    </rtept>
    <rtept lat="46.413881" lon="13.705556">
      <name/>
      <desc>Turn sharp left</desc>
      <extensions>
        <distance>4523.5</distance>
        <duration>904.7</duration>
        <type>2</type>
        <step>2</step>
      </extensions>
    </rtept>
    <rtept lat="46.413838" lon="13.705453">
      <name/>
      <desc>Turn sharp left</desc>
      <extensions>
        <distance>4523.5</distance>
        <duration>904.7</duration>
        <type>2</type>
        <step>2</step>
      </extensions>
    </rtept>
    <rtept lat="46.413722" lon="13.705379">
      <name/>
      <desc>Turn sharp left</desc>
      <extensions>
        <distance>4523.5</distance>
        <duration>904.7</duration>
        <type>2</type>
        <step>2</step>
      </extensions>
    </rtept>
    <rtept lat="46.413698" lon="13.705202">
      <name/>
      <desc>Turn sharp left</desc>
      <extensions>
        <distance>4523.5</distance>
        <duration>904.7</duration>
        <type>2</type>
        <step>2</step>
      </extensions>
    </rtept>
    <rtept lat="46.413779" lon="13.704795">
      <name/>
      <desc>Turn sharp left</desc>
      <extensions>
        <distance>4523.5</distance>
        <duration>904.7</duration>
        <type>2</type>
        <step>2</step>
      </extensions>
    </rtept>
    <rtept lat="46.413731" lon="13.704549">
      <name/>
      <desc>Turn sharp left</desc>
      <extensions>
        <distance>4523.5</distance>
        <duration>904.7</duration>
        <type>2</type>
        <step>2</step>
      </extensions>
    </rtept>
    <rtept lat="46.413732" lon="13.704386">
      <name/>
      <desc>Turn sharp left</desc>
      <extensions>
        <distance>4523.5</distance>
        <duration>904.7</duration>
        <type>2</type>
        <step>2</step>
      </extensions>
    </rtept>
    <rtept lat="46.413767" lon="13.704221">
      <name/>
      <desc>Turn sharp left</desc>
      <extensions>
        <distance>4523.5</distance>
        <duration>904.7</duration>
        <type>2</type>
        <step>2</step>
      </extensions>
    </rtept>
    <rtept lat="46.413817" lon="13.703739">
      <name/>
      <desc>Turn sharp left</desc>
      <extensions>
        <distance>4523.5</distance>
        <duration>904.7</duration>
        <type>2</type>
        <step>2</step>
      </extensions>
    </rtept>
    <rtept lat="46.41388" lon="13.703479">
      <name/>
      <desc>Turn sharp left</desc>
      <extensions>
        <distance>4523.5</distance>
        <duration>904.7</duration>
        <type>2</type>
        <step>2</step>
      </extensions>
    </rtept>
    <rtept lat="46.4139" lon="13.703206">
      <name/>
      <desc>Turn sharp left</desc>
      <extensions>
        <distance>4523.5</distance>
        <duration>904.7</duration>
        <type>2</type>
        <step>2</step>
      </extensions>
    </rtept>
    <rtept lat="46.413904" lon="13.702698">
      <name/>
      <desc>Keep left</desc>
      <extensions>
        <distance>365.9</distance>
        <duration>73.2</duration>
        <type>12</type>
        <step>3</step>
      </extensions>
    </rtept>
    <rtept lat="46.4138" lon="13.70254">
      <name/>
      <desc>Keep left</desc>
      <extensions>
        <distance>365.9</distance>
        <duration>73.2</duration>
        <type>12</type>
        <step>3</step>
      </extensions>
    </rtept>
    <rtept lat="46.413746" lon="13.702402">
      <name/>
      <desc>Keep left</desc>
      <extensions>
        <distance>365.9</distance>
        <duration>73.2</duration>
        <type>12</type>
        <step>3</step>
      </extensions>
    </rtept>
    <rtept lat="46.413721" lon="13.70223">
      <name/>
      <desc>Keep left</desc>
      <extensions>
        <distance>365.9</distance>
        <duration>73.2</duration>
        <type>12</type>
        <step>3</step>
      </extensions>
    </rtept>
    <rtept lat="46.41365" lon="13.702126">
      <name/>
      <desc>Keep left</desc>
      <extensions>
        <distance>365.9</distance>
        <duration>73.2</duration>
        <type>12</type>
        <step>3</step>
      </extensions>
    </rtept>
    <rtept lat="46.413587" lon="13.701905">
      <name/>
      <desc>Keep left</desc>
      <extensions>
        <distance>365.9</distance>
        <duration>73.2</duration>
        <type>12</type>
        <step>3</step>
      </extensions>
    </rtept>
    <rtept lat="46.413579" lon="13.701785">
      <name/>
      <desc>Keep left</desc>
      <extensions>
        <distance>365.9</distance>
        <duration>73.2</duration>
        <type>12</type>
        <step>3</step>
      </extensions>
    </rtept>
    <rtept lat="46.413501" lon="13.701715">
      <name/>
      <desc>Keep left</desc>
      <extensions>
        <distance>365.9</distance>
        <duration>73.2</duration>
        <type>12</type>
        <step>3</step>
      </extensions>
    </rtept>
    <rtept lat="46.413397" lon="13.701534">
      <name/>
      <desc>Keep left</desc>
      <extensions>
        <distance>365.9</distance>
        <duration>73.2</duration>
        <type>12</type>
        <step>3</step>
      </extensions>
    </rtept>
    <rtept lat="46.41338" lon="13.701428">
      <name/>
      <desc>Keep left</desc>
      <extensions>
        <distance>365.9</distance>
        <duration>73.2</duration>
        <type>12</type>
        <step>3</step>
      </extensions>
    </rtept>
    <rtept lat="46.413343" lon="13.701349">
      <name/>
      <desc>Keep left</desc>
      <extensions>
        <distance>365.9</distance>
        <duration>73.2</duration>
        <type>12</type>
        <step>3</step>
      </extensions>
    </rtept>
    <rtept lat="46.413276" lon="13.701308">
      <name/>
      <desc>Keep left</desc>
      <extensions>
        <distance>365.9</distance>
        <duration>73.2</duration>
        <type>12</type>
        <step>3</step>
      </extensions>
    </rtept>
    <rtept lat="46.413229" lon="13.701204">
      <name/>
      <desc>Keep left</desc>
      <extensions>
        <distance>365.9</distance>
        <duration>73.2</duration>
        <type>12</type>
        <step>3</step>
      </extensions>
    </rtept>
    <rtept lat="46.413157" lon="13.701102">
      <name/>
      <desc>Keep left</desc>
      <extensions>
        <distance>365.9</distance>
        <duration>73.2</duration>
        <type>12</type>
        <step>3</step>
      </extensions>
    </rtept>
    <rtept lat="46.413129" lon="13.700951">
      <name/>
      <desc>Keep left</desc>
      <extensions>
        <distance>365.9</distance>
        <duration>73.2</duration>
        <type>12</type>
        <step>3</step>
      </extensions>
    </rtept>
    <rtept lat="46.413036" lon="13.700723">
      <name/>
      <desc>Keep left</desc>
      <extensions>
        <distance>365.9</distance>
        <duration>73.2</duration>
        <type>12</type>
        <step>3</step>
      </extensions>
    </rtept>
    <rtept lat="46.412794" lon="13.700452">
      <name/>
      <desc>Keep left</desc>
      <extensions>
        <distance>365.9</distance>
        <duration>73.2</duration>
        <type>12</type>
        <step>3</step>
      </extensions>
    </rtept>
    <rtept lat="46.412579" lon="13.700357">
      <name/>
      <desc>Keep left</desc>
      <extensions>
        <distance>365.9</distance>
        <duration>73.2</duration>
        <type>12</type>
        <step>3</step>
      </extensions>
    </rtept>
    <rtept lat="46.412526" lon="13.700354">
      <name/>
      <desc>Keep left</desc>
      <extensions>
        <distance>365.9</distance>
        <duration>73.2</duration>
        <type>12</type>
        <step>3</step>
      </extensions>
    </rtept>
    <rtept lat="46.412462" lon="13.700388">
      <name/>
      <desc>Keep left</desc>
      <extensions>
        <distance>365.9</distance>
        <duration>73.2</duration>
        <type>12</type>
        <step>3</step>
      </extensions>
    </rtept>
    <rtept lat="46.41241" lon="13.700276">
      <name/>
      <desc>Keep left</desc>
      <extensions>
        <distance>365.9</distance>
        <duration>73.2</duration>
        <type>12</type>
        <step>3</step>
      </extensions>
    </rtept>
    <rtept lat="46.412372" lon="13.700368">
      <name/>
      <desc>Keep left</desc>
      <extensions>
        <distance>365.9</distance>
        <duration>73.2</duration>
        <type>12</type>
        <step>3</step>
      </extensions>
    </rtept>
    <rtept lat="46.412325" lon="13.700117">
      <name/>
      <desc>Keep left</desc>
      <extensions>
        <distance>365.9</distance>
        <duration>73.2</duration>
        <type>12</type>
        <step>3</step>
      </extensions>
    </rtept>
    <rtept lat="46.412127" lon="13.700083">
      <name/>
      <desc>Keep left</desc>
      <extensions>
        <distance>365.9</distance>
        <duration>73.2</duration>
        <type>12</type>
        <step>3</step>
      </extensions>
    </rtept>
    <rtept lat="46.411959" lon="13.699925">
      <name/>
      <desc>Keep left</desc>
      <extensions>
        <distance>365.9</distance>
        <duration>73.2</duration>
        <type>12</type>
        <step>3</step>
      </extensions>
    </rtept>
    <rtept lat="46.411821" lon="13.699851">
      <name/>
      <desc>Keep left</desc>
      <extensions>
        <distance>365.9</distance>
        <duration>73.2</duration>
        <type>12</type>
        <step>3</step>
      </extensions>
    </rtept>
    <rtept lat="46.411748" lon="13.699855">
      <name/>
      <desc>Turn slight left</desc>
      <extensions>
        <distance>257.7</distance>
        <duration>51.5</duration>
        <type>4</type>
        <step>4</step>
      </extensions>
    </rtept>
    <rtept lat="46.411702" lon="13.699905">
      <name/>
      <desc>Turn slight left</desc>
      <extensions>
        <distance>257.7</distance>
        <duration>51.5</duration>
        <type>4</type>
        <step>4</step>
      </extensions>
    </rtept>
    <rtept lat="46.41162" lon="13.699841">
      <name/>
      <desc>Turn slight left</desc>
      <extensions>
        <distance>257.7</distance>
        <duration>51.5</duration>
        <type>4</type>
        <step>4</step>
      </extensions>
    </rtept>
    <rtept lat="46.411552" lon="13.699848">
      <name/>
      <desc>Turn slight left</desc>
      <extensions>
        <distance>257.7</distance>
        <duration>51.5</duration>
        <type>4</type>
        <step>4</step>
      </extensions>
    </rtept>
    <rtept lat="46.411461" lon="13.699826">
      <name/>
      <desc>Turn slight left</desc>
      <extensions>
        <distance>257.7</distance>
        <duration>51.5</duration>
        <type>4</type>
        <step>4</step>
      </extensions>
    </rtept>
    <rtept lat="46.411411" lon="13.699781">
      <name/>
      <desc>Turn slight left</desc>
      <extensions>
        <distance>257.7</distance>
        <duration>51.5</duration>
        <type>4</type>
        <step>4</step>
      </extensions>
    </rtept>
    <rtept lat="46.411388" lon="13.699728">
      <name/>
      <desc>Turn slight left</desc>
      <extensions>
        <distance>257.7</distance>
        <duration>51.5</duration>
        <type>4</type>
        <step>4</step>
      </extensions>
    </rtept>
    <rtept lat="46.411299" lon="13.699699">
      <name/>
      <desc>Turn slight left</desc>
      <extensions>
        <distance>257.7</distance>
        <duration>51.5</duration>
        <type>4</type>
        <step>4</step>
      </extensions>
    </rtept>
    <rtept lat="46.411245" lon="13.699778">
      <name/>
      <desc>Turn slight left</desc>
      <extensions>
        <distance>257.7</distance>
        <duration>51.5</duration>
        <type>4</type>
        <step>4</step>
      </extensions>
    </rtept>
    <rtept lat="46.411216" lon="13.69976">
      <name/>
      <desc>Turn slight left</desc>
      <extensions>
        <distance>257.7</distance>
        <duration>51.5</duration>
        <type>4</type>
        <step>4</step>
      </extensions>
    </rtept>
    <rtept lat="46.411212" lon="13.699821">
      <name/>
      <desc>Turn slight left</desc>
      <extensions>
        <distance>257.7</distance>
        <duration>51.5</duration>
        <type>4</type>
        <step>4</step>
      </extensions>
    </rtept>
    <rtept lat="46.411132" lon="13.699898">
      <name/>
      <desc>Turn slight left</desc>
      <extensions>
        <distance>257.7</distance>
        <duration>51.5</duration>
        <type>4</type>
        <step>4</step>
      </extensions>
    </rtept>
    <rtept lat="46.411007" lon="13.699971">
      <name/>
      <desc>Turn slight left</desc>
      <extensions>
        <distance>257.7</distance>
        <duration>51.5</duration>
        <type>4</type>
        <step>4</step>
      </extensions>
    </rtept>
    <rtept lat="46.410926" lon="13.699954">
      <name/>
      <desc>Turn slight left</desc>
      <extensions>
        <distance>257.7</distance>
        <duration>51.5</duration>
        <type>4</type>
        <step>4</step>
      </extensions>
    </rtept>
    <rtept lat="46.410879" lon="13.699905">
      <name/>
      <desc>Turn slight left</desc>
      <extensions>
        <distance>257.7</distance>
        <duration>51.5</duration>
        <type>4</type>
        <step>4</step>
      </extensions>
    </rtept>
    <rtept lat="46.410827" lon="13.699914">
      <name/>
      <desc>Turn slight left</desc>
      <extensions>
        <distance>257.7</distance>
        <duration>51.5</duration>
        <type>4</type>
        <step>4</step>
      </extensions>
    </rtept>
    <rtept lat="46.410782" lon="13.7">
      <name/>
      <desc>Turn slight left</desc>
      <extensions>
        <distance>257.7</distance>
        <duration>51.5</duration>
        <type>4</type>
        <step>4</step>
      </extensions>
    </rtept>
    <rtept lat="46.410704" lon="13.700068">
      <name/>
      <desc>Turn slight left</desc>
      <extensions>
        <distance>257.7</distance>
        <duration>51.5</duration>
        <type>4</type>
        <step>4</step>
      </extensions>
    </rtept>
    <rtept lat="46.410678" lon="13.700081">
      <name/>
      <desc>Turn slight left</desc>
      <extensions>
        <distance>257.7</distance>
        <duration>51.5</duration>
        <type>4</type>
        <step>4</step>
      </extensions>
    </rtept>
    <rtept lat="46.410635" lon="13.700061">
      <name/>
      <desc>Turn slight left</desc>
      <extensions>
        <distance>257.7</distance>
        <duration>51.5</duration>
        <type>4</type>
        <step>4</step>
      </extensions>
    </rtept>
    <rtept lat="46.410514" lon="13.700165">
      <name/>
      <desc>Turn slight left</desc>
      <extensions>
        <distance>257.7</distance>
        <duration>51.5</duration>
        <type>4</type>
        <step>4</step>
      </extensions>
    </rtept>
    <rtept lat="46.410436" lon="13.700203">
      <name/>
      <desc>Turn slight left</desc>
      <extensions>
        <distance>257.7</distance>
        <duration>51.5</duration>
        <type>4</type>
        <step>4</step>
      </extensions>
    </rtept>
    <rtept lat="46.410323" lon="13.700219">
      <name/>
      <desc>Turn slight left</desc>
      <extensions>
        <distance>257.7</distance>
        <duration>51.5</duration>
        <type>4</type>
        <step>4</step>
      </extensions>
    </rtept>
    <rtept lat="46.41031" lon="13.700162">
      <name/>
      <desc>Turn slight left</desc>
      <extensions>
        <distance>257.7</distance>
        <duration>51.5</duration>
        <type>4</type>
        <step>4</step>
      </extensions>
    </rtept>
    <rtept lat="46.410253" lon="13.700174">
      <name/>
      <desc>Turn slight left</desc>
      <extensions>
        <distance>257.7</distance>
        <duration>51.5</duration>
        <type>4</type>
        <step>4</step>
      </extensions>
    </rtept>
    <rtept lat="46.410121" lon="13.700312">
      <name/>
      <desc>Turn slight left</desc>
      <extensions>
        <distance>257.7</distance>
        <duration>51.5</duration>
        <type>4</type>
        <step>4</step>
      </extensions>
    </rtept>
    <rtept lat="46.40975" lon="13.700544">
      <name/>
      <desc>Turn slight left</desc>
      <extensions>
        <distance>1618.5</distance>
        <duration>416.2</duration>
        <type>4</type>
        <step>5</step>
      </extensions>
    </rtept>
    <rtept lat="46.409689" lon="13.700763">
      <name/>
      <desc>Turn slight left</desc>
      <extensions>
        <distance>1618.5</distance>
        <duration>416.2</duration>
        <type>4</type>
        <step>5</step>
      </extensions>
    </rtept>
    <rtept lat="46.409496" lon="13.701028">
      <name/>
      <desc>Turn slight left</desc>
      <extensions>
        <distance>1618.5</distance>
        <duration>416.2</duration>
        <type>4</type>
        <step>5</step>
      </extensions>
    </rtept>
    <rtept lat="46.409468" lon="13.701032">
      <name/>
      <desc>Turn slight left</desc>
      <extensions>
        <distance>1618.5</distance>
        <duration>416.2</duration>
        <type>4</type>
        <step>5</step>
      </extensions>
    </rtept>
    <rtept lat="46.409437" lon="13.701046">
      <name/>
      <desc>Turn slight left</desc>
      <extensions>
        <distance>1618.5</distance>
        <duration>416.2</duration>
        <type>4</type>
        <step>5</step>
      </extensions>
    </rtept>
    <rtept lat="46.409434" lon="13.701096">
      <name/>
      <desc>Turn slight left</desc>
      <extensions>
        <distance>1618.5</distance>
        <duration>416.2</duration>
        <type>4</type>
        <step>5</step>
      </extensions>
    </rtept>
    <rtept lat="46.409358" lon="13.701094">
      <name/>
      <desc>Turn slight left</desc>
      <extensions>
        <distance>1618.5</distance>
        <duration>416.2</duration>
        <type>4</type>
        <step>5</step>
      </extensions>
    </rtept>
    <rtept lat="46.409355" lon="13.701143">
      <name/>
      <desc>Turn slight left</desc>
      <extensions>
        <distance>1618.5</distance>
        <duration>416.2</duration>
        <type>4</type>
        <step>5</step>
      </extensions>
    </rtept>
    <rtept lat="46.409239" lon="13.701076">
      <name/>
      <desc>Turn slight left</desc>
      <extensions>
        <distance>1618.5</distance>
        <duration>416.2</duration>
        <type>4</type>
        <step>5</step>
      </extensions>
    </rtept>
    <rtept lat="46.409218" lon="13.701152">
      <name/>
      <desc>Turn slight left</desc>
      <extensions>
        <distance>1618.5</distance>
        <duration>416.2</duration>
        <type>4</type>
        <step>5</step>
      </extensions>
    </rtept>
    <rtept lat="46.40917" lon="13.701132">
      <name/>
      <desc>Turn slight left</desc>
      <extensions>
        <distance>1618.5</distance>
        <duration>416.2</duration>
        <type>4</type>
        <step>5</step>
      </extensions>
    </rtept>
    <rtept lat="46.409121" lon="13.701215">
      <name/>
      <desc>Turn slight left</desc>
      <extensions>
        <distance>1618.5</distance>
        <duration>416.2</duration>
        <type>4</type>
        <step>5</step>
      </extensions>
    </rtept>
    <rtept lat="46.409131" lon="13.701279">
      <name/>
      <desc>Turn slight left</desc>
      <extensions>
        <distance>1618.5</distance>
        <duration>416.2</duration>
        <type>4</type>
        <step>5</step>
      </extensions>
    </rtept>
    <rtept lat="46.409074" lon="13.701378">
      <name/>
      <desc>Turn slight left</desc>
      <extensions>
        <distance>1618.5</distance>
        <duration>416.2</duration>
        <type>4</type>
        <step>5</step>
      </extensions>
    </rtept>
    <rtept lat="46.40904" lon="13.70138">
      <name/>
      <desc>Turn slight left</desc>
      <extensions>
        <distance>1618.5</distance>
        <duration>416.2</duration>
        <type>4</type>
        <step>5</step>
      </extensions>
    </rtept>
    <rtept lat="46.408998" lon="13.701516">
      <name/>
      <desc>Turn slight left</desc>
      <extensions>
        <distance>1618.5</distance>
        <duration>416.2</duration>
        <type>4</type>
        <step>5</step>
      </extensions>
    </rtept>
    <rtept lat="46.408953" lon="13.701536">
      <name/>
      <desc>Turn slight left</desc>
      <extensions>
        <distance>1618.5</distance>
        <duration>416.2</duration>
        <type>4</type>
        <step>5</step>
      </extensions>
    </rtept>
    <rtept lat="46.408928" lon="13.701598">
      <name/>
      <desc>Turn slight left</desc>
      <extensions>
        <distance>1618.5</distance>
        <duration>416.2</duration>
        <type>4</type>
        <step>5</step>
      </extensions>
    </rtept>
    <rtept lat="46.408879" lon="13.701607">
      <name/>
      <desc>Turn slight left</desc>
      <extensions>
        <distance>1618.5</distance>
        <duration>416.2</duration>
        <type>4</type>
        <step>5</step>
      </extensions>
    </rtept>
    <rtept lat="46.408742" lon="13.701796">
      <name/>
      <desc>Turn slight left</desc>
      <extensions>
        <distance>1618.5</distance>
        <duration>416.2</duration>
        <type>4</type>
        <step>5</step>
      </extensions>
    </rtept>
    <rtept lat="46.408602" lon="13.702174">
      <name/>
      <desc>Turn slight left</desc>
      <extensions>
        <distance>1618.5</distance>
        <duration>416.2</duration>
        <type>4</type>
        <step>5</step>
      </extensions>
    </rtept>
    <rtept lat="46.408523" lon="13.702217">
      <name/>
      <desc>Turn slight left</desc>
      <extensions>
        <distance>1618.5</distance>
        <duration>416.2</duration>
        <type>4</type>
        <step>5</step>
      </extensions>
    </rtept>
    <rtept lat="46.408461" lon="13.702212">
      <name/>
      <desc>Turn slight left</desc>
      <extensions>
        <distance>1618.5</distance>
        <duration>416.2</duration>
        <type>4</type>
        <step>5</step>
      </extensions>
    </rtept>
    <rtept lat="46.40839" lon="13.702379">
      <name/>
      <desc>Turn slight left</desc>
      <extensions>
        <distance>1618.5</distance>
        <duration>416.2</duration>
        <type>4</type>
        <step>5</step>
      </extensions>
    </rtept>
    <rtept lat="46.408336" lon="13.702449">
      <name/>
      <desc>Turn slight left</desc>
      <extensions>
        <distance>1618.5</distance>
        <duration>416.2</duration>
        <type>4</type>
        <step>5</step>
      </extensions>
    </rtept>
    <rtept lat="46.408269" lon="13.702456">
      <name/>
      <desc>Turn slight left</desc>
      <extensions>
        <distance>1618.5</distance>
        <duration>416.2</duration>
        <type>4</type>
        <step>5</step>
      </extensions>
    </rtept>
    <rtept lat="46.40826" lon="13.702565">
      <name/>
      <desc>Turn slight left</desc>
      <extensions>
        <distance>1618.5</distance>
        <duration>416.2</duration>
        <type>4</type>
        <step>5</step>
      </extensions>
    </rtept>
    <rtept lat="46.408207" lon="13.702556">
      <name/>
      <desc>Turn slight left</desc>
      <extensions>
        <distance>1618.5</distance>
        <duration>416.2</duration>
        <type>4</type>
        <step>5</step>
      </extensions>
    </rtept>
    <rtept lat="46.408071" lon="13.702662">
      <name/>
      <desc>Turn slight left</desc>
      <extensions>
        <distance>1618.5</distance>
        <duration>416.2</duration>
        <type>4</type>
        <step>5</step>
      </extensions>
    </rtept>
    <rtept lat="46.408018" lon="13.702992">
      <name/>
      <desc>Turn slight left</desc>
      <extensions>
        <distance>1618.5</distance>
        <duration>416.2</duration>
        <type>4</type>
        <step>5</step>
      </extensions>
    </rtept>
    <rtept lat="46.408098" lon="13.703222">
      <name/>
      <desc>Turn slight left</desc>
      <extensions>
        <distance>1618.5</distance>
        <duration>416.2</duration>
        <type>4</type>
        <step>5</step>
      </extensions>
    </rtept>
    <rtept lat="46.408191" lon="13.703269">
      <name/>
      <desc>Turn slight left</desc>
      <extensions>
        <distance>1618.5</distance>
        <duration>416.2</duration>
        <type>4</type>
        <step>5</step>
      </extensions>
    </rtept>
    <rtept lat="46.408179" lon="13.703337">
      <name/>
      <desc>Turn slight left</desc>
      <extensions>
        <distance>1618.5</distance>
        <duration>416.2</duration>
        <type>4</type>
        <step>5</step>
      </extensions>
    </rtept>
    <rtept lat="46.408253" lon="13.703371">
      <name/>
      <desc>Turn slight left</desc>
      <extensions>
        <distance>1618.5</distance>
        <duration>416.2</duration>
        <type>4</type>
        <step>5</step>
      </extensions>
    </rtept>
    <rtept lat="46.408312" lon="13.703498">
      <name/>
      <desc>Turn slight left</desc>
      <extensions>
        <distance>1618.5</distance>
        <duration>416.2</duration>
        <type>4</type>
        <step>5</step>
      </extensions>
    </rtept>
    <rtept lat="46.40838" lon="13.703473">
      <name/>
      <desc>Turn slight left</desc>
      <extensions>
        <distance>1618.5</distance>
        <duration>416.2</duration>
        <type>4</type>
        <step>5</step>
      </extensions>
    </rtept>
    <rtept lat="46.408411" lon="13.7036">
      <name/>
      <desc>Turn slight left</desc>
      <extensions>
        <distance>1618.5</distance>
        <duration>416.2</duration>
        <type>4</type>
        <step>5</step>
      </extensions>
    </rtept>
    <rtept lat="46.40852" lon="13.703731">
      <name/>
      <desc>Turn slight left</desc>
      <extensions>
        <distance>1618.5</distance>
        <duration>416.2</duration>
        <type>4</type>
        <step>5</step>
      </extensions>
    </rtept>
    <rtept lat="46.40858" lon="13.70373">
      <name/>
      <desc>Turn slight left</desc>
      <extensions>
        <distance>1618.5</distance>
        <duration>416.2</duration>
        <type>4</type>
        <step>5</step>
      </extensions>
    </rtept>
    <rtept lat="46.408567" lon="13.703823">
      <name/>
      <desc>Turn slight left</desc>
      <extensions>
        <distance>1618.5</distance>
        <duration>416.2</duration>
        <type>4</type>
        <step>5</step>
      </extensions>
    </rtept>
    <rtept lat="46.408607" lon="13.70393">
      <name/>
      <desc>Turn slight left</desc>
      <extensions>
        <distance>1618.5</distance>
        <duration>416.2</duration>
        <type>4</type>
        <step>5</step>
      </extensions>
    </rtept>
    <rtept lat="46.408646" lon="13.703956">
      <name/>
      <desc>Turn slight left</desc>
      <extensions>
        <distance>1618.5</distance>
        <duration>416.2</duration>
        <type>4</type>
        <step>5</step>
      </extensions>
    </rtept>
    <rtept lat="46.408666" lon="13.704273">
      <name/>
      <desc>Turn slight left</desc>
      <extensions>
        <distance>1618.5</distance>
        <duration>416.2</duration>
        <type>4</type>
        <step>5</step>
      </extensions>
    </rtept>
    <rtept lat="46.408759" lon="13.704341">
      <name/>
      <desc>Turn slight left</desc>
      <extensions>
        <distance>1618.5</distance>
        <duration>416.2</duration>
        <type>4</type>
        <step>5</step>
      </extensions>
    </rtept>
    <rtept lat="46.408777" lon="13.704417">
      <name/>
      <desc>Turn slight left</desc>
      <extensions>
        <distance>1618.5</distance>
        <duration>416.2</duration>
        <type>4</type>
        <step>5</step>
      </extensions>
    </rtept>
    <rtept lat="46.408822" lon="13.704438">
      <name/>
      <desc>Turn slight left</desc>
      <extensions>
        <distance>1618.5</distance>
        <duration>416.2</duration>
        <type>4</type>
        <step>5</step>
      </extensions>
    </rtept>
    <rtept lat="46.408836" lon="13.704494">
      <name/>
      <desc>Turn slight left</desc>
      <extensions>
        <distance>1618.5</distance>
        <duration>416.2</duration>
        <type>4</type>
        <step>5</step>
      </extensions>
    </rtept>
    <rtept lat="46.40892" lon="13.704476">
      <name/>
      <desc>Turn slight left</desc>
      <extensions>
        <distance>1618.5</distance>
        <duration>416.2</duration>
        <type>4</type>
        <step>5</step>
      </extensions>
    </rtept>
    <rtept lat="46.408969" lon="13.704512">
      <name/>
      <desc>Turn slight left</desc>
      <extensions>
        <distance>1618.5</distance>
        <duration>416.2</duration>
        <type>4</type>
        <step>5</step>
      </extensions>
    </rtept>
    <rtept lat="46.408995" lon="13.704562">
      <name/>
      <desc>Turn slight left</desc>
      <extensions>
        <distance>1618.5</distance>
        <duration>416.2</duration>
        <type>4</type>
        <step>5</step>
      </extensions>
    </rtept>
    <rtept lat="46.409041" lon="13.704578">
      <name/>
      <desc>Turn slight left</desc>
      <extensions>
        <distance>1618.5</distance>
        <duration>416.2</duration>
        <type>4</type>
        <step>5</step>
      </extensions>
    </rtept>
    <rtept lat="46.409082" lon="13.704653">
      <name/>
      <desc>Turn slight left</desc>
      <extensions>
        <distance>1618.5</distance>
        <duration>416.2</duration>
        <type>4</type>
        <step>5</step>
      </extensions>
    </rtept>
    <rtept lat="46.409077" lon="13.704705">
      <name/>
      <desc>Turn slight left</desc>
      <extensions>
        <distance>1618.5</distance>
        <duration>416.2</duration>
        <type>4</type>
        <step>5</step>
      </extensions>
    </rtept>
    <rtept lat="46.408888" lon="13.704774">
      <name/>
      <desc>Turn slight left</desc>
      <extensions>
        <distance>1618.5</distance>
        <duration>416.2</duration>
        <type>4</type>
        <step>5</step>
      </extensions>
    </rtept>
    <rtept lat="46.408787" lon="13.70498">
      <name/>
      <desc>Turn slight left</desc>
      <extensions>
        <distance>1618.5</distance>
        <duration>416.2</duration>
        <type>4</type>
        <step>5</step>
      </extensions>
    </rtept>
    <rtept lat="46.408747" lon="13.705131">
      <name/>
      <desc>Turn slight left</desc>
      <extensions>
        <distance>1618.5</distance>
        <duration>416.2</duration>
        <type>4</type>
        <step>5</step>
      </extensions>
    </rtept>
    <rtept lat="46.408761" lon="13.705204">
      <name/>
      <desc>Turn slight left</desc>
      <extensions>
        <distance>1618.5</distance>
        <duration>416.2</duration>
        <type>4</type>
        <step>5</step>
      </extensions>
    </rtept>
    <rtept lat="46.408697" lon="13.705283">
      <name/>
      <desc>Turn slight left</desc>
      <extensions>
        <distance>1618.5</distance>
        <duration>416.2</duration>
        <type>4</type>
        <step>5</step>
      </extensions>
    </rtept>
    <rtept lat="46.40854" lon="13.705357">
      <name/>
      <desc>Turn slight left</desc>
      <extensions>
        <distance>1618.5</distance>
        <duration>416.2</duration>
        <type>4</type>
        <step>5</step>
      </extensions>
    </rtept>
    <rtept lat="46.408356" lon="13.705489">
      <name/>
      <desc>Turn slight left</desc>
      <extensions>
        <distance>1618.5</distance>
        <duration>416.2</duration>
        <type>4</type>
        <step>5</step>
      </extensions>
    </rtept>
    <rtept lat="46.408204" lon="13.705748">
      <name/>
      <desc>Turn slight left</desc>
      <extensions>
        <distance>1618.5</distance>
        <duration>416.2</duration>
        <type>4</type>
        <step>5</step>
      </extensions>
    </rtept>
    <rtept lat="46.407594" lon="13.706899">
      <name/>
      <desc>Turn slight left</desc>
      <extensions>
        <distance>1618.5</distance>
        <duration>416.2</duration>
        <type>4</type>
        <step>5</step>
      </extensions>
    </rtept>
    <rtept lat="46.407261" lon="13.706634">
      <name/>
      <desc>Turn slight left</desc>
      <extensions>
        <distance>1618.5</distance>
        <duration>416.2</duration>
        <type>4</type>
        <step>5</step>
      </extensions>
    </rtept>
    <rtept lat="46.407073" lon="13.706741">
      <name/>
      <desc>Turn slight left</desc>
      <extensions>
        <distance>1618.5</distance>
        <duration>416.2</duration>
        <type>4</type>
        <step>5</step>
      </extensions>
    </rtept>
    <rtept lat="46.406926" lon="13.706648">
      <name/>
      <desc>Turn slight left</desc>
      <extensions>
        <distance>1618.5</distance>
        <duration>416.2</duration>
        <type>4</type>
        <step>5</step>
      </extensions>
    </rtept>
    <rtept lat="46.406758" lon="13.706662">
      <name/>
      <desc>Turn slight left</desc>
      <extensions>
        <distance>1618.5</distance>
        <duration>416.2</duration>
        <type>4</type>
        <step>5</step>
      </extensions>
    </rtept>
    <rtept lat="46.406681" lon="13.706573">
      <name/>
      <desc>Turn slight left</desc>
      <extensions>
        <distance>1618.5</distance>
        <duration>416.2</duration>
        <type>4</type>
        <step>5</step>
      </extensions>
    </rtept>
    <rtept lat="46.406652" lon="13.706447">
      <name/>
      <desc>Turn slight left</desc>
      <extensions>
        <distance>1618.5</distance>
        <duration>416.2</duration>
        <type>4</type>
        <step>5</step>
      </extensions>
    </rtept>
    <rtept lat="46.406367" lon="13.70616">
      <name/>
      <desc>Turn slight left</desc>
      <extensions>
        <distance>1618.5</distance>
        <duration>416.2</duration>
        <type>4</type>
        <step>5</step>
      </extensions>
    </rtept>
    <rtept lat="46.40609" lon="13.705726">
      <name/>
      <desc>Turn slight left</desc>
      <extensions>
        <distance>1618.5</distance>
        <duration>416.2</duration>
        <type>4</type>
        <step>5</step>
      </extensions>
    </rtept>
    <rtept lat="46.405966" lon="13.705645">
      <name/>
      <desc>Turn slight left</desc>
      <extensions>
        <distance>1618.5</distance>
        <duration>416.2</duration>
        <type>4</type>
        <step>5</step>
      </extensions>
    </rtept>
    <rtept lat="46.405851" lon="13.705444">
      <name/>
      <desc>Turn slight left</desc>
      <extensions>
        <distance>1618.5</distance>
        <duration>416.2</duration>
        <type>4</type>
        <step>5</step>
      </extensions>
    </rtept>
    <rtept lat="46.405663" lon="13.705194">
      <name/>
      <desc>Turn slight left</desc>
      <extensions>
        <distance>1618.5</distance>
        <duration>416.2</duration>
        <type>4</type>
        <step>5</step>
      </extensions>
    </rtept>
    <rtept lat="46.405623" lon="13.70528">
      <name/>
      <desc>Turn slight left</desc>
      <extensions>
        <distance>1618.5</distance>
        <duration>416.2</duration>
        <type>4</type>
        <step>5</step>
      </extensions>
    </rtept>
    <rtept lat="46.405748" lon="13.705432">
      <name/>
      <desc>Turn slight left</desc>
      <extensions>
        <distance>1618.5</distance>
        <duration>416.2</duration>
        <type>4</type>
        <step>5</step>
      </extensions>
    </rtept>
    <rtept lat="46.405724" lon="13.705609">
      <name/>
      <desc>Turn slight left</desc>
      <extensions>
        <distance>1618.5</distance>
        <duration>416.2</duration>
        <type>4</type>
        <step>5</step>
      </extensions>
    </rtept>
    <rtept lat="46.40574" lon="13.705877">
      <name/>
      <desc>Turn slight left</desc>
      <extensions>
        <distance>1618.5</distance>
        <duration>416.2</duration>
        <type>4</type>
        <step>5</step>
      </extensions>
    </rtept>
    <rtept lat="46.40579" lon="13.705907">
      <name/>
      <desc>Turn slight left</desc>
      <extensions>
        <distance>1618.5</distance>
        <duration>416.2</duration>
        <type>4</type>
        <step>5</step>
      </extensions>
    </rtept>
    <rtept lat="46.40583" lon="13.706049">
      <name/>
      <desc>Turn slight left</desc>
      <extensions>
        <distance>1618.5</distance>
        <duration>416.2</duration>
        <type>4</type>
        <step>5</step>
      </extensions>
    </rtept>
    <rtept lat="46.405777" lon="13.706227">
      <name/>
      <desc>Turn slight left</desc>
      <extensions>
        <distance>1618.5</distance>
        <duration>416.2</duration>
        <type>4</type>
        <step>5</step>
      </extensions>
    </rtept>
    <rtept lat="46.405434" lon="13.705964">
      <name/>
      <desc>Turn slight left</desc>
      <extensions>
        <distance>1618.5</distance>
        <duration>416.2</duration>
        <type>4</type>
        <step>5</step>
      </extensions>
    </rtept>
    <rtept lat="46.405282" lon="13.705782">
      <name/>
      <desc>Turn slight left</desc>
      <extensions>
        <distance>1618.5</distance>
        <duration>416.2</duration>
        <type>4</type>
        <step>5</step>
      </extensions>
    </rtept>
    <rtept lat="46.405171" lon="13.705694">
      <name/>
      <desc>Turn slight left</desc>
      <extensions>
        <distance>1618.5</distance>
        <duration>416.2</duration>
        <type>4</type>
        <step>5</step>
      </extensions>
    </rtept>
    <rtept lat="46.405046" lon="13.705633">
      <name/>
      <desc>Turn slight left</desc>
      <extensions>
        <distance>1618.5</distance>
        <duration>416.2</duration>
        <type>4</type>
        <step>5</step>
      </extensions>
    </rtept>
    <rtept lat="46.404959" lon="13.705549">
      <name/>
      <desc>Turn slight left</desc>
      <extensions>
        <distance>1618.5</distance>
        <duration>416.2</duration>
        <type>4</type>
        <step>5</step>
      </extensions>
    </rtept>
    <rtept lat="46.404895" lon="13.705461">
      <name/>
      <desc>Turn slight left</desc>
      <extensions>
        <distance>1618.5</distance>
        <duration>416.2</duration>
        <type>4</type>
        <step>5</step>
      </extensions>
    </rtept>
    <rtept lat="46.404933" lon="13.705392">
      <name/>
      <desc>Turn slight left</desc>
      <extensions>
        <distance>1618.5</distance>
        <duration>416.2</duration>
        <type>4</type>
        <step>5</step>
      </extensions>
    </rtept>
    <rtept lat="46.404839" lon="13.705435">
      <name/>
      <desc>Turn slight left</desc>
      <extensions>
        <distance>1618.5</distance>
        <duration>416.2</duration>
        <type>4</type>
        <step>5</step>
      </extensions>
    </rtept>
    <rtept lat="46.404921" lon="13.705572">
      <name/>
      <desc>Turn slight left</desc>
      <extensions>
        <distance>1618.5</distance>
        <duration>416.2</duration>
        <type>4</type>
        <step>5</step>
      </extensions>
    </rtept>
    <rtept lat="46.404937" lon="13.705738">
      <name/>
      <desc>Turn slight left</desc>
      <extensions>
        <distance>1618.5</distance>
        <duration>416.2</duration>
        <type>4</type>
        <step>5</step>
      </extensions>
    </rtept>
    <rtept lat="46.404873" lon="13.705895">
      <name/>
      <desc>Turn slight left</desc>
      <extensions>
        <distance>1618.5</distance>
        <duration>416.2</duration>
        <type>4</type>
        <step>5</step>
      </extensions>
    </rtept>
    <rtept lat="46.404972" lon="13.70627">
      <name/>
      <desc>Turn slight left</desc>
      <extensions>
        <distance>1618.5</distance>
        <duration>416.2</duration>
        <type>4</type>
        <step>5</step>
      </extensions>
    </rtept>
    <rtept lat="46.404915" lon="13.706399">
      <name/>
      <desc>Turn slight left</desc>
      <extensions>
        <distance>1618.5</distance>
        <duration>416.2</duration>
        <type>4</type>
        <step>5</step>
      </extensions>
    </rtept>
    <rtept lat="46.4048" lon="13.706496">
      <name/>
      <desc>Turn slight left</desc>
      <extensions>
        <distance>1618.5</distance>
        <duration>416.2</duration>
        <type>4</type>
        <step>5</step>
      </extensions>
    </rtept>
    <rtept lat="46.404739" lon="13.706397">
      <name/>
      <desc>Turn slight left</desc>
      <extensions>
        <distance>1618.5</distance>
        <duration>416.2</duration>
        <type>4</type>
        <step>5</step>
      </extensions>
    </rtept>
    <rtept lat="46.404667" lon="13.706415">
      <name/>
      <desc>Turn slight left</desc>
      <extensions>
        <distance>1618.5</distance>
        <duration>416.2</duration>
        <type>4</type>
        <step>5</step>
      </extensions>
    </rtept>
    <rtept lat="46.404671" lon="13.706458">
      <name/>
      <desc>Turn slight left</desc>
      <extensions>
        <distance>1618.5</distance>
        <duration>416.2</duration>
        <type>4</type>
        <step>5</step>
      </extensions>
    </rtept>
    <rtept lat="46.40456" lon="13.706488">
      <name/>
      <desc>Turn slight left</desc>
      <extensions>
        <distance>1618.5</distance>
        <duration>416.2</duration>
        <type>4</type>
        <step>5</step>
      </extensions>
    </rtept>
    <rtept lat="46.404432" lon="13.706478">
      <name/>
      <desc>Turn slight left</desc>
      <extensions>
        <distance>1618.5</distance>
        <duration>416.2</duration>
        <type>4</type>
        <step>5</step>
      </extensions>
    </rtept>
    <rtept lat="46.404344" lon="13.706535">
      <name/>
      <desc>Turn slight left</desc>
      <extensions>
        <distance>1618.5</distance>
        <duration>416.2</duration>
        <type>4</type>
        <step>5</step>
      </extensions>
    </rtept>
    <rtept lat="46.404484" lon="13.706673">
      <name/>
      <desc>Turn slight left</desc>
      <extensions>
        <distance>1618.5</distance>
        <duration>416.2</duration>
        <type>4</type>
        <step>5</step>
      </extensions>
    </rtept>
    <rtept lat="46.404487" lon="13.70677">
      <name/>
      <desc>Turn slight left</desc>
      <extensions>
        <distance>1618.5</distance>
        <duration>416.2</duration>
        <type>4</type>
        <step>5</step>
      </extensions>
    </rtept>
    <rtept lat="46.404453" lon="13.707028">
      <name/>
      <desc>Turn slight left</desc>
      <extensions>
        <distance>1618.5</distance>
        <duration>416.2</duration>
        <type>4</type>
        <step>5</step>
      </extensions>
    </rtept>
    <rtept lat="46.404514" lon="13.707344">
      <name/>
      <desc>Turn slight left</desc>
      <extensions>
        <distance>1618.5</distance>
        <duration>416.2</duration>
        <type>4</type>
        <step>5</step>
      </extensions>
    </rtept>
    <rtept lat="46.404724" lon="13.708057">
      <name/>
      <desc>Turn slight left</desc>
      <extensions>
        <distance>1618.5</distance>
        <duration>416.2</duration>
        <type>4</type>
        <step>5</step>
      </extensions>
    </rtept>
    <rtept lat="46.404491" lon="13.708382">
      <name/>
      <desc>Turn slight left</desc>
      <extensions>
        <distance>1618.5</distance>
        <duration>416.2</duration>
        <type>4</type>
        <step>5</step>
      </extensions>
    </rtept>
    <rtept lat="46.40441" lon="13.708535">
      <name/>
      <desc>Turn slight left</desc>
      <extensions>
        <distance>1618.5</distance>
        <duration>416.2</duration>
        <type>4</type>
        <step>5</step>
      </extensions>
    </rtept>
    <rtept lat="46.404256" lon="13.708669">
      <name/>
      <desc>Turn left</desc>
      <extensions>
        <distance>2849.5</distance>
        <duration>607.1</duration>
        <type>0</type>
        <step>6</step>
      </extensions>
    </rtept>
    <rtept lat="46.404265" lon="13.708797">
      <name/>
      <desc>Turn left</desc>
      <extensions>
        <distance>2849.5</distance>
        <duration>607.1</duration>
        <type>0</type>
        <step>6</step>
      </extensions>
    </rtept>
    <rtept lat="46.404247" lon="13.708965">
      <name/>
      <desc>Turn left</desc>
      <extensions>
        <distance>2849.5</distance>
        <duration>607.1</duration>
        <type>0</type>
        <step>6</step>
      </extensions>
    </rtept>
    <rtept lat="46.404262" lon="13.709088">
      <name/>
      <desc>Turn left</desc>
      <extensions>
        <distance>2849.5</distance>
        <duration>607.1</duration>
        <type>0</type>
        <step>6</step>
      </extensions>
    </rtept>
    <rtept lat="46.404227" lon="13.709344">
      <name/>
      <desc>Turn left</desc>
      <extensions>
        <distance>2849.5</distance>
        <duration>607.1</duration>
        <type>0</type>
        <step>6</step>
      </extensions>
    </rtept>
    <rtept lat="46.404235" lon="13.709517">
      <name/>
      <desc>Turn left</desc>
      <extensions>
        <distance>2849.5</distance>
        <duration>607.1</duration>
        <type>0</type>
        <step>6</step>
      </extensions>
    </rtept>
    <rtept lat="46.404224" lon="13.70966">
      <name/>
      <desc>Turn left</desc>
      <extensions>
        <distance>2849.5</distance>
        <duration>607.1</duration>
        <type>0</type>
        <step>6</step>
      </extensions>
    </rtept>
    <rtept lat="46.404228" lon="13.709837">
      <name/>
      <desc>Turn left</desc>
      <extensions>
        <distance>2849.5</distance>
        <duration>607.1</duration>
        <type>0</type>
        <step>6</step>
      </extensions>
    </rtept>
    <rtept lat="46.40423" lon="13.709965">
      <name/>
      <desc>Turn left</desc>
      <extensions>
        <distance>2849.5</distance>
        <duration>607.1</duration>
        <type>0</type>
        <step>6</step>
      </extensions>
    </rtept>
    <rtept lat="46.404241" lon="13.710529">
      <name/>
      <desc>Turn left</desc>
      <extensions>
        <distance>2849.5</distance>
        <duration>607.1</duration>
        <type>0</type>
        <step>6</step>
      </extensions>
    </rtept>
    <rtept lat="46.404217" lon="13.710776">
      <name/>
      <desc>Turn left</desc>
      <extensions>
        <distance>2849.5</distance>
        <duration>607.1</duration>
        <type>0</type>
        <step>6</step>
      </extensions>
    </rtept>
    <rtept lat="46.40417" lon="13.710946">
      <name/>
      <desc>Turn left</desc>
      <extensions>
        <distance>2849.5</distance>
        <duration>607.1</duration>
        <type>0</type>
        <step>6</step>
      </extensions>
    </rtept>
    <rtept lat="46.404069" lon="13.71113">
      <name/>
      <desc>Turn left</desc>
      <extensions>
        <distance>2849.5</distance>
        <duration>607.1</duration>
        <type>0</type>
        <step>6</step>
      </extensions>
    </rtept>
    <rtept lat="46.40396" lon="13.711394">
      <name/>
      <desc>Turn left</desc>
      <extensions>
        <distance>2849.5</distance>
        <duration>607.1</duration>
        <type>0</type>
        <step>6</step>
      </extensions>
    </rtept>
    <rtept lat="46.403937" lon="13.711513">
      <name/>
      <desc>Turn left</desc>
      <extensions>
        <distance>2849.5</distance>
        <duration>607.1</duration>
        <type>0</type>
        <step>6</step>
      </extensions>
    </rtept>
    <rtept lat="46.403938" lon="13.71172">
      <name/>
      <desc>Turn left</desc>
      <extensions>
        <distance>2849.5</distance>
        <duration>607.1</duration>
        <type>0</type>
        <step>6</step>
      </extensions>
    </rtept>
    <rtept lat="46.404069" lon="13.712219">
      <name/>
      <desc>Turn left</desc>
      <extensions>
        <distance>2849.5</distance>
        <duration>607.1</duration>
        <type>0</type>
        <step>6</step>
      </extensions>
    </rtept>
    <rtept lat="46.404625" lon="13.713284">
      <name/>
      <desc>Turn left</desc>
      <extensions>
        <distance>2849.5</distance>
        <duration>607.1</duration>
        <type>0</type>
        <step>6</step>
      </extensions>
    </rtept>
    <rtept lat="46.404704" lon="13.713625">
      <name/>
      <desc>Turn left</desc>
      <extensions>
        <distance>2849.5</distance>
        <duration>607.1</duration>
        <type>0</type>
        <step>6</step>
      </extensions>
    </rtept>
    <rtept lat="46.404825" lon="13.713848">
      <name/>
      <desc>Turn left</desc>
      <extensions>
        <distance>2849.5</distance>
        <duration>607.1</duration>
        <type>0</type>
        <step>6</step>
      </extensions>
    </rtept>
    <rtept lat="46.404909" lon="13.713918">
      <name/>
      <desc>Turn left</desc>
      <extensions>
        <distance>2849.5</distance>
        <duration>607.1</duration>
        <type>0</type>
        <step>6</step>
      </extensions>
    </rtept>
    <rtept lat="46.405031" lon="13.713979">
      <name/>
      <desc>Turn left</desc>
      <extensions>
        <distance>2849.5</distance>
        <duration>607.1</duration>
        <type>0</type>
        <step>6</step>
      </extensions>
    </rtept>
    <rtept lat="46.405262" lon="13.714055">
      <name/>
      <desc>Turn left</desc>
      <extensions>
        <distance>2849.5</distance>
        <duration>607.1</duration>
        <type>0</type>
        <step>6</step>
      </extensions>
    </rtept>
    <rtept lat="46.405452" lon="13.714183">
      <name/>
      <desc>Turn left</desc>
      <extensions>
        <distance>2849.5</distance>
        <duration>607.1</duration>
        <type>0</type>
        <step>6</step>
      </extensions>
    </rtept>
    <rtept lat="46.405597" lon="13.714318">
      <name/>
      <desc>Turn left</desc>
      <extensions>
        <distance>2849.5</distance>
        <duration>607.1</duration>
        <type>0</type>
        <step>6</step>
      </extensions>
    </rtept>
    <rtept lat="46.406076" lon="13.714975">
      <name/>
      <desc>Turn left</desc>
      <extensions>
        <distance>2849.5</distance>
        <duration>607.1</duration>
        <type>0</type>
        <step>6</step>
      </extensions>
    </rtept>
    <rtept lat="46.406469" lon="13.715371">
      <name/>
      <desc>Turn left</desc>
      <extensions>
        <distance>2849.5</distance>
        <duration>607.1</duration>
        <type>0</type>
        <step>6</step>
      </extensions>
    </rtept>
    <rtept lat="46.406586" lon="13.715557">
      <name/>
      <desc>Turn left</desc>
      <extensions>
        <distance>2849.5</distance>
        <duration>607.1</duration>
        <type>0</type>
        <step>6</step>
      </extensions>
    </rtept>
    <rtept lat="46.407114" lon="13.717212">
      <name/>
      <desc>Turn left</desc>
      <extensions>
        <distance>2849.5</distance>
        <duration>607.1</duration>
        <type>0</type>
        <step>6</step>
      </extensions>
    </rtept>
    <rtept lat="46.407335" lon="13.717747">
      <name/>
      <desc>Turn left</desc>
      <extensions>
        <distance>2849.5</distance>
        <duration>607.1</duration>
        <type>0</type>
        <step>6</step>
      </extensions>
    </rtept>
    <rtept lat="46.407673" lon="13.718609">
      <name/>
      <desc>Turn left</desc>
      <extensions>
        <distance>2849.5</distance>
        <duration>607.1</duration>
        <type>0</type>
        <step>6</step>
      </extensions>
    </rtept>
    <rtept lat="46.40788" lon="13.719228">
      <name/>
      <desc>Turn left</desc>
      <extensions>
        <distance>2849.5</distance>
        <duration>607.1</duration>
        <type>0</type>
        <step>6</step>
      </extensions>
    </rtept>
    <rtept lat="46.408061" lon="13.719835">
      <name/>
      <desc>Turn left</desc>
      <extensions>
        <distance>2849.5</distance>
        <duration>607.1</duration>
        <type>0</type>
        <step>6</step>
      </extensions>
    </rtept>
    <rtept lat="46.408222" lon="13.720158">
      <name/>
      <desc>Turn left</desc>
      <extensions>
        <distance>2849.5</distance>
        <duration>607.1</duration>
        <type>0</type>
        <step>6</step>
      </extensions>
    </rtept>
    <rtept lat="46.408283" lon="13.720382">
      <name/>
      <desc>Turn left</desc>
      <extensions>
        <distance>2849.5</distance>
        <duration>607.1</duration>
        <type>0</type>
        <step>6</step>
      </extensions>
    </rtept>
    <rtept lat="46.408563" lon="13.7214">
      <name/>
      <desc>Turn left</desc>
      <extensions>
        <distance>2849.5</distance>
        <duration>607.1</duration>
        <type>0</type>
        <step>6</step>
      </extensions>
    </rtept>
    <rtept lat="46.408625" lon="13.721942">
      <name/>
      <desc>Turn left</desc>
      <extensions>
        <distance>2849.5</distance>
        <duration>607.1</duration>
        <type>0</type>
        <step>6</step>
      </extensions>
    </rtept>
    <rtept lat="46.408676" lon="13.722138">
      <name/>
      <desc>Turn left</desc>
      <extensions>
        <distance>2849.5</distance>
        <duration>607.1</duration>
        <type>0</type>
        <step>6</step>
      </extensions>
    </rtept>
    <rtept lat="46.40878" lon="13.722318">
      <name/>
      <desc>Turn left</desc>
      <extensions>
        <distance>2849.5</distance>
        <duration>607.1</duration>
        <type>0</type>
        <step>6</step>
      </extensions>
    </rtept>
    <rtept lat="46.408945" lon="13.722545">
      <name/>
      <desc>Turn left</desc>
      <extensions>
        <distance>2849.5</distance>
        <duration>607.1</duration>
        <type>0</type>
        <step>6</step>
      </extensions>
    </rtept>
    <rtept lat="46.409038" lon="13.722758">
      <name/>
      <desc>Turn left</desc>
      <extensions>
        <distance>2849.5</distance>
        <duration>607.1</duration>
        <type>0</type>
        <step>6</step>
      </extensions>
    </rtept>
    <rtept lat="46.409086" lon="13.722978">
      <name/>
      <desc>Turn left</desc>
      <extensions>
        <distance>2849.5</distance>
        <duration>607.1</duration>
        <type>0</type>
        <step>6</step>
      </extensions>
    </rtept>
    <rtept lat="46.409133" lon="13.723479">
      <name/>
      <desc>Turn left</desc>
      <extensions>
        <distance>2849.5</distance>
        <duration>607.1</duration>
        <type>0</type>
        <step>6</step>
      </extensions>
    </rtept>
    <rtept lat="46.409179" lon="13.723961">
      <name/>
      <desc>Turn left</desc>
      <extensions>
        <distance>2849.5</distance>
        <duration>607.1</duration>
        <type>0</type>
        <step>6</step>
      </extensions>
    </rtept>
    <rtept lat="46.409162" lon="13.724139">
      <name/>
      <desc>Turn left</desc>
      <extensions>
        <distance>2849.5</distance>
        <duration>607.1</duration>
        <type>0</type>
        <step>6</step>
      </extensions>
    </rtept>
    <rtept lat="46.409105" lon="13.724278">
      <name/>
      <desc>Turn left</desc>
      <extensions>
        <distance>2849.5</distance>
        <duration>607.1</duration>
        <type>0</type>
        <step>6</step>
      </extensions>
    </rtept>
    <rtept lat="46.409016" lon="13.724357">
      <name/>
      <desc>Turn left</desc>
      <extensions>
        <distance>2849.5</distance>
        <duration>607.1</duration>
        <type>0</type>
        <step>6</step>
      </extensions>
    </rtept>
    <rtept lat="46.408969" lon="13.724374">
      <name/>
      <desc>Turn left</desc>
      <extensions>
        <distance>2849.5</distance>
        <duration>607.1</duration>
        <type>0</type>
        <step>6</step>
      </extensions>
    </rtept>
    <rtept lat="46.408865" lon="13.724411">
      <name/>
      <desc>Turn left</desc>
      <extensions>
        <distance>2849.5</distance>
        <duration>607.1</duration>
        <type>0</type>
        <step>6</step>
      </extensions>
    </rtept>
    <rtept lat="46.408731" lon="13.724553">
      <name/>
      <desc>Turn left</desc>
      <extensions>
        <distance>2849.5</distance>
        <duration>607.1</duration>
        <type>0</type>
        <step>6</step>
      </extensions>
    </rtept>
    <rtept lat="46.408647" lon="13.7248">
      <name/>
      <desc>Turn left</desc>
      <extensions>
        <distance>2849.5</distance>
        <duration>607.1</duration>
        <type>0</type>
        <step>6</step>
      </extensions>
    </rtept>
    <rtept lat="46.408663" lon="13.724965">
      <name/>
      <desc>Turn left</desc>
      <extensions>
        <distance>2849.5</distance>
        <duration>607.1</duration>
        <type>0</type>
        <step>6</step>
      </extensions>
    </rtept>
    <rtept lat="46.408731" lon="13.72512">
      <name/>
      <desc>Turn left</desc>
      <extensions>
        <distance>2849.5</distance>
        <duration>607.1</duration>
        <type>0</type>
        <step>6</step>
      </extensions>
    </rtept>
    <rtept lat="46.409085" lon="13.725302">
      <name/>
      <desc>Turn left</desc>
      <extensions>
        <distance>2849.5</distance>
        <duration>607.1</duration>
        <type>0</type>
        <step>6</step>
      </extensions>
    </rtept>
    <rtept lat="46.40911" lon="13.725346">
      <name/>
      <desc>Turn left</desc>
      <extensions>
        <distance>2849.5</distance>
        <duration>607.1</duration>
        <type>0</type>
        <step>6</step>
      </extensions>
    </rtept>
    <rtept lat="46.409154" lon="13.725425">
      <name/>
      <desc>Turn left</desc>
      <extensions>
        <distance>2849.5</distance>
        <duration>607.1</duration>
        <type>0</type>
        <step>6</step>
      </extensions>
    </rtept>
    <rtept lat="46.409179" lon="13.725517">
      <name/>
      <desc>Turn left</desc>
      <extensions>
        <distance>2849.5</distance>
        <duration>607.1</duration>
        <type>0</type>
        <step>6</step>
      </extensions>
    </rtept>
    <rtept lat="46.409192" lon="13.725659">
      <name/>
      <desc>Turn left</desc>
      <extensions>
        <distance>2849.5</distance>
        <duration>607.1</duration>
        <type>0</type>
        <step>6</step>
      </extensions>
    </rtept>
    <rtept lat="46.409186" lon="13.725764">
      <name/>
      <desc>Turn left</desc>
      <extensions>
        <distance>2849.5</distance>
        <duration>607.1</duration>
        <type>0</type>
        <step>6</step>
      </extensions>
    </rtept>
    <rtept lat="46.409077" lon="13.726105">
      <name/>
      <desc>Turn left</desc>
      <extensions>
        <distance>2849.5</distance>
        <duration>607.1</duration>
        <type>0</type>
        <step>6</step>
      </extensions>
    </rtept>
    <rtept lat="46.409027" lon="13.72623">
      <name/>
      <desc>Turn left</desc>
      <extensions>
        <distance>2849.5</distance>
        <duration>607.1</duration>
        <type>0</type>
        <step>6</step>
      </extensions>
    </rtept>
    <rtept lat="46.408842" lon="13.726575">
      <name/>
      <desc>Turn left</desc>
      <extensions>
        <distance>2849.5</distance>
        <duration>607.1</duration>
        <type>0</type>
        <step>6</step>
      </extensions>
    </rtept>
    <rtept lat="46.408486" lon="13.727051">
      <name/>
      <desc>Turn left</desc>
      <extensions>
        <distance>2849.5</distance>
        <duration>607.1</duration>
        <type>0</type>
        <step>6</step>
      </extensions>
    </rtept>
    <rtept lat="46.408313" lon="13.727333">
      <name/>
      <desc>Turn left</desc>
      <extensions>
        <distance>2849.5</distance>
        <duration>607.1</duration>
        <type>0</type>
        <step>6</step>
      </extensions>
    </rtept>
    <rtept lat="46.40826" lon="13.727542">
      <name/>
      <desc>Turn left</desc>
      <extensions>
        <distance>2849.5</distance>
        <duration>607.1</duration>
        <type>0</type>
        <step>6</step>
      </extensions>
    </rtept>
    <rtept lat="46.408195" lon="13.728615">
      <name/>
      <desc>Turn left</desc>
      <extensions>
        <distance>2849.5</distance>
        <duration>607.1</duration>
        <type>0</type>
        <step>6</step>
      </extensions>
    </rtept>
    <rtept lat="46.408217" lon="13.729072">
      <name/>
      <desc>Turn left</desc>
      <extensions>
        <distance>2849.5</distance>
        <duration>607.1</duration>
        <type>0</type>
        <step>6</step>
      </extensions>
    </rtept>
    <rtept lat="46.408302" lon="13.73004">
      <name/>
      <desc>Turn left</desc>
      <extensions>
        <distance>2849.5</distance>
        <duration>607.1</duration>
        <type>0</type>
        <step>6</step>
      </extensions>
    </rtept>
    <rtept lat="46.408352" lon="13.730353">
      <name/>
      <desc>Turn left</desc>
      <extensions>
        <distance>2849.5</distance>
        <duration>607.1</duration>
        <type>0</type>
        <step>6</step>
      </extensions>
    </rtept>
    <rtept lat="46.408337" lon="13.730496">
      <name/>
      <desc>Turn left</desc>
      <extensions>
        <distance>2849.5</distance>
        <duration>607.1</duration>
        <type>0</type>
        <step>6</step>
      </extensions>
    </rtept>
    <rtept lat="46.408312" lon="13.730579">
      <name/>
      <desc>Turn left</desc>
      <extensions>
        <distance>2849.5</distance>
        <duration>607.1</duration>
        <type>0</type>
        <step>6</step>
      </extensions>
    </rtept>
    <rtept lat="46.408258" lon="13.730672">
      <name/>
      <desc>Turn left</desc>
      <extensions>
        <distance>2849.5</distance>
        <duration>607.1</duration>
        <type>0</type>
        <step>6</step>
      </extensions>
    </rtept>
    <rtept lat="46.408015" lon="13.730933">
      <name/>
      <desc>Turn left</desc>
      <extensions>
        <distance>2849.5</distance>
        <duration>607.1</duration>
        <type>0</type>
        <step>6</step>
      </extensions>
    </rtept>
    <rtept lat="46.407968" lon="13.731007">
      <name/>
      <desc>Turn left</desc>
      <extensions>
        <distance>2849.5</distance>
        <duration>607.1</duration>
        <type>0</type>
        <step>6</step>
      </extensions>
    </rtept>
    <rtept lat="46.407947" lon="13.731118">
      <name/>
      <desc>Turn left</desc>
      <extensions>
        <distance>2849.5</distance>
        <duration>607.1</duration>
        <type>0</type>
        <step>6</step>
      </extensions>
    </rtept>
    <rtept lat="46.407961" lon="13.731191">
      <name/>
      <desc>Turn left</desc>
      <extensions>
        <distance>2849.5</distance>
        <duration>607.1</duration>
        <type>0</type>
        <step>6</step>
      </extensions>
    </rtept>
    <rtept lat="46.408017" lon="13.73128">
      <name/>
      <desc>Turn left</desc>
      <extensions>
        <distance>2849.5</distance>
        <duration>607.1</duration>
        <type>0</type>
        <step>6</step>
      </extensions>
    </rtept>
    <rtept lat="46.408299" lon="13.73147">
      <name/>
      <desc>Turn left</desc>
      <extensions>
        <distance>2849.5</distance>
        <duration>607.1</duration>
        <type>0</type>
        <step>6</step>
      </extensions>
    </rtept>
    <rtept lat="46.408366" lon="13.731585">
      <name/>
      <desc>Turn left</desc>
      <extensions>
        <distance>2849.5</distance>
        <duration>607.1</duration>
        <type>0</type>
        <step>6</step>
      </extensions>
    </rtept>
    <rtept lat="46.408439" lon="13.731784">
      <name/>
      <desc>Turn left</desc>
      <extensions>
        <distance>2849.5</distance>
        <duration>607.1</duration>
        <type>0</type>
        <step>6</step>
      </extensions>
    </rtept>
    <rtept lat="46.408556" lon="13.73192">
      <name/>
      <desc>Turn left</desc>
      <extensions>
        <distance>2849.5</distance>
        <duration>607.1</duration>
        <type>0</type>
        <step>6</step>
      </extensions>
    </rtept>
    <rtept lat="46.408757" lon="13.732062">
      <name/>
      <desc>Turn left</desc>
      <extensions>
        <distance>2849.5</distance>
        <duration>607.1</duration>
        <type>0</type>
        <step>6</step>
      </extensions>
    </rtept>
    <rtept lat="46.408779" lon="13.732132">
      <name/>
      <desc>Turn left</desc>
      <extensions>
        <distance>2849.5</distance>
        <duration>607.1</duration>
        <type>0</type>
        <step>6</step>
      </extensions>
    </rtept>
    <rtept lat="46.408779" lon="13.73226">
      <name/>
      <desc>Turn left</desc>
      <extensions>
        <distance>2849.5</distance>
        <duration>607.1</duration>
        <type>0</type>
        <step>6</step>
      </extensions>
    </rtept>
    <rtept lat="46.408732" lon="13.732359">
      <name/>
      <desc>Turn left</desc>
      <extensions>
        <distance>2849.5</distance>
        <duration>607.1</duration>
        <type>0</type>
        <step>6</step>
      </extensions>
    </rtept>
    <rtept lat="46.408519" lon="13.732568">
      <name/>
      <desc>Turn left</desc>
      <extensions>
        <distance>2849.5</distance>
        <duration>607.1</duration>
        <type>0</type>
        <step>6</step>
      </extensions>
    </rtept>
    <rtept lat="46.408394" lon="13.73272">
      <name/>
      <desc>Turn left</desc>
      <extensions>
        <distance>2849.5</distance>
        <duration>607.1</duration>
        <type>0</type>
        <step>6</step>
      </extensions>
    </rtept>
    <rtept lat="46.4083" lon="13.732868">
      <name/>
      <desc>Turn left</desc>
      <extensions>
        <distance>2849.5</distance>
        <duration>607.1</duration>
        <type>0</type>
        <step>6</step>
      </extensions>
    </rtept>
    <rtept lat="46.408004" lon="13.733696">
      <name/>
      <desc>Turn left</desc>
      <extensions>
        <distance>2849.5</distance>
        <duration>607.1</duration>
        <type>0</type>
        <step>6</step>
      </extensions>
    </rtept>
    <rtept lat="46.407897" lon="13.734152">
      <name/>
      <desc>Turn left</desc>
      <extensions>
        <distance>2849.5</distance>
        <duration>607.1</duration>
        <type>0</type>
        <step>6</step>
      </extensions>
    </rtept>
    <rtept lat="46.407749" lon="13.734622">
      <name/>
      <desc>Turn left</desc>
      <extensions>
        <distance>2849.5</distance>
        <duration>607.1</duration>
        <type>0</type>
        <step>6</step>
      </extensions>
    </rtept>
    <rtept lat="46.40756" lon="13.735069">
      <name/>
      <desc>Turn left</desc>
      <extensions>
        <distance>2849.5</distance>
        <duration>607.1</duration>
        <type>0</type>
        <step>6</step>
      </extensions>
    </rtept>
    <rtept lat="46.407396" lon="13.73561">
      <name/>
      <desc>Turn left</desc>
      <extensions>
        <distance>2849.5</distance>
        <duration>607.1</duration>
        <type>0</type>
        <step>6</step>
      </extensions>
    </rtept>
    <rtept lat="46.407263" lon="13.735903">
      <name/>
      <desc>Turn left</desc>
      <extensions>
        <distance>2849.5</distance>
        <duration>607.1</duration>
        <type>0</type>
        <step>6</step>
      </extensions>
    </rtept>
    <rtept lat="46.407013" lon="13.736296">
      <name/>
      <desc>Turn left</desc>
      <extensions>
        <distance>2849.5</distance>
        <duration>607.1</duration>
        <type>0</type>
        <step>6</step>
      </extensions>
    </rtept>
    <rtept lat="46.406856" lon="13.736483">
      <name/>
      <desc>Turn left</desc>
      <extensions>
        <distance>2849.5</distance>
        <duration>607.1</duration>
        <type>0</type>
        <step>6</step>
      </extensions>
    </rtept>
    <rtept lat="46.40638" lon="13.736906">
      <name/>
      <desc>Turn left</desc>
      <extensions>
        <distance>2849.5</distance>
        <duration>607.1</duration>
        <type>0</type>
        <step>6</step>
      </extensions>
    </rtept>
    <rtept lat="46.406252" lon="13.737106">
      <name/>
      <desc>Turn left</desc>
      <extensions>
        <distance>2849.5</distance>
        <duration>607.1</duration>
        <type>0</type>
        <step>6</step>
      </extensions>
    </rtept>
    <rtept lat="46.406079" lon="13.737697">
      <name/>
      <desc>Turn left</desc>
      <extensions>
        <distance>2849.5</distance>
        <duration>607.1</duration>
        <type>0</type>
        <step>6</step>
      </extensions>
    </rtept>
    <rtept lat="46.405873" lon="13.738532">
      <name/>
      <desc>Turn left</desc>
      <extensions>
        <distance>2849.5</distance>
        <duration>607.1</duration>
        <type>0</type>
        <step>6</step>
      </extensions>
    </rtept>
    <rtept lat="46.405882" lon="13.738981">
      <name/>
      <desc>Turn left</desc>
      <extensions>
        <distance>2849.5</distance>
        <duration>607.1</duration>
        <type>0</type>
        <step>6</step>
      </extensions>
    </rtept>
    <rtept lat="46.405902" lon="13.739177">
      <name/>
      <desc>Turn left</desc>
      <extensions>
        <distance>2849.5</distance>
        <duration>607.1</duration>
        <type>0</type>
        <step>6</step>
      </extensions>
    </rtept>
    <rtept lat="46.405912" lon="13.739276">
      <name>Trenta, 206</name>
      <desc>Turn right onto Trenta, 206</desc>
      <extensions>
        <distance>412.9</distance>
        <duration>82.6</duration>
        <type>1</type>
        <step>7</step>
      </extensions>
    </rtept>
    <rtept lat="46.405691" lon="13.739473">
      <name>Trenta, 206</name>
      <desc>Turn right onto Trenta, 206</desc>
      <extensions>
        <distance>412.9</distance>
        <duration>82.6</duration>
        <type>1</type>
        <step>7</step>
      </extensions>
    </rtept>
    <rtept lat="46.405435" lon="13.739622">
      <name>Trenta, 206</name>
      <desc>Turn right onto Trenta, 206</desc>
      <extensions>
        <distance>412.9</distance>
        <duration>82.6</duration>
        <type>1</type>
        <step>7</step>
      </extensions>
    </rtept>
    <rtept lat="46.405299" lon="13.739614">
      <name>Trenta, 206</name>
      <desc>Turn right onto Trenta, 206</desc>
      <extensions>
        <distance>412.9</distance>
        <duration>82.6</duration>
        <type>1</type>
        <step>7</step>
      </extensions>
    </rtept>
    <rtept lat="46.405227" lon="13.739568">
      <name>Trenta, 206</name>
      <desc>Turn right onto Trenta, 206</desc>
      <extensions>
        <distance>412.9</distance>
        <duration>82.6</duration>
        <type>1</type>
        <step>7</step>
      </extensions>
    </rtept>
    <rtept lat="46.40517" lon="13.739499">
      <name>Trenta, 206</name>
      <desc>Turn right onto Trenta, 206</desc>
      <extensions>
        <distance>412.9</distance>
        <duration>82.6</duration>
        <type>1</type>
        <step>7</step>
      </extensions>
    </rtept>
    <rtept lat="46.405105" lon="13.739351">
      <name>Trenta, 206</name>
      <desc>Turn right onto Trenta, 206</desc>
      <extensions>
        <distance>412.9</distance>
        <duration>82.6</duration>
        <type>1</type>
        <step>7</step>
      </extensions>
    </rtept>
    <rtept lat="46.405071" lon="13.739188">
      <name>Trenta, 206</name>
      <desc>Turn right onto Trenta, 206</desc>
      <extensions>
        <distance>412.9</distance>
        <duration>82.6</duration>
        <type>1</type>
        <step>7</step>
      </extensions>
    </rtept>
    <rtept lat="46.405073" lon="13.739059">
      <name>Trenta, 206</name>
      <desc>Turn right onto Trenta, 206</desc>
      <extensions>
        <distance>412.9</distance>
        <duration>82.6</duration>
        <type>1</type>
        <step>7</step>
      </extensions>
    </rtept>
    <rtept lat="46.40514" lon="13.738742">
      <name>Trenta, 206</name>
      <desc>Turn right onto Trenta, 206</desc>
      <extensions>
        <distance>412.9</distance>
        <duration>82.6</duration>
        <type>1</type>
        <step>7</step>
      </extensions>
    </rtept>
    <rtept lat="46.405148" lon="13.738639">
      <name>Trenta, 206</name>
      <desc>Turn right onto Trenta, 206</desc>
      <extensions>
        <distance>412.9</distance>
        <duration>82.6</duration>
        <type>1</type>
        <step>7</step>
      </extensions>
    </rtept>
    <rtept lat="46.405103" lon="13.738471">
      <name>Trenta, 206</name>
      <desc>Turn right onto Trenta, 206</desc>
      <extensions>
        <distance>412.9</distance>
        <duration>82.6</duration>
        <type>1</type>
        <step>7</step>
      </extensions>
    </rtept>
    <rtept lat="46.405042" lon="13.738395">
      <name>Trenta, 206</name>
      <desc>Turn right onto Trenta, 206</desc>
      <extensions>
        <distance>412.9</distance>
        <duration>82.6</duration>
        <type>1</type>
        <step>7</step>
      </extensions>
    </rtept>
    <rtept lat="46.404985" lon="13.738363">
      <name>Trenta, 206</name>
      <desc>Turn right onto Trenta, 206</desc>
      <extensions>
        <distance>412.9</distance>
        <duration>82.6</duration>
        <type>1</type>
        <step>7</step>
      </extensions>
    </rtept>
    <rtept lat="46.404924" lon="13.738355">
      <name>Trenta, 206</name>
      <desc>Turn right onto Trenta, 206</desc>
      <extensions>
        <distance>412.9</distance>
        <duration>82.6</duration>
        <type>1</type>
        <step>7</step>
      </extensions>
    </rtept>
    <rtept lat="46.404843" lon="13.73838">
      <name>Trenta, 206</name>
      <desc>Turn right onto Trenta, 206</desc>
      <extensions>
        <distance>412.9</distance>
        <duration>82.6</duration>
        <type>1</type>
        <step>7</step>
      </extensions>
    </rtept>
    <rtept lat="46.404791" lon="13.73842">
      <name>Trenta, 206</name>
      <desc>Turn right onto Trenta, 206</desc>
      <extensions>
        <distance>412.9</distance>
        <duration>82.6</duration>
        <type>1</type>
        <step>7</step>
      </extensions>
    </rtept>
    <rtept lat="46.404727" lon="13.73851">
      <name>Trenta, 206</name>
      <desc>Turn right onto Trenta, 206</desc>
      <extensions>
        <distance>412.9</distance>
        <duration>82.6</duration>
        <type>1</type>
        <step>7</step>
      </extensions>
    </rtept>
    <rtept lat="46.404616" lon="13.738862">
      <name>Trenta, 206</name>
      <desc>Turn right onto Trenta, 206</desc>
      <extensions>
        <distance>412.9</distance>
        <duration>82.6</duration>
        <type>1</type>
        <step>7</step>
      </extensions>
    </rtept>
    <rtept lat="46.404541" lon="13.739281">
      <name>Trenta, 206</name>
      <desc>Turn right onto Trenta, 206</desc>
      <extensions>
        <distance>412.9</distance>
        <duration>82.6</duration>
        <type>1</type>
        <step>7</step>
      </extensions>
    </rtept>
    <rtept lat="46.404477" lon="13.739532">
      <name>Trenta, 206</name>
      <desc>Turn right onto Trenta, 206</desc>
      <extensions>
        <distance>412.9</distance>
        <duration>82.6</duration>
        <type>1</type>
        <step>7</step>
      </extensions>
    </rtept>
    <rtept lat="46.40442" lon="13.739637">
      <name>Trenta, 206</name>
      <desc>Turn right onto Trenta, 206</desc>
      <extensions>
        <distance>412.9</distance>
        <duration>82.6</duration>
        <type>1</type>
        <step>7</step>
      </extensions>
    </rtept>
    <rtept lat="46.40428" lon="13.739812">
      <name>Trenta, 206</name>
      <desc>Turn right onto Trenta, 206</desc>
      <extensions>
        <distance>412.9</distance>
        <duration>82.6</duration>
        <type>1</type>
        <step>7</step>
      </extensions>
    </rtept>
    <rtept lat="46.404107" lon="13.739941">
      <name>Trenta, 206</name>
      <desc>Turn right onto Trenta, 206</desc>
      <extensions>
        <distance>412.9</distance>
        <duration>82.6</duration>
        <type>1</type>
        <step>7</step>
      </extensions>
    </rtept>
    <rtept lat="46.403648" lon="13.740154">
      <name/>
      <desc>Turn left</desc>
      <extensions>
        <distance>332.1</distance>
        <duration>85.4</duration>
        <type>0</type>
        <step>8</step>
      </extensions>
    </rtept>
    <rtept lat="46.403661" lon="13.740207">
      <name/>
      <desc>Turn left</desc>
      <extensions>
        <distance>332.1</distance>
        <duration>85.4</duration>
        <type>0</type>
        <step>8</step>
      </extensions>
    </rtept>
    <rtept lat="46.40354" lon="13.740273">
      <name/>
      <desc>Turn left</desc>
      <extensions>
        <distance>332.1</distance>
        <duration>85.4</duration>
        <type>0</type>
        <step>8</step>
      </extensions>
    </rtept>
    <rtept lat="46.403344" lon="13.740419">
      <name/>
      <desc>Turn left</desc>
      <extensions>
        <distance>332.1</distance>
        <duration>85.4</duration>
        <type>0</type>
        <step>8</step>
      </extensions>
    </rtept>
    <rtept lat="46.403219" lon="13.740564">
      <name/>
      <desc>Turn left</desc>
      <extensions>
        <distance>332.1</distance>
        <duration>85.4</duration>
        <type>0</type>
        <step>8</step>
      </extensions>
    </rtept>
    <rtept lat="46.402875" lon="13.741098">
      <name/>
      <desc>Turn left</desc>
      <extensions>
        <distance>332.1</distance>
        <duration>85.4</duration>
        <type>0</type>
        <step>8</step>
      </extensions>
    </rtept>
    <rtept lat="46.402624" lon="13.741701">
      <name/>
      <desc>Turn left</desc>
      <extensions>
        <distance>332.1</distance>
        <duration>85.4</duration>
        <type>0</type>
        <step>8</step>
      </extensions>
    </rtept>
    <rtept lat="46.402298" lon="13.742374">
      <name/>
      <desc>Turn left</desc>
      <extensions>
        <distance>332.1</distance>
        <duration>85.4</duration>
        <type>0</type>
        <step>8</step>
      </extensions>
    </rtept>
    <rtept lat="46.402126" lon="13.742588">
      <name/>
      <desc>Turn left</desc>
      <extensions>
        <distance>332.1</distance>
        <duration>85.4</duration>
        <type>0</type>
        <step>8</step>
      </extensions>
    </rtept>
    <rtept lat="46.402013" lon="13.742812">
      <name/>
      <desc>Turn left</desc>
      <extensions>
        <distance>332.1</distance>
        <duration>85.4</duration>
        <type>0</type>
        <step>8</step>
      </extensions>
    </rtept>
    <rtept lat="46.401916" lon="13.743061">
      <name/>
      <desc>Turn left</desc>
      <extensions>
        <distance>332.1</distance>
        <duration>85.4</duration>
        <type>0</type>
        <step>8</step>
      </extensions>
    </rtept>
    <rtept lat="46.401806" lon="13.743413">
      <name/>
      <desc>Keep left</desc>
      <extensions>
        <distance>253.9</distance>
        <duration>65.3</duration>
        <type>12</type>
        <step>9</step>
      </extensions>
    </rtept>
    <rtept lat="46.401583" lon="13.743974">
      <name/>
      <desc>Keep left</desc>
      <extensions>
        <distance>253.9</distance>
        <duration>65.3</duration>
        <type>12</type>
        <step>9</step>
      </extensions>
    </rtept>
    <rtept lat="46.401401" lon="13.744336">
      <name/>
      <desc>Keep left</desc>
      <extensions>
        <distance>253.9</distance>
        <duration>65.3</duration>
        <type>12</type>
        <step>9</step>
      </extensions>
    </rtept>
    <rtept lat="46.401257" lon="13.744553">
      <name/>
      <desc>Keep left</desc>
      <extensions>
        <distance>253.9</distance>
        <duration>65.3</duration>
        <type>12</type>
        <step>9</step>
      </extensions>
    </rtept>
    <rtept lat="46.401068" lon="13.744725">
      <name/>
      <desc>Keep left</desc>
      <extensions>
        <distance>253.9</distance>
        <duration>65.3</duration>
        <type>12</type>
        <step>9</step>
      </extensions>
    </rtept>
    <rtept lat="46.400887" lon="13.744787">
      <name/>
      <desc>Keep left</desc>
      <extensions>
        <distance>253.9</distance>
        <duration>65.3</duration>
        <type>12</type>
        <step>9</step>
      </extensions>
    </rtept>
    <rtept lat="46.400698" lon="13.744804">
      <name/>
      <desc>Keep left</desc>
      <extensions>
        <distance>253.9</distance>
        <duration>65.3</duration>
        <type>12</type>
        <step>9</step>
      </extensions>
    </rtept>
    <rtept lat="46.400448" lon="13.744662">
      <name/>
      <desc>Keep left</desc>
      <extensions>
        <distance>253.9</distance>
        <duration>65.3</duration>
        <type>12</type>
        <step>9</step>
      </extensions>
    </rtept>
    <rtept lat="46.400072" lon="13.744368">
      <name/>
      <desc>Keep left</desc>
      <extensions>
        <distance>253.9</distance>
        <duration>65.3</duration>
        <type>12</type>
        <step>9</step>
      </extensions>
    </rtept>
    <rtept lat="46.400083" lon="13.744334">
      <name>206</name>
      <desc>Turn left onto 206</desc>
      <extensions>
        <distance>2447.9</distance>
        <duration>489.6</duration>
        <type>0</type>
        <step>10</step>
      </extensions>
    </rtept>
    <rtept lat="46.400004" lon="13.744281">
      <name>206</name>
      <desc>Turn left onto 206</desc>
      <extensions>
        <distance>2447.9</distance>
        <duration>489.6</duration>
        <type>0</type>
        <step>10</step>
      </extensions>
    </rtept>
    <rtept lat="46.399943" lon="13.744291">
      <name>206</name>
      <desc>Turn left onto 206</desc>
      <extensions>
        <distance>2447.9</distance>
        <duration>489.6</duration>
        <type>0</type>
        <step>10</step>
      </extensions>
    </rtept>
    <rtept lat="46.399865" lon="13.744359">
      <name>206</name>
      <desc>Turn left onto 206</desc>
      <extensions>
        <distance>2447.9</distance>
        <duration>489.6</duration>
        <type>0</type>
        <step>10</step>
      </extensions>
    </rtept>
    <rtept lat="46.399767" lon="13.744498">
      <name>206</name>
      <desc>Turn left onto 206</desc>
      <extensions>
        <distance>2447.9</distance>
        <duration>489.6</duration>
        <type>0</type>
        <step>10</step>
      </extensions>
    </rtept>
    <rtept lat="46.399723" lon="13.744548">
      <name>206</name>
      <desc>Turn left onto 206</desc>
      <extensions>
        <distance>2447.9</distance>
        <duration>489.6</duration>
        <type>0</type>
        <step>10</step>
      </extensions>
    </rtept>
    <rtept lat="46.399669" lon="13.744573">
      <name>206</name>
      <desc>Turn left onto 206</desc>
      <extensions>
        <distance>2447.9</distance>
        <duration>489.6</duration>
        <type>0</type>
        <step>10</step>
      </extensions>
    </rtept>
    <rtept lat="46.399562" lon="13.744546">
      <name>206</name>
      <desc>Turn left onto 206</desc>
      <extensions>
        <distance>2447.9</distance>
        <duration>489.6</duration>
        <type>0</type>
        <step>10</step>
      </extensions>
    </rtept>
    <rtept lat="46.399077" lon="13.744097">
      <name>206</name>
      <desc>Turn left onto 206</desc>
      <extensions>
        <distance>2447.9</distance>
        <duration>489.6</duration>
        <type>0</type>
        <step>10</step>
      </extensions>
    </rtept>
    <rtept lat="46.398866" lon="13.743963">
      <name>206</name>
      <desc>Turn left onto 206</desc>
      <extensions>
        <distance>2447.9</distance>
        <duration>489.6</duration>
        <type>0</type>
        <step>10</step>
      </extensions>
    </rtept>
    <rtept lat="46.398768" lon="13.743931">
      <name>206</name>
      <desc>Turn left onto 206</desc>
      <extensions>
        <distance>2447.9</distance>
        <duration>489.6</duration>
        <type>0</type>
        <step>10</step>
      </extensions>
    </rtept>
    <rtept lat="46.398671" lon="13.74394">
      <name>206</name>
      <desc>Turn left onto 206</desc>
      <extensions>
        <distance>2447.9</distance>
        <duration>489.6</duration>
        <type>0</type>
        <step>10</step>
      </extensions>
    </rtept>
    <rtept lat="46.398599" lon="13.743989">
      <name>206</name>
      <desc>Turn left onto 206</desc>
      <extensions>
        <distance>2447.9</distance>
        <duration>489.6</duration>
        <type>0</type>
        <step>10</step>
      </extensions>
    </rtept>
    <rtept lat="46.398179" lon="13.744546">
      <name>206</name>
      <desc>Turn left onto 206</desc>
      <extensions>
        <distance>2447.9</distance>
        <duration>489.6</duration>
        <type>0</type>
        <step>10</step>
      </extensions>
    </rtept>
    <rtept lat="46.39796" lon="13.744769">
      <name>206</name>
      <desc>Turn left onto 206</desc>
      <extensions>
        <distance>2447.9</distance>
        <duration>489.6</duration>
        <type>0</type>
        <step>10</step>
      </extensions>
    </rtept>
    <rtept lat="46.397813" lon="13.744849">
      <name>206</name>
      <desc>Turn left onto 206</desc>
      <extensions>
        <distance>2447.9</distance>
        <duration>489.6</duration>
        <type>0</type>
        <step>10</step>
      </extensions>
    </rtept>
    <rtept lat="46.397413" lon="13.744927">
      <name>206</name>
      <desc>Turn left onto 206</desc>
      <extensions>
        <distance>2447.9</distance>
        <duration>489.6</duration>
        <type>0</type>
        <step>10</step>
      </extensions>
    </rtept>
    <rtept lat="46.397039" lon="13.745108">
      <name>206</name>
      <desc>Turn left onto 206</desc>
      <extensions>
        <distance>2447.9</distance>
        <duration>489.6</duration>
        <type>0</type>
        <step>10</step>
      </extensions>
    </rtept>
    <rtept lat="46.396806" lon="13.745167">
      <name>206</name>
      <desc>Turn left onto 206</desc>
      <extensions>
        <distance>2447.9</distance>
        <duration>489.6</duration>
        <type>0</type>
        <step>10</step>
      </extensions>
    </rtept>
    <rtept lat="46.396573" lon="13.745155">
      <name>206</name>
      <desc>Turn left onto 206</desc>
      <extensions>
        <distance>2447.9</distance>
        <duration>489.6</duration>
        <type>0</type>
        <step>10</step>
      </extensions>
    </rtept>
    <rtept lat="46.396406" lon="13.745086">
      <name>206</name>
      <desc>Turn left onto 206</desc>
      <extensions>
        <distance>2447.9</distance>
        <duration>489.6</duration>
        <type>0</type>
        <step>10</step>
      </extensions>
    </rtept>
    <rtept lat="46.395619" lon="13.744617">
      <name>206</name>
      <desc>Turn left onto 206</desc>
      <extensions>
        <distance>2447.9</distance>
        <duration>489.6</duration>
        <type>0</type>
        <step>10</step>
      </extensions>
    </rtept>
    <rtept lat="46.39515" lon="13.744271">
      <name>206</name>
      <desc>Turn left onto 206</desc>
      <extensions>
        <distance>2447.9</distance>
        <duration>489.6</duration>
        <type>0</type>
        <step>10</step>
      </extensions>
    </rtept>
    <rtept lat="46.394853" lon="13.744095">
      <name>206</name>
      <desc>Turn left onto 206</desc>
      <extensions>
        <distance>2447.9</distance>
        <duration>489.6</duration>
        <type>0</type>
        <step>10</step>
      </extensions>
    </rtept>
    <rtept lat="46.394452" lon="13.743895">
      <name>206</name>
      <desc>Turn left onto 206</desc>
      <extensions>
        <distance>2447.9</distance>
        <duration>489.6</duration>
        <type>0</type>
        <step>10</step>
      </extensions>
    </rtept>
    <rtept lat="46.394313" lon="13.743905">
      <name>206</name>
      <desc>Turn left onto 206</desc>
      <extensions>
        <distance>2447.9</distance>
        <duration>489.6</duration>
        <type>0</type>
        <step>10</step>
      </extensions>
    </rtept>
    <rtept lat="46.394179" lon="13.743967">
      <name>206</name>
      <desc>Turn left onto 206</desc>
      <extensions>
        <distance>2447.9</distance>
        <duration>489.6</duration>
        <type>0</type>
        <step>10</step>
      </extensions>
    </rtept>
    <rtept lat="46.394078" lon="13.744054">
      <name>206</name>
      <desc>Turn left onto 206</desc>
      <extensions>
        <distance>2447.9</distance>
        <duration>489.6</duration>
        <type>0</type>
        <step>10</step>
      </extensions>
    </rtept>
    <rtept lat="46.393996" lon="13.744157">
      <name>206</name>
      <desc>Turn left onto 206</desc>
      <extensions>
        <distance>2447.9</distance>
        <duration>489.6</duration>
        <type>0</type>
        <step>10</step>
      </extensions>
    </rtept>
    <rtept lat="46.393727" lon="13.744648">
      <name>206</name>
      <desc>Turn left onto 206</desc>
      <extensions>
        <distance>2447.9</distance>
        <duration>489.6</duration>
        <type>0</type>
        <step>10</step>
      </extensions>
    </rtept>
    <rtept lat="46.393613" lon="13.744814">
      <name>206</name>
      <desc>Turn left onto 206</desc>
      <extensions>
        <distance>2447.9</distance>
        <duration>489.6</duration>
        <type>0</type>
        <step>10</step>
      </extensions>
    </rtept>
    <rtept lat="46.393379" lon="13.74506">
      <name>206</name>
      <desc>Turn left onto 206</desc>
      <extensions>
        <distance>2447.9</distance>
        <duration>489.6</duration>
        <type>0</type>
        <step>10</step>
      </extensions>
    </rtept>
    <rtept lat="46.393027" lon="13.745328">
      <name>206</name>
      <desc>Turn left onto 206</desc>
      <extensions>
        <distance>2447.9</distance>
        <duration>489.6</duration>
        <type>0</type>
        <step>10</step>
      </extensions>
    </rtept>
    <rtept lat="46.392851" lon="13.745397">
      <name>206</name>
      <desc>Turn left onto 206</desc>
      <extensions>
        <distance>2447.9</distance>
        <duration>489.6</duration>
        <type>0</type>
        <step>10</step>
      </extensions>
    </rtept>
    <rtept lat="46.392668" lon="13.745388">
      <name>206</name>
      <desc>Turn left onto 206</desc>
      <extensions>
        <distance>2447.9</distance>
        <duration>489.6</duration>
        <type>0</type>
        <step>10</step>
      </extensions>
    </rtept>
    <rtept lat="46.391933" lon="13.745124">
      <name>206</name>
      <desc>Turn left onto 206</desc>
      <extensions>
        <distance>2447.9</distance>
        <duration>489.6</duration>
        <type>0</type>
        <step>10</step>
      </extensions>
    </rtept>
    <rtept lat="46.391722" lon="13.745099">
      <name>206</name>
      <desc>Turn left onto 206</desc>
      <extensions>
        <distance>2447.9</distance>
        <duration>489.6</duration>
        <type>0</type>
        <step>10</step>
      </extensions>
    </rtept>
    <rtept lat="46.391498" lon="13.74513">
      <name>206</name>
      <desc>Turn left onto 206</desc>
      <extensions>
        <distance>2447.9</distance>
        <duration>489.6</duration>
        <type>0</type>
        <step>10</step>
      </extensions>
    </rtept>
    <rtept lat="46.391281" lon="13.745229">
      <name>206</name>
      <desc>Turn left onto 206</desc>
      <extensions>
        <distance>2447.9</distance>
        <duration>489.6</duration>
        <type>0</type>
        <step>10</step>
      </extensions>
    </rtept>
    <rtept lat="46.391166" lon="13.745307">
      <name>206</name>
      <desc>Turn left onto 206</desc>
      <extensions>
        <distance>2447.9</distance>
        <duration>489.6</duration>
        <type>0</type>
        <step>10</step>
      </extensions>
    </rtept>
    <rtept lat="46.390728" lon="13.745745">
      <name>206</name>
      <desc>Turn left onto 206</desc>
      <extensions>
        <distance>2447.9</distance>
        <duration>489.6</duration>
        <type>0</type>
        <step>10</step>
      </extensions>
    </rtept>
    <rtept lat="46.39044" lon="13.745985">
      <name>206</name>
      <desc>Turn left onto 206</desc>
      <extensions>
        <distance>2447.9</distance>
        <duration>489.6</duration>
        <type>0</type>
        <step>10</step>
      </extensions>
    </rtept>
    <rtept lat="46.390154" lon="13.746193">
      <name>206</name>
      <desc>Turn left onto 206</desc>
      <extensions>
        <distance>2447.9</distance>
        <duration>489.6</duration>
        <type>0</type>
        <step>10</step>
      </extensions>
    </rtept>
    <rtept lat="46.389714" lon="13.746455">
      <name>206</name>
      <desc>Turn left onto 206</desc>
      <extensions>
        <distance>2447.9</distance>
        <duration>489.6</duration>
        <type>0</type>
        <step>10</step>
      </extensions>
    </rtept>
    <rtept lat="46.389552" lon="13.746591">
      <name>206</name>
      <desc>Turn left onto 206</desc>
      <extensions>
        <distance>2447.9</distance>
        <duration>489.6</duration>
        <type>0</type>
        <step>10</step>
      </extensions>
    </rtept>
    <rtept lat="46.389445" lon="13.746727">
      <name>206</name>
      <desc>Turn left onto 206</desc>
      <extensions>
        <distance>2447.9</distance>
        <duration>489.6</duration>
        <type>0</type>
        <step>10</step>
      </extensions>
    </rtept>
    <rtept lat="46.389363" lon="13.746876">
      <name>206</name>
      <desc>Turn left onto 206</desc>
      <extensions>
        <distance>2447.9</distance>
        <duration>489.6</duration>
        <type>0</type>
        <step>10</step>
      </extensions>
    </rtept>
    <rtept lat="46.38907" lon="13.747597">
      <name>206</name>
      <desc>Turn left onto 206</desc>
      <extensions>
        <distance>2447.9</distance>
        <duration>489.6</duration>
        <type>0</type>
        <step>10</step>
      </extensions>
    </rtept>
    <rtept lat="46.388792" lon="13.748205">
      <name>206</name>
      <desc>Turn left onto 206</desc>
      <extensions>
        <distance>2447.9</distance>
        <duration>489.6</duration>
        <type>0</type>
        <step>10</step>
      </extensions>
    </rtept>
    <rtept lat="46.388605" lon="13.748523">
      <name>206</name>
      <desc>Turn left onto 206</desc>
      <extensions>
        <distance>2447.9</distance>
        <duration>489.6</duration>
        <type>0</type>
        <step>10</step>
      </extensions>
    </rtept>
    <rtept lat="46.388408" lon="13.748808">
      <name>206</name>
      <desc>Turn left onto 206</desc>
      <extensions>
        <distance>2447.9</distance>
        <duration>489.6</duration>
        <type>0</type>
        <step>10</step>
      </extensions>
    </rtept>
    <rtept lat="46.388099" lon="13.749238">
      <name>206</name>
      <desc>Turn left onto 206</desc>
      <extensions>
        <distance>2447.9</distance>
        <duration>489.6</duration>
        <type>0</type>
        <step>10</step>
      </extensions>
    </rtept>
    <rtept lat="46.387688" lon="13.749903">
      <name>206</name>
      <desc>Turn left onto 206</desc>
      <extensions>
        <distance>2447.9</distance>
        <duration>489.6</duration>
        <type>0</type>
        <step>10</step>
      </extensions>
    </rtept>
    <rtept lat="46.387524" lon="13.750139">
      <name>206</name>
      <desc>Turn left onto 206</desc>
      <extensions>
        <distance>2447.9</distance>
        <duration>489.6</duration>
        <type>0</type>
        <step>10</step>
      </extensions>
    </rtept>
    <rtept lat="46.387368" lon="13.75026">
      <name>206</name>
      <desc>Turn left onto 206</desc>
      <extensions>
        <distance>2447.9</distance>
        <duration>489.6</duration>
        <type>0</type>
        <step>10</step>
      </extensions>
    </rtept>
    <rtept lat="46.387219" lon="13.750301">
      <name>206</name>
      <desc>Turn left onto 206</desc>
      <extensions>
        <distance>2447.9</distance>
        <duration>489.6</duration>
        <type>0</type>
        <step>10</step>
      </extensions>
    </rtept>
    <rtept lat="46.386818" lon="13.75027">
      <name>206</name>
      <desc>Turn left onto 206</desc>
      <extensions>
        <distance>2447.9</distance>
        <duration>489.6</duration>
        <type>0</type>
        <step>10</step>
      </extensions>
    </rtept>
    <rtept lat="46.386686" lon="13.75029">
      <name>206</name>
      <desc>Turn left onto 206</desc>
      <extensions>
        <distance>2447.9</distance>
        <duration>489.6</duration>
        <type>0</type>
        <step>10</step>
      </extensions>
    </rtept>
    <rtept lat="46.386553" lon="13.75035">
      <name>206</name>
      <desc>Turn left onto 206</desc>
      <extensions>
        <distance>2447.9</distance>
        <duration>489.6</duration>
        <type>0</type>
        <step>10</step>
      </extensions>
    </rtept>
    <rtept lat="46.38629" lon="13.750596">
      <name>206</name>
      <desc>Turn left onto 206</desc>
      <extensions>
        <distance>2447.9</distance>
        <duration>489.6</duration>
        <type>0</type>
        <step>10</step>
      </extensions>
    </rtept>
    <rtept lat="46.385752" lon="13.7513">
      <name>206</name>
      <desc>Turn left onto 206</desc>
      <extensions>
        <distance>2447.9</distance>
        <duration>489.6</duration>
        <type>0</type>
        <step>10</step>
      </extensions>
    </rtept>
    <rtept lat="46.385538" lon="13.751706">
      <name>206</name>
      <desc>Turn left onto 206</desc>
      <extensions>
        <distance>2447.9</distance>
        <duration>489.6</duration>
        <type>0</type>
        <step>10</step>
      </extensions>
    </rtept>
    <rtept lat="46.385379" lon="13.752075">
      <name>206</name>
      <desc>Turn left onto 206</desc>
      <extensions>
        <distance>2447.9</distance>
        <duration>489.6</duration>
        <type>0</type>
        <step>10</step>
      </extensions>
    </rtept>
    <rtept lat="46.385204" lon="13.752388">
      <name>206</name>
      <desc>Turn left onto 206</desc>
      <extensions>
        <distance>2447.9</distance>
        <duration>489.6</duration>
        <type>0</type>
        <step>10</step>
      </extensions>
    </rtept>
    <rtept lat="46.384976" lon="13.752628">
      <name>206</name>
      <desc>Turn left onto 206</desc>
      <extensions>
        <distance>2447.9</distance>
        <duration>489.6</duration>
        <type>0</type>
        <step>10</step>
      </extensions>
    </rtept>
    <rtept lat="46.384323" lon="13.753385">
      <name>206</name>
      <desc>Turn left onto 206</desc>
      <extensions>
        <distance>2447.9</distance>
        <duration>489.6</duration>
        <type>0</type>
        <step>10</step>
      </extensions>
    </rtept>
    <rtept lat="46.384223" lon="13.753569">
      <name>206</name>
      <desc>Turn left onto 206</desc>
      <extensions>
        <distance>2447.9</distance>
        <duration>489.6</duration>
        <type>0</type>
        <step>10</step>
      </extensions>
    </rtept>
    <rtept lat="46.384057" lon="13.75401">
      <name>206</name>
      <desc>Turn left onto 206</desc>
      <extensions>
        <distance>2447.9</distance>
        <duration>489.6</duration>
        <type>0</type>
        <step>10</step>
      </extensions>
    </rtept>
    <rtept lat="46.383816" lon="13.754996">
      <name>206</name>
      <desc>Turn left onto 206</desc>
      <extensions>
        <distance>2447.9</distance>
        <duration>489.6</duration>
        <type>0</type>
        <step>10</step>
      </extensions>
    </rtept>
    <rtept lat="46.383612" lon="13.755634">
      <name>206</name>
      <desc>Turn left onto 206</desc>
      <extensions>
        <distance>2447.9</distance>
        <duration>489.6</duration>
        <type>0</type>
        <step>10</step>
      </extensions>
    </rtept>
    <rtept lat="46.383434" lon="13.756318">
      <name>206</name>
      <desc>Turn left onto 206</desc>
      <extensions>
        <distance>2447.9</distance>
        <duration>489.6</duration>
        <type>0</type>
        <step>10</step>
      </extensions>
    </rtept>
    <rtept lat="46.383377" lon="13.756476">
      <name>206</name>
      <desc>Turn left onto 206</desc>
      <extensions>
        <distance>2447.9</distance>
        <duration>489.6</duration>
        <type>0</type>
        <step>10</step>
      </extensions>
    </rtept>
    <rtept lat="46.383311" lon="13.756597">
      <name>206</name>
      <desc>Turn left onto 206</desc>
      <extensions>
        <distance>2447.9</distance>
        <duration>489.6</duration>
        <type>0</type>
        <step>10</step>
      </extensions>
    </rtept>
    <rtept lat="46.383169" lon="13.756766">
      <name>206</name>
      <desc>Turn left onto 206</desc>
      <extensions>
        <distance>2447.9</distance>
        <duration>489.6</duration>
        <type>0</type>
        <step>10</step>
      </extensions>
    </rtept>
    <rtept lat="46.382903" lon="13.757008">
      <name/>
      <desc>Turn sharp right</desc>
      <extensions>
        <distance>18.0</distance>
        <duration>10.8</duration>
        <type>3</type>
        <step>11</step>
      </extensions>
    </rtept>
    <rtept lat="46.382907" lon="13.756774">
      <name/>
      <desc>Keep left</desc>
      <extensions>
        <distance>62.5</distance>
        <duration>32.7</duration>
        <type>12</type>
        <step>12</step>
      </extensions>
    </rtept>
    <rtept lat="46.382904" lon="13.756296">
      <name/>
      <desc>Keep left</desc>
      <extensions>
        <distance>62.5</distance>
        <duration>32.7</duration>
        <type>12</type>
        <step>12</step>
      </extensions>
    </rtept>
    <rtept lat="46.382925" lon="13.756175">
      <name/>
      <desc>Keep left</desc>
      <extensions>
        <distance>62.5</distance>
        <duration>32.7</duration>
        <type>12</type>
        <step>12</step>
      </extensions>
    </rtept>
    <rtept lat="46.382893" lon="13.756145">
      <name/>
      <desc>Keep left</desc>
      <extensions>
        <distance>62.5</distance>
        <duration>32.7</duration>
        <type>12</type>
        <step>12</step>
      </extensions>
    </rtept>
    <rtept lat="46.382806" lon="13.75612">
      <name/>
      <desc>Keep left</desc>
      <extensions>
        <distance>62.5</distance>
        <duration>32.7</duration>
        <type>12</type>
        <step>12</step>
      </extensions>
    </rtept>
    <rtept lat="46.382789" lon="13.756134">
      <name/>
      <desc>Turn right</desc>
      <extensions>
        <distance>75.1</distance>
        <duration>19.3</duration>
        <type>1</type>
        <step>13</step>
      </extensions>
    </rtept>
    <rtept lat="46.382693" lon="13.75578">
      <name/>
      <desc>Turn right</desc>
      <extensions>
        <distance>75.1</distance>
        <duration>19.3</duration>
        <type>1</type>
        <step>13</step>
      </extensions>
    </rtept>
    <rtept lat="46.382665" lon="13.75576">
      <name/>
      <desc>Turn right</desc>
      <extensions>
        <distance>75.1</distance>
        <duration>19.3</duration>
        <type>1</type>
        <step>13</step>
      </extensions>
    </rtept>
    <rtept lat="46.382298" lon="13.755912">
      <name>Trenta, 206</name>
      <desc>Turn right onto Trenta, 206</desc>
      <extensions>
        <distance>104.8</distance>
        <duration>21.0</duration>
        <type>1</type>
        <step>14</step>
      </extensions>
    </rtept>
    <rtept lat="46.382279" lon="13.755812">
      <name>Trenta, 206</name>
      <desc>Turn right onto Trenta, 206</desc>
      <extensions>
        <distance>104.8</distance>
        <duration>21.0</duration>
        <type>1</type>
        <step>14</step>
      </extensions>
    </rtept>
    <rtept lat="46.382046" lon="13.754596">
      <name/>
      <desc>Turn sharp right</desc>
      <extensions>
        <distance>15.2</distance>
        <duration>3.0</duration>
        <type>3</type>
        <step>15</step>
      </extensions>
    </rtept>
    <rtept lat="46.382152" lon="13.7546">
      <name/>
      <desc>Turn sharp right</desc>
      <extensions>
        <distance>15.2</distance>
        <duration>3.0</duration>
        <type>3</type>
        <step>15</step>
      </extensions>
    </rtept>
    <rtept lat="46.38218" lon="13.754581">
      <name/>
      <desc>Turn left</desc>
      <extensions>
        <distance>61.8</distance>
        <duration>13.9</duration>
        <type>0</type>
        <step>16</step>
      </extensions>
    </rtept>
    <rtept lat="46.3822" lon="13.754472">
      <name/>
      <desc>Turn left</desc>
      <extensions>
        <distance>61.8</distance>
        <duration>13.9</duration>
        <type>0</type>
        <step>16</step>
      </extensions>
    </rtept>
    <rtept lat="46.382151" lon="13.754213">
      <name/>
      <desc>Turn left</desc>
      <extensions>
        <distance>61.8</distance>
        <duration>13.9</duration>
        <type>0</type>
        <step>16</step>
      </extensions>
    </rtept>
    <rtept lat="46.382089" lon="13.754123">
      <name/>
      <desc>Turn left</desc>
      <extensions>
        <distance>61.8</distance>
        <duration>13.9</duration>
        <type>0</type>
        <step>16</step>
      </extensions>
    </rtept>
    <rtept lat="46.381891" lon="13.754047">
      <name>Trenta, 206</name>
      <desc>Turn slight right onto Trenta, 206</desc>
      <extensions>
        <distance>43.3</distance>
        <duration>8.7</duration>
        <type>5</type>
        <step>17</step>
      </extensions>
    </rtept>
    <rtept lat="46.381803" lon="13.753967">
      <name>Trenta, 206</name>
      <desc>Turn slight right onto Trenta, 206</desc>
      <extensions>
        <distance>43.3</distance>
        <duration>8.7</duration>
        <type>5</type>
        <step>17</step>
      </extensions>
    </rtept>
    <rtept lat="46.38153" lon="13.753844">
      <name/>
      <desc>Turn left</desc>
      <extensions>
        <distance>13.7</distance>
        <duration>3.5</duration>
        <type>0</type>
        <step>18</step>
      </extensions>
    </rtept>
    <rtept lat="46.381454" lon="13.753984">
      <name/>
      <desc>Turn sharp right</desc>
      <extensions>
        <distance>67.7</distance>
        <duration>15.5</duration>
        <type>3</type>
        <step>19</step>
      </extensions>
    </rtept>
    <rtept lat="46.381411" lon="13.7539">
      <name/>
      <desc>Turn sharp right</desc>
      <extensions>
        <distance>67.7</distance>
        <duration>15.5</duration>
        <type>3</type>
        <step>19</step>
      </extensions>
    </rtept>
    <rtept lat="46.381382" lon="13.753645">
      <name/>
      <desc>Turn sharp right</desc>
      <extensions>
        <distance>67.7</distance>
        <duration>15.5</duration>
        <type>3</type>
        <step>19</step>
      </extensions>
    </rtept>
    <rtept lat="46.381361" lon="13.753601">
      <name/>
      <desc>Turn sharp right</desc>
      <extensions>
        <distance>67.7</distance>
        <duration>15.5</duration>
        <type>3</type>
        <step>19</step>
      </extensions>
    </rtept>
    <rtept lat="46.38114" lon="13.753477">
      <name/>
      <desc>Turn sharp right</desc>
      <extensions>
        <distance>67.7</distance>
        <duration>15.5</duration>
        <type>3</type>
        <step>19</step>
      </extensions>
    </rtept>
    <rtept lat="46.381065" lon="13.753418">
      <name/>
      <desc>Turn right</desc>
      <extensions>
        <distance>135.3</distance>
        <duration>27.1</duration>
        <type>1</type>
        <step>20</step>
      </extensions>
    </rtept>
    <rtept lat="46.381076" lon="13.753375">
      <name/>
      <desc>Turn right</desc>
      <extensions>
        <distance>135.3</distance>
        <duration>27.1</duration>
        <type>1</type>
        <step>20</step>
      </extensions>
    </rtept>
    <rtept lat="46.381067" lon="13.753155">
      <name/>
      <desc>Turn right</desc>
      <extensions>
        <distance>135.3</distance>
        <duration>27.1</duration>
        <type>1</type>
        <step>20</step>
      </extensions>
    </rtept>
    <rtept lat="46.381083" lon="13.753092">
      <name/>
      <desc>Turn right</desc>
      <extensions>
        <distance>135.3</distance>
        <duration>27.1</duration>
        <type>1</type>
        <step>20</step>
      </extensions>
    </rtept>
    <rtept lat="46.381036" lon="13.752826">
      <name/>
      <desc>Turn right</desc>
      <extensions>
        <distance>135.3</distance>
        <duration>27.1</duration>
        <type>1</type>
        <step>20</step>
      </extensions>
    </rtept>
    <rtept lat="46.380919" lon="13.752596">
      <name/>
      <desc>Turn right</desc>
      <extensions>
        <distance>135.3</distance>
        <duration>27.1</duration>
        <type>1</type>
        <step>20</step>
      </extensions>
    </rtept>
    <rtept lat="46.380842" lon="13.752505">
      <name/>
      <desc>Turn right</desc>
      <extensions>
        <distance>135.3</distance>
        <duration>27.1</duration>
        <type>1</type>
        <step>20</step>
      </extensions>
    </rtept>
    <rtept lat="46.380748" lon="13.752159">
      <name/>
      <desc>Turn right</desc>
      <extensions>
        <distance>135.3</distance>
        <duration>27.1</duration>
        <type>1</type>
        <step>20</step>
      </extensions>
    </rtept>
    <rtept lat="46.38067" lon="13.751824">
      <name/>
      <desc>Turn sharp left</desc>
      <extensions>
        <distance>50.5</distance>
        <duration>30.3</duration>
        <type>2</type>
        <step>21</step>
      </extensions>
    </rtept>
    <rtept lat="46.380509" lon="13.75226">
      <name/>
      <desc>Turn sharp left</desc>
      <extensions>
        <distance>50.5</distance>
        <duration>30.3</duration>
        <type>2</type>
        <step>21</step>
      </extensions>
    </rtept>
    <rtept lat="46.380457" lon="13.752399">
      <name/>
      <desc>Turn sharp left</desc>
      <extensions>
        <distance>50.5</distance>
        <duration>30.3</duration>
        <type>2</type>
        <step>21</step>
      </extensions>
    </rtept>
    <rtept lat="46.380454" lon="13.752401">
      <name/>
      <desc>Arrive at your destination, on the left</desc>
      <extensions>
        <distance>0.0</distance>
        <duration>0.0</duration>
        <type>10</type>
        <step>22</step>
      </extensions>
    </rtept>
    <extensions>
      <distance>13851.3</distance>
      <duration>2992.2</duration>
      <ascent>0.0</ascent>
      <descent>0.0</descent>
      <avgspeed>16.7</avgspeed>
      <bounds maxlat="46.433112" maxlon="13.757008" minlat="46.380454" minlon="13.699699"/>
    </extensions>
  </rte>
  <extensions>
    <attribution>openrouteservice.org | OpenStreetMap contributors</attribution>
    <engine>9.8.0</engine>
    <build_date>2026-03-30T12:24:04Z</build_date>
    <graph_date>2026-04-28T05:37:06Z</graph_date>
    <osm_date>2026-04-20T00:00:00Z</osm_date>
    <profile>cycling-mountain</profile>
    <language>en</language>
    <distance-units>m</distance-units>
    <instructions>true</instructions>
    <elevation>false</elevation>
  </extensions>
</gpx>
