<?xml version="1.0" ?>
<gpx xmlns="https://raw.githubusercontent.com/GIScience/openrouteservice-schema/main/gpx/v2/ors-gpx.xsd" version="1.1" creator="openrouteservice">
  <metadata>
    <name>openrouteservice directions</name>
    <desc>This is a directions instructions file as GPX, generated from openrouteservice</desc>
    <author>
      <name>openrouteservice</name>
      <email id="support" domain="openrouteservice.heigit.org"/>
      <link href="https://openrouteservice.org/">
        <text>https://openrouteservice.org/</text>
        <type>text/html</type>
      </link>
    </author>
    <copyright author="openrouteservice.org | OpenStreetMap contributors">
      <year>2026</year>
      <license>LGPL 3.0</license>
    </copyright>
    <time>2026-05-13T14:28:48.296Z</time>
    <bounds maxlat="46.336436" maxlon="13.58086" minlat="46.244783" minlon="13.486109"/>
    <extensions>
      <system-message/>
    </extensions>
  </metadata>
  <rte>
    <rtept lat="46.336436" lon="13.551577">
      <name/>
      <desc>Head south</desc>
      <extensions>
        <distance>75.7</distance>
        <duration>45.4</duration>
        <type>11</type>
        <step>0</step>
      </extensions>
    </rtept>
    <rtept lat="46.336215" lon="13.551598">
      <name/>
      <desc>Head south</desc>
      <extensions>
        <distance>75.7</distance>
        <duration>45.4</duration>
        <type>11</type>
        <step>0</step>
      </extensions>
    </rtept>
    <rtept lat="46.336141" lon="13.551633">
      <name/>
      <desc>Head south</desc>
      <extensions>
        <distance>75.7</distance>
        <duration>45.4</duration>
        <type>11</type>
        <step>0</step>
      </extensions>
    </rtept>
    <rtept lat="46.336127" lon="13.551718">
      <name/>
      <desc>Head south</desc>
      <extensions>
        <distance>75.7</distance>
        <duration>45.4</duration>
        <type>11</type>
        <step>0</step>
      </extensions>
    </rtept>
    <rtept lat="46.336219" lon="13.552163">
      <name>Rupa</name>
      <desc>Turn right onto Rupa</desc>
      <extensions>
        <distance>275.1</distance>
        <duration>55.0</duration>
        <type>1</type>
        <step>1</step>
      </extensions>
    </rtept>
    <rtept lat="46.335316" lon="13.552613">
      <name>Rupa</name>
      <desc>Turn right onto Rupa</desc>
      <extensions>
        <distance>275.1</distance>
        <duration>55.0</duration>
        <type>1</type>
        <step>1</step>
      </extensions>
    </rtept>
    <rtept lat="46.335038" lon="13.552767">
      <name>Rupa</name>
      <desc>Turn right onto Rupa</desc>
      <extensions>
        <distance>275.1</distance>
        <duration>55.0</duration>
        <type>1</type>
        <step>1</step>
      </extensions>
    </rtept>
    <rtept lat="46.334922" lon="13.55285">
      <name>Rupa</name>
      <desc>Turn right onto Rupa</desc>
      <extensions>
        <distance>275.1</distance>
        <duration>55.0</duration>
        <type>1</type>
        <step>1</step>
      </extensions>
    </rtept>
    <rtept lat="46.334361" lon="13.553546">
      <name>Rupa</name>
      <desc>Turn right onto Rupa</desc>
      <extensions>
        <distance>275.1</distance>
        <duration>55.0</duration>
        <type>1</type>
        <step>1</step>
      </extensions>
    </rtept>
    <rtept lat="46.334261" lon="13.553664">
      <name>Rupa</name>
      <desc>Turn right onto Rupa</desc>
      <extensions>
        <distance>275.1</distance>
        <duration>55.0</duration>
        <type>1</type>
        <step>1</step>
      </extensions>
    </rtept>
    <rtept lat="46.334241" lon="13.553687">
      <name>Rupa</name>
      <desc>Turn right onto Rupa</desc>
      <extensions>
        <distance>275.1</distance>
        <duration>55.0</duration>
        <type>1</type>
        <step>1</step>
      </extensions>
    </rtept>
    <rtept lat="46.334085" lon="13.553865">
      <name/>
      <desc>Keep right</desc>
      <extensions>
        <distance>29.0</distance>
        <duration>5.8</duration>
        <type>13</type>
        <step>2</step>
      </extensions>
    </rtept>
    <rtept lat="46.334032" lon="13.553862">
      <name/>
      <desc>Keep right</desc>
      <extensions>
        <distance>29.0</distance>
        <duration>5.8</duration>
        <type>13</type>
        <step>2</step>
      </extensions>
    </rtept>
    <rtept lat="46.333953" lon="13.553932">
      <name/>
      <desc>Keep right</desc>
      <extensions>
        <distance>29.0</distance>
        <duration>5.8</duration>
        <type>13</type>
        <step>2</step>
      </extensions>
    </rtept>
    <rtept lat="46.333838" lon="13.553936">
      <name/>
      <desc>Turn left</desc>
      <extensions>
        <distance>7.4</distance>
        <duration>1.5</duration>
        <type>0</type>
        <step>3</step>
      </extensions>
    </rtept>
    <rtept lat="46.333838" lon="13.553999">
      <name/>
      <desc>Turn left</desc>
      <extensions>
        <distance>7.4</distance>
        <duration>1.5</duration>
        <type>0</type>
        <step>3</step>
      </extensions>
    </rtept>
    <rtept lat="46.333841" lon="13.554032">
      <name>Rupa</name>
      <desc>Turn sharp right onto Rupa</desc>
      <extensions>
        <distance>13.0</distance>
        <duration>2.6</duration>
        <type>3</type>
        <step>4</step>
      </extensions>
    </rtept>
    <rtept lat="46.333725" lon="13.554006">
      <name/>
      <desc>Enter the roundabout and take the 2nd exit</desc>
      <extensions>
        <distance>17.1</distance>
        <duration>3.4</duration>
        <type>7</type>
        <step>5</step>
      </extensions>
    </rtept>
    <rtept lat="46.333664" lon="13.55397">
      <name/>
      <desc>Enter the roundabout and take the 2nd exit</desc>
      <extensions>
        <distance>17.1</distance>
        <duration>3.4</duration>
        <type>7</type>
        <step>5</step>
      </extensions>
    </rtept>
    <rtept lat="46.333606" lon="13.553996">
      <name/>
      <desc>Enter the roundabout and take the 2nd exit</desc>
      <extensions>
        <distance>17.1</distance>
        <duration>3.4</duration>
        <type>7</type>
        <step>5</step>
      </extensions>
    </rtept>
    <rtept lat="46.333587" lon="13.554024">
      <name/>
      <desc>Continue straight</desc>
      <extensions>
        <distance>22.8</distance>
        <duration>4.6</duration>
        <type>6</type>
        <step>6</step>
      </extensions>
    </rtept>
    <rtept lat="46.333477" lon="13.554041">
      <name/>
      <desc>Continue straight</desc>
      <extensions>
        <distance>22.8</distance>
        <duration>4.6</duration>
        <type>6</type>
        <step>6</step>
      </extensions>
    </rtept>
    <rtept lat="46.333384" lon="13.554051">
      <name>Rupa</name>
      <desc>Continue straight onto Rupa</desc>
      <extensions>
        <distance>163.1</distance>
        <duration>32.6</duration>
        <type>6</type>
        <step>7</step>
      </extensions>
    </rtept>
    <rtept lat="46.333354" lon="13.554046">
      <name>Rupa</name>
      <desc>Continue straight onto Rupa</desc>
      <extensions>
        <distance>163.1</distance>
        <duration>32.6</duration>
        <type>6</type>
        <step>7</step>
      </extensions>
    </rtept>
    <rtept lat="46.333194" lon="13.554034">
      <name>Rupa</name>
      <desc>Continue straight onto Rupa</desc>
      <extensions>
        <distance>163.1</distance>
        <duration>32.6</duration>
        <type>6</type>
        <step>7</step>
      </extensions>
    </rtept>
    <rtept lat="46.332524" lon="13.554069">
      <name>Rupa</name>
      <desc>Continue straight onto Rupa</desc>
      <extensions>
        <distance>163.1</distance>
        <duration>32.6</duration>
        <type>6</type>
        <step>7</step>
      </extensions>
    </rtept>
    <rtept lat="46.331918" lon="13.554115">
      <name/>
      <desc>Turn left</desc>
      <extensions>
        <distance>196.1</distance>
        <duration>44.1</duration>
        <type>0</type>
        <step>8</step>
      </extensions>
    </rtept>
    <rtept lat="46.331904" lon="13.554197">
      <name/>
      <desc>Turn left</desc>
      <extensions>
        <distance>196.1</distance>
        <duration>44.1</duration>
        <type>0</type>
        <step>8</step>
      </extensions>
    </rtept>
    <rtept lat="46.331756" lon="13.554261">
      <name/>
      <desc>Turn left</desc>
      <extensions>
        <distance>196.1</distance>
        <duration>44.1</duration>
        <type>0</type>
        <step>8</step>
      </extensions>
    </rtept>
    <rtept lat="46.331671" lon="13.554361">
      <name/>
      <desc>Turn left</desc>
      <extensions>
        <distance>196.1</distance>
        <duration>44.1</duration>
        <type>0</type>
        <step>8</step>
      </extensions>
    </rtept>
    <rtept lat="46.331557" lon="13.554384">
      <name/>
      <desc>Turn left</desc>
      <extensions>
        <distance>196.1</distance>
        <duration>44.1</duration>
        <type>0</type>
        <step>8</step>
      </extensions>
    </rtept>
    <rtept lat="46.331419" lon="13.554453">
      <name/>
      <desc>Turn left</desc>
      <extensions>
        <distance>196.1</distance>
        <duration>44.1</duration>
        <type>0</type>
        <step>8</step>
      </extensions>
    </rtept>
    <rtept lat="46.331334" lon="13.554557">
      <name/>
      <desc>Turn left</desc>
      <extensions>
        <distance>196.1</distance>
        <duration>44.1</duration>
        <type>0</type>
        <step>8</step>
      </extensions>
    </rtept>
    <rtept lat="46.331104" lon="13.554704">
      <name/>
      <desc>Turn left</desc>
      <extensions>
        <distance>196.1</distance>
        <duration>44.1</duration>
        <type>0</type>
        <step>8</step>
      </extensions>
    </rtept>
    <rtept lat="46.330894" lon="13.554894">
      <name/>
      <desc>Turn left</desc>
      <extensions>
        <distance>196.1</distance>
        <duration>44.1</duration>
        <type>0</type>
        <step>8</step>
      </extensions>
    </rtept>
    <rtept lat="46.33046" lon="13.555184">
      <name/>
      <desc>Turn left</desc>
      <extensions>
        <distance>196.1</distance>
        <duration>44.1</duration>
        <type>0</type>
        <step>8</step>
      </extensions>
    </rtept>
    <rtept lat="46.330372" lon="13.555225">
      <name/>
      <desc>Keep left</desc>
      <extensions>
        <distance>16.9</distance>
        <duration>3.8</duration>
        <type>12</type>
        <step>9</step>
      </extensions>
    </rtept>
    <rtept lat="46.330224" lon="13.555274">
      <name/>
      <desc>Keep left</desc>
      <extensions>
        <distance>270.5</distance>
        <duration>60.9</duration>
        <type>12</type>
        <step>10</step>
      </extensions>
    </rtept>
    <rtept lat="46.329779" lon="13.555382">
      <name/>
      <desc>Keep left</desc>
      <extensions>
        <distance>270.5</distance>
        <duration>60.9</duration>
        <type>12</type>
        <step>10</step>
      </extensions>
    </rtept>
    <rtept lat="46.329617" lon="13.55539">
      <name/>
      <desc>Keep left</desc>
      <extensions>
        <distance>270.5</distance>
        <duration>60.9</duration>
        <type>12</type>
        <step>10</step>
      </extensions>
    </rtept>
    <rtept lat="46.329516" lon="13.555306">
      <name/>
      <desc>Keep left</desc>
      <extensions>
        <distance>270.5</distance>
        <duration>60.9</duration>
        <type>12</type>
        <step>10</step>
      </extensions>
    </rtept>
    <rtept lat="46.329352" lon="13.555312">
      <name/>
      <desc>Keep left</desc>
      <extensions>
        <distance>270.5</distance>
        <duration>60.9</duration>
        <type>12</type>
        <step>10</step>
      </extensions>
    </rtept>
    <rtept lat="46.329064" lon="13.555265">
      <name/>
      <desc>Keep left</desc>
      <extensions>
        <distance>270.5</distance>
        <duration>60.9</duration>
        <type>12</type>
        <step>10</step>
      </extensions>
    </rtept>
    <rtept lat="46.328646" lon="13.555063">
      <name/>
      <desc>Keep left</desc>
      <extensions>
        <distance>270.5</distance>
        <duration>60.9</duration>
        <type>12</type>
        <step>10</step>
      </extensions>
    </rtept>
    <rtept lat="46.328419" lon="13.555103">
      <name/>
      <desc>Keep left</desc>
      <extensions>
        <distance>270.5</distance>
        <duration>60.9</duration>
        <type>12</type>
        <step>10</step>
      </extensions>
    </rtept>
    <rtept lat="46.328072" lon="13.555083">
      <name/>
      <desc>Keep left</desc>
      <extensions>
        <distance>270.5</distance>
        <duration>60.9</duration>
        <type>12</type>
        <step>10</step>
      </extensions>
    </rtept>
    <rtept lat="46.328003" lon="13.555107">
      <name/>
      <desc>Keep left</desc>
      <extensions>
        <distance>270.5</distance>
        <duration>60.9</duration>
        <type>12</type>
        <step>10</step>
      </extensions>
    </rtept>
    <rtept lat="46.327958" lon="13.555174">
      <name/>
      <desc>Keep left</desc>
      <extensions>
        <distance>270.5</distance>
        <duration>60.9</duration>
        <type>12</type>
        <step>10</step>
      </extensions>
    </rtept>
    <rtept lat="46.327865" lon="13.555217">
      <name/>
      <desc>Turn sharp right</desc>
      <extensions>
        <distance>332.5</distance>
        <duration>66.5</duration>
        <type>3</type>
        <step>11</step>
      </extensions>
    </rtept>
    <rtept lat="46.327872" lon="13.555089">
      <name/>
      <desc>Turn sharp right</desc>
      <extensions>
        <distance>332.5</distance>
        <duration>66.5</duration>
        <type>3</type>
        <step>11</step>
      </extensions>
    </rtept>
    <rtept lat="46.32785" lon="13.554977">
      <name/>
      <desc>Turn sharp right</desc>
      <extensions>
        <distance>332.5</distance>
        <duration>66.5</duration>
        <type>3</type>
        <step>11</step>
      </extensions>
    </rtept>
    <rtept lat="46.327809" lon="13.554867">
      <name/>
      <desc>Turn sharp right</desc>
      <extensions>
        <distance>332.5</distance>
        <duration>66.5</duration>
        <type>3</type>
        <step>11</step>
      </extensions>
    </rtept>
    <rtept lat="46.327742" lon="13.554775">
      <name/>
      <desc>Turn sharp right</desc>
      <extensions>
        <distance>332.5</distance>
        <duration>66.5</duration>
        <type>3</type>
        <step>11</step>
      </extensions>
    </rtept>
    <rtept lat="46.327543" lon="13.554607">
      <name/>
      <desc>Turn sharp right</desc>
      <extensions>
        <distance>332.5</distance>
        <duration>66.5</duration>
        <type>3</type>
        <step>11</step>
      </extensions>
    </rtept>
    <rtept lat="46.327268" lon="13.554504">
      <name/>
      <desc>Turn sharp right</desc>
      <extensions>
        <distance>332.5</distance>
        <duration>66.5</duration>
        <type>3</type>
        <step>11</step>
      </extensions>
    </rtept>
    <rtept lat="46.327087" lon="13.554398">
      <name/>
      <desc>Turn sharp right</desc>
      <extensions>
        <distance>332.5</distance>
        <duration>66.5</duration>
        <type>3</type>
        <step>11</step>
      </extensions>
    </rtept>
    <rtept lat="46.326911" lon="13.554247">
      <name/>
      <desc>Turn sharp right</desc>
      <extensions>
        <distance>332.5</distance>
        <duration>66.5</duration>
        <type>3</type>
        <step>11</step>
      </extensions>
    </rtept>
    <rtept lat="46.326668" lon="13.553938">
      <name/>
      <desc>Turn sharp right</desc>
      <extensions>
        <distance>332.5</distance>
        <duration>66.5</duration>
        <type>3</type>
        <step>11</step>
      </extensions>
    </rtept>
    <rtept lat="46.326597" lon="13.553898">
      <name/>
      <desc>Turn sharp right</desc>
      <extensions>
        <distance>332.5</distance>
        <duration>66.5</duration>
        <type>3</type>
        <step>11</step>
      </extensions>
    </rtept>
    <rtept lat="46.326499" lon="13.553889">
      <name/>
      <desc>Turn sharp right</desc>
      <extensions>
        <distance>332.5</distance>
        <duration>66.5</duration>
        <type>3</type>
        <step>11</step>
      </extensions>
    </rtept>
    <rtept lat="46.326418" lon="13.553892">
      <name/>
      <desc>Turn sharp right</desc>
      <extensions>
        <distance>332.5</distance>
        <duration>66.5</duration>
        <type>3</type>
        <step>11</step>
      </extensions>
    </rtept>
    <rtept lat="46.326209" lon="13.553956">
      <name/>
      <desc>Turn sharp right</desc>
      <extensions>
        <distance>332.5</distance>
        <duration>66.5</duration>
        <type>3</type>
        <step>11</step>
      </extensions>
    </rtept>
    <rtept lat="46.326028" lon="13.553958">
      <name/>
      <desc>Turn sharp right</desc>
      <extensions>
        <distance>332.5</distance>
        <duration>66.5</duration>
        <type>3</type>
        <step>11</step>
      </extensions>
    </rtept>
    <rtept lat="46.325826" lon="13.553874">
      <name/>
      <desc>Turn sharp right</desc>
      <extensions>
        <distance>332.5</distance>
        <duration>66.5</duration>
        <type>3</type>
        <step>11</step>
      </extensions>
    </rtept>
    <rtept lat="46.325548" lon="13.55367">
      <name/>
      <desc>Turn sharp right</desc>
      <extensions>
        <distance>332.5</distance>
        <duration>66.5</duration>
        <type>3</type>
        <step>11</step>
      </extensions>
    </rtept>
    <rtept lat="46.325508" lon="13.553647">
      <name/>
      <desc>Turn sharp right</desc>
      <extensions>
        <distance>332.5</distance>
        <duration>66.5</duration>
        <type>3</type>
        <step>11</step>
      </extensions>
    </rtept>
    <rtept lat="46.325437" lon="13.553562">
      <name/>
      <desc>Turn sharp right</desc>
      <extensions>
        <distance>332.5</distance>
        <duration>66.5</duration>
        <type>3</type>
        <step>11</step>
      </extensions>
    </rtept>
    <rtept lat="46.325341" lon="13.553535">
      <name/>
      <desc>Turn slight right</desc>
      <extensions>
        <distance>550.7</distance>
        <duration>119.7</duration>
        <type>5</type>
        <step>12</step>
      </extensions>
    </rtept>
    <rtept lat="46.325301" lon="13.553497">
      <name/>
      <desc>Turn slight right</desc>
      <extensions>
        <distance>550.7</distance>
        <duration>119.7</duration>
        <type>5</type>
        <step>12</step>
      </extensions>
    </rtept>
    <rtept lat="46.32524" lon="13.553462">
      <name/>
      <desc>Turn slight right</desc>
      <extensions>
        <distance>550.7</distance>
        <duration>119.7</duration>
        <type>5</type>
        <step>12</step>
      </extensions>
    </rtept>
    <rtept lat="46.3252" lon="13.553457">
      <name/>
      <desc>Turn slight right</desc>
      <extensions>
        <distance>550.7</distance>
        <duration>119.7</duration>
        <type>5</type>
        <step>12</step>
      </extensions>
    </rtept>
    <rtept lat="46.324614" lon="13.553516">
      <name/>
      <desc>Turn slight right</desc>
      <extensions>
        <distance>550.7</distance>
        <duration>119.7</duration>
        <type>5</type>
        <step>12</step>
      </extensions>
    </rtept>
    <rtept lat="46.324599" lon="13.553518">
      <name/>
      <desc>Turn slight right</desc>
      <extensions>
        <distance>550.7</distance>
        <duration>119.7</duration>
        <type>5</type>
        <step>12</step>
      </extensions>
    </rtept>
    <rtept lat="46.32447" lon="13.553539">
      <name/>
      <desc>Turn slight right</desc>
      <extensions>
        <distance>550.7</distance>
        <duration>119.7</duration>
        <type>5</type>
        <step>12</step>
      </extensions>
    </rtept>
    <rtept lat="46.324309" lon="13.553467">
      <name/>
      <desc>Turn slight right</desc>
      <extensions>
        <distance>550.7</distance>
        <duration>119.7</duration>
        <type>5</type>
        <step>12</step>
      </extensions>
    </rtept>
    <rtept lat="46.324204" lon="13.553307">
      <name/>
      <desc>Turn slight right</desc>
      <extensions>
        <distance>550.7</distance>
        <duration>119.7</duration>
        <type>5</type>
        <step>12</step>
      </extensions>
    </rtept>
    <rtept lat="46.324142" lon="13.553181">
      <name/>
      <desc>Turn slight right</desc>
      <extensions>
        <distance>550.7</distance>
        <duration>119.7</duration>
        <type>5</type>
        <step>12</step>
      </extensions>
    </rtept>
    <rtept lat="46.324045" lon="13.552908">
      <name/>
      <desc>Turn slight right</desc>
      <extensions>
        <distance>550.7</distance>
        <duration>119.7</duration>
        <type>5</type>
        <step>12</step>
      </extensions>
    </rtept>
    <rtept lat="46.32395" lon="13.552686">
      <name/>
      <desc>Turn slight right</desc>
      <extensions>
        <distance>550.7</distance>
        <duration>119.7</duration>
        <type>5</type>
        <step>12</step>
      </extensions>
    </rtept>
    <rtept lat="46.323868" lon="13.552537">
      <name/>
      <desc>Turn slight right</desc>
      <extensions>
        <distance>550.7</distance>
        <duration>119.7</duration>
        <type>5</type>
        <step>12</step>
      </extensions>
    </rtept>
    <rtept lat="46.323788" lon="13.552423">
      <name/>
      <desc>Turn slight right</desc>
      <extensions>
        <distance>550.7</distance>
        <duration>119.7</duration>
        <type>5</type>
        <step>12</step>
      </extensions>
    </rtept>
    <rtept lat="46.323695" lon="13.552331">
      <name/>
      <desc>Turn slight right</desc>
      <extensions>
        <distance>550.7</distance>
        <duration>119.7</duration>
        <type>5</type>
        <step>12</step>
      </extensions>
    </rtept>
    <rtept lat="46.323407" lon="13.552128">
      <name/>
      <desc>Turn slight right</desc>
      <extensions>
        <distance>550.7</distance>
        <duration>119.7</duration>
        <type>5</type>
        <step>12</step>
      </extensions>
    </rtept>
    <rtept lat="46.32301" lon="13.552009">
      <name/>
      <desc>Turn slight right</desc>
      <extensions>
        <distance>550.7</distance>
        <duration>119.7</duration>
        <type>5</type>
        <step>12</step>
      </extensions>
    </rtept>
    <rtept lat="46.322674" lon="13.551783">
      <name/>
      <desc>Turn slight right</desc>
      <extensions>
        <distance>550.7</distance>
        <duration>119.7</duration>
        <type>5</type>
        <step>12</step>
      </extensions>
    </rtept>
    <rtept lat="46.322507" lon="13.551578">
      <name/>
      <desc>Turn slight right</desc>
      <extensions>
        <distance>550.7</distance>
        <duration>119.7</duration>
        <type>5</type>
        <step>12</step>
      </extensions>
    </rtept>
    <rtept lat="46.322363" lon="13.551325">
      <name/>
      <desc>Turn slight right</desc>
      <extensions>
        <distance>550.7</distance>
        <duration>119.7</duration>
        <type>5</type>
        <step>12</step>
      </extensions>
    </rtept>
    <rtept lat="46.322134" lon="13.550995">
      <name/>
      <desc>Turn slight right</desc>
      <extensions>
        <distance>550.7</distance>
        <duration>119.7</duration>
        <type>5</type>
        <step>12</step>
      </extensions>
    </rtept>
    <rtept lat="46.321664" lon="13.55022">
      <name/>
      <desc>Turn slight right</desc>
      <extensions>
        <distance>550.7</distance>
        <duration>119.7</duration>
        <type>5</type>
        <step>12</step>
      </extensions>
    </rtept>
    <rtept lat="46.321541" lon="13.550065">
      <name/>
      <desc>Turn slight right</desc>
      <extensions>
        <distance>550.7</distance>
        <duration>119.7</duration>
        <type>5</type>
        <step>12</step>
      </extensions>
    </rtept>
    <rtept lat="46.321414" lon="13.549949">
      <name>Čezsoča</name>
      <desc>Keep right onto Čezsoča</desc>
      <extensions>
        <distance>39.8</distance>
        <duration>9.0</duration>
        <type>13</type>
        <step>13</step>
      </extensions>
    </rtept>
    <rtept lat="46.321318" lon="13.54945">
      <name/>
      <desc>Keep right</desc>
      <extensions>
        <distance>254.9</distance>
        <duration>57.3</duration>
        <type>13</type>
        <step>14</step>
      </extensions>
    </rtept>
    <rtept lat="46.321184" lon="13.548931">
      <name/>
      <desc>Keep right</desc>
      <extensions>
        <distance>254.9</distance>
        <duration>57.3</duration>
        <type>13</type>
        <step>14</step>
      </extensions>
    </rtept>
    <rtept lat="46.320774" lon="13.547936">
      <name/>
      <desc>Keep right</desc>
      <extensions>
        <distance>254.9</distance>
        <duration>57.3</duration>
        <type>13</type>
        <step>14</step>
      </extensions>
    </rtept>
    <rtept lat="46.320746" lon="13.547802">
      <name/>
      <desc>Keep right</desc>
      <extensions>
        <distance>254.9</distance>
        <duration>57.3</duration>
        <type>13</type>
        <step>14</step>
      </extensions>
    </rtept>
    <rtept lat="46.320714" lon="13.547317">
      <name/>
      <desc>Keep right</desc>
      <extensions>
        <distance>254.9</distance>
        <duration>57.3</duration>
        <type>13</type>
        <step>14</step>
      </extensions>
    </rtept>
    <rtept lat="46.320673" lon="13.547146">
      <name/>
      <desc>Keep right</desc>
      <extensions>
        <distance>254.9</distance>
        <duration>57.3</duration>
        <type>13</type>
        <step>14</step>
      </extensions>
    </rtept>
    <rtept lat="46.320588" lon="13.546948">
      <name/>
      <desc>Keep right</desc>
      <extensions>
        <distance>254.9</distance>
        <duration>57.3</duration>
        <type>13</type>
        <step>14</step>
      </extensions>
    </rtept>
    <rtept lat="46.320481" lon="13.546839">
      <name/>
      <desc>Keep right</desc>
      <extensions>
        <distance>254.9</distance>
        <duration>57.3</duration>
        <type>13</type>
        <step>14</step>
      </extensions>
    </rtept>
    <rtept lat="46.320385" lon="13.546813">
      <name/>
      <desc>Keep right</desc>
      <extensions>
        <distance>254.9</distance>
        <duration>57.3</duration>
        <type>13</type>
        <step>14</step>
      </extensions>
    </rtept>
    <rtept lat="46.32024" lon="13.546915">
      <name/>
      <desc>Turn right</desc>
      <extensions>
        <distance>134.0</distance>
        <duration>30.1</duration>
        <type>1</type>
        <step>15</step>
      </extensions>
    </rtept>
    <rtept lat="46.320203" lon="13.546791">
      <name/>
      <desc>Turn right</desc>
      <extensions>
        <distance>134.0</distance>
        <duration>30.1</duration>
        <type>1</type>
        <step>15</step>
      </extensions>
    </rtept>
    <rtept lat="46.320064" lon="13.546453">
      <name/>
      <desc>Turn right</desc>
      <extensions>
        <distance>134.0</distance>
        <duration>30.1</duration>
        <type>1</type>
        <step>15</step>
      </extensions>
    </rtept>
    <rtept lat="46.319873" lon="13.5461">
      <name/>
      <desc>Turn right</desc>
      <extensions>
        <distance>134.0</distance>
        <duration>30.1</duration>
        <type>1</type>
        <step>15</step>
      </extensions>
    </rtept>
    <rtept lat="46.319678" lon="13.545704">
      <name/>
      <desc>Turn right</desc>
      <extensions>
        <distance>134.0</distance>
        <duration>30.1</duration>
        <type>1</type>
        <step>15</step>
      </extensions>
    </rtept>
    <rtept lat="46.319626" lon="13.545691">
      <name/>
      <desc>Turn right</desc>
      <extensions>
        <distance>134.0</distance>
        <duration>30.1</duration>
        <type>1</type>
        <step>15</step>
      </extensions>
    </rtept>
    <rtept lat="46.319486" lon="13.545723">
      <name>Čezsoča</name>
      <desc>Turn right onto Čezsoča</desc>
      <extensions>
        <distance>279.4</distance>
        <duration>55.9</duration>
        <type>1</type>
        <step>16</step>
      </extensions>
    </rtept>
    <rtept lat="46.319466" lon="13.545298">
      <name>Čezsoča</name>
      <desc>Turn right onto Čezsoča</desc>
      <extensions>
        <distance>279.4</distance>
        <duration>55.9</duration>
        <type>1</type>
        <step>16</step>
      </extensions>
    </rtept>
    <rtept lat="46.319404" lon="13.544996">
      <name>Čezsoča</name>
      <desc>Turn right onto Čezsoča</desc>
      <extensions>
        <distance>279.4</distance>
        <duration>55.9</duration>
        <type>1</type>
        <step>16</step>
      </extensions>
    </rtept>
    <rtept lat="46.319355" lon="13.544835">
      <name>Čezsoča</name>
      <desc>Turn right onto Čezsoča</desc>
      <extensions>
        <distance>279.4</distance>
        <duration>55.9</duration>
        <type>1</type>
        <step>16</step>
      </extensions>
    </rtept>
    <rtept lat="46.318853" lon="13.543654">
      <name>Čezsoča</name>
      <desc>Turn right onto Čezsoča</desc>
      <extensions>
        <distance>279.4</distance>
        <duration>55.9</duration>
        <type>1</type>
        <step>16</step>
      </extensions>
    </rtept>
    <rtept lat="46.318816" lon="13.543536">
      <name>Čezsoča</name>
      <desc>Turn right onto Čezsoča</desc>
      <extensions>
        <distance>279.4</distance>
        <duration>55.9</duration>
        <type>1</type>
        <step>16</step>
      </extensions>
    </rtept>
    <rtept lat="46.318798" lon="13.543416">
      <name>Čezsoča</name>
      <desc>Turn right onto Čezsoča</desc>
      <extensions>
        <distance>279.4</distance>
        <duration>55.9</duration>
        <type>1</type>
        <step>16</step>
      </extensions>
    </rtept>
    <rtept lat="46.318791" lon="13.543183">
      <name>Čezsoča</name>
      <desc>Turn right onto Čezsoča</desc>
      <extensions>
        <distance>279.4</distance>
        <duration>55.9</duration>
        <type>1</type>
        <step>16</step>
      </extensions>
    </rtept>
    <rtept lat="46.318816" lon="13.542797">
      <name>Čezsoča</name>
      <desc>Turn right onto Čezsoča</desc>
      <extensions>
        <distance>279.4</distance>
        <duration>55.9</duration>
        <type>1</type>
        <step>16</step>
      </extensions>
    </rtept>
    <rtept lat="46.318888" lon="13.542347">
      <name>Čezsoča</name>
      <desc>Keep right onto Čezsoča</desc>
      <extensions>
        <distance>4518.8</distance>
        <duration>905.3</duration>
        <type>13</type>
        <step>17</step>
      </extensions>
    </rtept>
    <rtept lat="46.319001" lon="13.542046">
      <name>Čezsoča</name>
      <desc>Keep right onto Čezsoča</desc>
      <extensions>
        <distance>4518.8</distance>
        <duration>905.3</duration>
        <type>13</type>
        <step>17</step>
      </extensions>
    </rtept>
    <rtept lat="46.319046" lon="13.541763">
      <name>Čezsoča</name>
      <desc>Keep right onto Čezsoča</desc>
      <extensions>
        <distance>4518.8</distance>
        <duration>905.3</duration>
        <type>13</type>
        <step>17</step>
      </extensions>
    </rtept>
    <rtept lat="46.319066" lon="13.541521">
      <name>Čezsoča</name>
      <desc>Keep right onto Čezsoča</desc>
      <extensions>
        <distance>4518.8</distance>
        <duration>905.3</duration>
        <type>13</type>
        <step>17</step>
      </extensions>
    </rtept>
    <rtept lat="46.319053" lon="13.541349">
      <name>Čezsoča</name>
      <desc>Keep right onto Čezsoča</desc>
      <extensions>
        <distance>4518.8</distance>
        <duration>905.3</duration>
        <type>13</type>
        <step>17</step>
      </extensions>
    </rtept>
    <rtept lat="46.319026" lon="13.541178">
      <name>Čezsoča</name>
      <desc>Keep right onto Čezsoča</desc>
      <extensions>
        <distance>4518.8</distance>
        <duration>905.3</duration>
        <type>13</type>
        <step>17</step>
      </extensions>
    </rtept>
    <rtept lat="46.318963" lon="13.540938">
      <name>Čezsoča</name>
      <desc>Keep right onto Čezsoča</desc>
      <extensions>
        <distance>4518.8</distance>
        <duration>905.3</duration>
        <type>13</type>
        <step>17</step>
      </extensions>
    </rtept>
    <rtept lat="46.3189" lon="13.540758">
      <name>Čezsoča</name>
      <desc>Keep right onto Čezsoča</desc>
      <extensions>
        <distance>4518.8</distance>
        <duration>905.3</duration>
        <type>13</type>
        <step>17</step>
      </extensions>
    </rtept>
    <rtept lat="46.31887" lon="13.540575">
      <name>Čezsoča</name>
      <desc>Keep right onto Čezsoča</desc>
      <extensions>
        <distance>4518.8</distance>
        <duration>905.3</duration>
        <type>13</type>
        <step>17</step>
      </extensions>
    </rtept>
    <rtept lat="46.318874" lon="13.540272">
      <name>Čezsoča</name>
      <desc>Keep right onto Čezsoča</desc>
      <extensions>
        <distance>4518.8</distance>
        <duration>905.3</duration>
        <type>13</type>
        <step>17</step>
      </extensions>
    </rtept>
    <rtept lat="46.318794" lon="13.539777">
      <name>Čezsoča</name>
      <desc>Keep right onto Čezsoča</desc>
      <extensions>
        <distance>4518.8</distance>
        <duration>905.3</duration>
        <type>13</type>
        <step>17</step>
      </extensions>
    </rtept>
    <rtept lat="46.318798" lon="13.539106">
      <name>Čezsoča</name>
      <desc>Keep right onto Čezsoča</desc>
      <extensions>
        <distance>4518.8</distance>
        <duration>905.3</duration>
        <type>13</type>
        <step>17</step>
      </extensions>
    </rtept>
    <rtept lat="46.31883" lon="13.538654">
      <name>Čezsoča</name>
      <desc>Keep right onto Čezsoča</desc>
      <extensions>
        <distance>4518.8</distance>
        <duration>905.3</duration>
        <type>13</type>
        <step>17</step>
      </extensions>
    </rtept>
    <rtept lat="46.318898" lon="13.538562">
      <name>Čezsoča</name>
      <desc>Keep right onto Čezsoča</desc>
      <extensions>
        <distance>4518.8</distance>
        <duration>905.3</duration>
        <type>13</type>
        <step>17</step>
      </extensions>
    </rtept>
    <rtept lat="46.319082" lon="13.538409">
      <name>Čezsoča</name>
      <desc>Keep right onto Čezsoča</desc>
      <extensions>
        <distance>4518.8</distance>
        <duration>905.3</duration>
        <type>13</type>
        <step>17</step>
      </extensions>
    </rtept>
    <rtept lat="46.319193" lon="13.538303">
      <name>Čezsoča</name>
      <desc>Keep right onto Čezsoča</desc>
      <extensions>
        <distance>4518.8</distance>
        <duration>905.3</duration>
        <type>13</type>
        <step>17</step>
      </extensions>
    </rtept>
    <rtept lat="46.319271" lon="13.53816">
      <name>Čezsoča</name>
      <desc>Keep right onto Čezsoča</desc>
      <extensions>
        <distance>4518.8</distance>
        <duration>905.3</duration>
        <type>13</type>
        <step>17</step>
      </extensions>
    </rtept>
    <rtept lat="46.319271" lon="13.538062">
      <name>Čezsoča</name>
      <desc>Keep right onto Čezsoča</desc>
      <extensions>
        <distance>4518.8</distance>
        <duration>905.3</duration>
        <type>13</type>
        <step>17</step>
      </extensions>
    </rtept>
    <rtept lat="46.319239" lon="13.537881">
      <name>Čezsoča</name>
      <desc>Keep right onto Čezsoča</desc>
      <extensions>
        <distance>4518.8</distance>
        <duration>905.3</duration>
        <type>13</type>
        <step>17</step>
      </extensions>
    </rtept>
    <rtept lat="46.31908" lon="13.537343">
      <name>Čezsoča</name>
      <desc>Keep right onto Čezsoča</desc>
      <extensions>
        <distance>4518.8</distance>
        <duration>905.3</duration>
        <type>13</type>
        <step>17</step>
      </extensions>
    </rtept>
    <rtept lat="46.31901" lon="13.536845">
      <name>Čezsoča</name>
      <desc>Keep right onto Čezsoča</desc>
      <extensions>
        <distance>4518.8</distance>
        <duration>905.3</duration>
        <type>13</type>
        <step>17</step>
      </extensions>
    </rtept>
    <rtept lat="46.318943" lon="13.536574">
      <name>Čezsoča</name>
      <desc>Keep right onto Čezsoča</desc>
      <extensions>
        <distance>4518.8</distance>
        <duration>905.3</duration>
        <type>13</type>
        <step>17</step>
      </extensions>
    </rtept>
    <rtept lat="46.318865" lon="13.536356">
      <name>Čezsoča</name>
      <desc>Keep right onto Čezsoča</desc>
      <extensions>
        <distance>4518.8</distance>
        <duration>905.3</duration>
        <type>13</type>
        <step>17</step>
      </extensions>
    </rtept>
    <rtept lat="46.31878" lon="13.5362">
      <name>Čezsoča</name>
      <desc>Keep right onto Čezsoča</desc>
      <extensions>
        <distance>4518.8</distance>
        <duration>905.3</duration>
        <type>13</type>
        <step>17</step>
      </extensions>
    </rtept>
    <rtept lat="46.318708" lon="13.535924">
      <name>Čezsoča</name>
      <desc>Keep right onto Čezsoča</desc>
      <extensions>
        <distance>4518.8</distance>
        <duration>905.3</duration>
        <type>13</type>
        <step>17</step>
      </extensions>
    </rtept>
    <rtept lat="46.318537" lon="13.534336">
      <name>Čezsoča</name>
      <desc>Keep right onto Čezsoča</desc>
      <extensions>
        <distance>4518.8</distance>
        <duration>905.3</duration>
        <type>13</type>
        <step>17</step>
      </extensions>
    </rtept>
    <rtept lat="46.318507" lon="13.533945">
      <name>Čezsoča</name>
      <desc>Keep right onto Čezsoča</desc>
      <extensions>
        <distance>4518.8</distance>
        <duration>905.3</duration>
        <type>13</type>
        <step>17</step>
      </extensions>
    </rtept>
    <rtept lat="46.31847" lon="13.533704">
      <name>Čezsoča</name>
      <desc>Keep right onto Čezsoča</desc>
      <extensions>
        <distance>4518.8</distance>
        <duration>905.3</duration>
        <type>13</type>
        <step>17</step>
      </extensions>
    </rtept>
    <rtept lat="46.31842" lon="13.53297">
      <name>Čezsoča</name>
      <desc>Keep right onto Čezsoča</desc>
      <extensions>
        <distance>4518.8</distance>
        <duration>905.3</duration>
        <type>13</type>
        <step>17</step>
      </extensions>
    </rtept>
    <rtept lat="46.318227" lon="13.532418">
      <name>Čezsoča</name>
      <desc>Keep right onto Čezsoča</desc>
      <extensions>
        <distance>4518.8</distance>
        <duration>905.3</duration>
        <type>13</type>
        <step>17</step>
      </extensions>
    </rtept>
    <rtept lat="46.318139" lon="13.532111">
      <name>Čezsoča</name>
      <desc>Keep right onto Čezsoča</desc>
      <extensions>
        <distance>4518.8</distance>
        <duration>905.3</duration>
        <type>13</type>
        <step>17</step>
      </extensions>
    </rtept>
    <rtept lat="46.318066" lon="13.53171">
      <name>Čezsoča</name>
      <desc>Keep right onto Čezsoča</desc>
      <extensions>
        <distance>4518.8</distance>
        <duration>905.3</duration>
        <type>13</type>
        <step>17</step>
      </extensions>
    </rtept>
    <rtept lat="46.318016" lon="13.531199">
      <name>Čezsoča</name>
      <desc>Keep right onto Čezsoča</desc>
      <extensions>
        <distance>4518.8</distance>
        <duration>905.3</duration>
        <type>13</type>
        <step>17</step>
      </extensions>
    </rtept>
    <rtept lat="46.317989" lon="13.53105">
      <name>Čezsoča</name>
      <desc>Keep right onto Čezsoča</desc>
      <extensions>
        <distance>4518.8</distance>
        <duration>905.3</duration>
        <type>13</type>
        <step>17</step>
      </extensions>
    </rtept>
    <rtept lat="46.317947" lon="13.530912">
      <name>Čezsoča</name>
      <desc>Keep right onto Čezsoča</desc>
      <extensions>
        <distance>4518.8</distance>
        <duration>905.3</duration>
        <type>13</type>
        <step>17</step>
      </extensions>
    </rtept>
    <rtept lat="46.317857" lon="13.530798">
      <name>Čezsoča</name>
      <desc>Keep right onto Čezsoča</desc>
      <extensions>
        <distance>4518.8</distance>
        <duration>905.3</duration>
        <type>13</type>
        <step>17</step>
      </extensions>
    </rtept>
    <rtept lat="46.317623" lon="13.530615">
      <name>Čezsoča</name>
      <desc>Keep right onto Čezsoča</desc>
      <extensions>
        <distance>4518.8</distance>
        <duration>905.3</duration>
        <type>13</type>
        <step>17</step>
      </extensions>
    </rtept>
    <rtept lat="46.317487" lon="13.530481">
      <name>Čezsoča</name>
      <desc>Keep right onto Čezsoča</desc>
      <extensions>
        <distance>4518.8</distance>
        <duration>905.3</duration>
        <type>13</type>
        <step>17</step>
      </extensions>
    </rtept>
    <rtept lat="46.317425" lon="13.53039">
      <name>Čezsoča</name>
      <desc>Keep right onto Čezsoča</desc>
      <extensions>
        <distance>4518.8</distance>
        <duration>905.3</duration>
        <type>13</type>
        <step>17</step>
      </extensions>
    </rtept>
    <rtept lat="46.317373" lon="13.53023">
      <name>Čezsoča</name>
      <desc>Keep right onto Čezsoča</desc>
      <extensions>
        <distance>4518.8</distance>
        <duration>905.3</duration>
        <type>13</type>
        <step>17</step>
      </extensions>
    </rtept>
    <rtept lat="46.317227" lon="13.529188">
      <name>Čezsoča</name>
      <desc>Keep right onto Čezsoča</desc>
      <extensions>
        <distance>4518.8</distance>
        <duration>905.3</duration>
        <type>13</type>
        <step>17</step>
      </extensions>
    </rtept>
    <rtept lat="46.317145" lon="13.528309">
      <name>Čezsoča</name>
      <desc>Keep right onto Čezsoča</desc>
      <extensions>
        <distance>4518.8</distance>
        <duration>905.3</duration>
        <type>13</type>
        <step>17</step>
      </extensions>
    </rtept>
    <rtept lat="46.31713" lon="13.527977">
      <name>Čezsoča</name>
      <desc>Keep right onto Čezsoča</desc>
      <extensions>
        <distance>4518.8</distance>
        <duration>905.3</duration>
        <type>13</type>
        <step>17</step>
      </extensions>
    </rtept>
    <rtept lat="46.317004" lon="13.527531">
      <name>Čezsoča</name>
      <desc>Keep right onto Čezsoča</desc>
      <extensions>
        <distance>4518.8</distance>
        <duration>905.3</duration>
        <type>13</type>
        <step>17</step>
      </extensions>
    </rtept>
    <rtept lat="46.316674" lon="13.526703">
      <name>Čezsoča</name>
      <desc>Keep right onto Čezsoča</desc>
      <extensions>
        <distance>4518.8</distance>
        <duration>905.3</duration>
        <type>13</type>
        <step>17</step>
      </extensions>
    </rtept>
    <rtept lat="46.316661" lon="13.52644">
      <name>Čezsoča</name>
      <desc>Keep right onto Čezsoča</desc>
      <extensions>
        <distance>4518.8</distance>
        <duration>905.3</duration>
        <type>13</type>
        <step>17</step>
      </extensions>
    </rtept>
    <rtept lat="46.316707" lon="13.525459">
      <name>Čezsoča</name>
      <desc>Keep right onto Čezsoča</desc>
      <extensions>
        <distance>4518.8</distance>
        <duration>905.3</duration>
        <type>13</type>
        <step>17</step>
      </extensions>
    </rtept>
    <rtept lat="46.316812" lon="13.525004">
      <name>Čezsoča</name>
      <desc>Keep right onto Čezsoča</desc>
      <extensions>
        <distance>4518.8</distance>
        <duration>905.3</duration>
        <type>13</type>
        <step>17</step>
      </extensions>
    </rtept>
    <rtept lat="46.316981" lon="13.52456">
      <name>Čezsoča</name>
      <desc>Keep right onto Čezsoča</desc>
      <extensions>
        <distance>4518.8</distance>
        <duration>905.3</duration>
        <type>13</type>
        <step>17</step>
      </extensions>
    </rtept>
    <rtept lat="46.317027" lon="13.524371">
      <name>Čezsoča</name>
      <desc>Keep right onto Čezsoča</desc>
      <extensions>
        <distance>4518.8</distance>
        <duration>905.3</duration>
        <type>13</type>
        <step>17</step>
      </extensions>
    </rtept>
    <rtept lat="46.31716" lon="13.523439">
      <name>Čezsoča</name>
      <desc>Keep right onto Čezsoča</desc>
      <extensions>
        <distance>4518.8</distance>
        <duration>905.3</duration>
        <type>13</type>
        <step>17</step>
      </extensions>
    </rtept>
    <rtept lat="46.317309" lon="13.522679">
      <name>Čezsoča</name>
      <desc>Keep right onto Čezsoča</desc>
      <extensions>
        <distance>4518.8</distance>
        <duration>905.3</duration>
        <type>13</type>
        <step>17</step>
      </extensions>
    </rtept>
    <rtept lat="46.317487" lon="13.521284">
      <name>Čezsoča</name>
      <desc>Keep right onto Čezsoča</desc>
      <extensions>
        <distance>4518.8</distance>
        <duration>905.3</duration>
        <type>13</type>
        <step>17</step>
      </extensions>
    </rtept>
    <rtept lat="46.317489" lon="13.521091">
      <name>Čezsoča</name>
      <desc>Keep right onto Čezsoča</desc>
      <extensions>
        <distance>4518.8</distance>
        <duration>905.3</duration>
        <type>13</type>
        <step>17</step>
      </extensions>
    </rtept>
    <rtept lat="46.317465" lon="13.520854">
      <name>Čezsoča</name>
      <desc>Keep right onto Čezsoča</desc>
      <extensions>
        <distance>4518.8</distance>
        <duration>905.3</duration>
        <type>13</type>
        <step>17</step>
      </extensions>
    </rtept>
    <rtept lat="46.317385" lon="13.520374">
      <name>Čezsoča</name>
      <desc>Keep right onto Čezsoča</desc>
      <extensions>
        <distance>4518.8</distance>
        <duration>905.3</duration>
        <type>13</type>
        <step>17</step>
      </extensions>
    </rtept>
    <rtept lat="46.317365" lon="13.520008">
      <name>Čezsoča</name>
      <desc>Keep right onto Čezsoča</desc>
      <extensions>
        <distance>4518.8</distance>
        <duration>905.3</duration>
        <type>13</type>
        <step>17</step>
      </extensions>
    </rtept>
    <rtept lat="46.317425" lon="13.518739">
      <name>Čezsoča</name>
      <desc>Keep right onto Čezsoča</desc>
      <extensions>
        <distance>4518.8</distance>
        <duration>905.3</duration>
        <type>13</type>
        <step>17</step>
      </extensions>
    </rtept>
    <rtept lat="46.317424" lon="13.51838">
      <name>Čezsoča</name>
      <desc>Keep right onto Čezsoča</desc>
      <extensions>
        <distance>4518.8</distance>
        <duration>905.3</duration>
        <type>13</type>
        <step>17</step>
      </extensions>
    </rtept>
    <rtept lat="46.317359" lon="13.517631">
      <name>Čezsoča</name>
      <desc>Keep right onto Čezsoča</desc>
      <extensions>
        <distance>4518.8</distance>
        <duration>905.3</duration>
        <type>13</type>
        <step>17</step>
      </extensions>
    </rtept>
    <rtept lat="46.317354" lon="13.517403">
      <name>Čezsoča</name>
      <desc>Keep right onto Čezsoča</desc>
      <extensions>
        <distance>4518.8</distance>
        <duration>905.3</duration>
        <type>13</type>
        <step>17</step>
      </extensions>
    </rtept>
    <rtept lat="46.317367" lon="13.517183">
      <name>Čezsoča</name>
      <desc>Keep right onto Čezsoča</desc>
      <extensions>
        <distance>4518.8</distance>
        <duration>905.3</duration>
        <type>13</type>
        <step>17</step>
      </extensions>
    </rtept>
    <rtept lat="46.317462" lon="13.516828">
      <name>Čezsoča</name>
      <desc>Keep right onto Čezsoča</desc>
      <extensions>
        <distance>4518.8</distance>
        <duration>905.3</duration>
        <type>13</type>
        <step>17</step>
      </extensions>
    </rtept>
    <rtept lat="46.317573" lon="13.516317">
      <name>Čezsoča</name>
      <desc>Keep right onto Čezsoča</desc>
      <extensions>
        <distance>4518.8</distance>
        <duration>905.3</duration>
        <type>13</type>
        <step>17</step>
      </extensions>
    </rtept>
    <rtept lat="46.31765" lon="13.516132">
      <name>Čezsoča</name>
      <desc>Keep right onto Čezsoča</desc>
      <extensions>
        <distance>4518.8</distance>
        <duration>905.3</duration>
        <type>13</type>
        <step>17</step>
      </extensions>
    </rtept>
    <rtept lat="46.317741" lon="13.516013">
      <name>Čezsoča</name>
      <desc>Keep right onto Čezsoča</desc>
      <extensions>
        <distance>4518.8</distance>
        <duration>905.3</duration>
        <type>13</type>
        <step>17</step>
      </extensions>
    </rtept>
    <rtept lat="46.31785" lon="13.515755">
      <name>Čezsoča</name>
      <desc>Keep right onto Čezsoča</desc>
      <extensions>
        <distance>4518.8</distance>
        <duration>905.3</duration>
        <type>13</type>
        <step>17</step>
      </extensions>
    </rtept>
    <rtept lat="46.317876" lon="13.515516">
      <name>Čezsoča</name>
      <desc>Keep right onto Čezsoča</desc>
      <extensions>
        <distance>4518.8</distance>
        <duration>905.3</duration>
        <type>13</type>
        <step>17</step>
      </extensions>
    </rtept>
    <rtept lat="46.31785" lon="13.515293">
      <name>Čezsoča</name>
      <desc>Keep right onto Čezsoča</desc>
      <extensions>
        <distance>4518.8</distance>
        <duration>905.3</duration>
        <type>13</type>
        <step>17</step>
      </extensions>
    </rtept>
    <rtept lat="46.317753" lon="13.514858">
      <name>Čezsoča</name>
      <desc>Keep right onto Čezsoča</desc>
      <extensions>
        <distance>4518.8</distance>
        <duration>905.3</duration>
        <type>13</type>
        <step>17</step>
      </extensions>
    </rtept>
    <rtept lat="46.317708" lon="13.514374">
      <name>Čezsoča</name>
      <desc>Keep right onto Čezsoča</desc>
      <extensions>
        <distance>4518.8</distance>
        <duration>905.3</duration>
        <type>13</type>
        <step>17</step>
      </extensions>
    </rtept>
    <rtept lat="46.317698" lon="13.513738">
      <name>Čezsoča</name>
      <desc>Keep right onto Čezsoča</desc>
      <extensions>
        <distance>4518.8</distance>
        <duration>905.3</duration>
        <type>13</type>
        <step>17</step>
      </extensions>
    </rtept>
    <rtept lat="46.317729" lon="13.513089">
      <name>Čezsoča</name>
      <desc>Keep right onto Čezsoča</desc>
      <extensions>
        <distance>4518.8</distance>
        <duration>905.3</duration>
        <type>13</type>
        <step>17</step>
      </extensions>
    </rtept>
    <rtept lat="46.317727" lon="13.512802">
      <name>Čezsoča</name>
      <desc>Keep right onto Čezsoča</desc>
      <extensions>
        <distance>4518.8</distance>
        <duration>905.3</duration>
        <type>13</type>
        <step>17</step>
      </extensions>
    </rtept>
    <rtept lat="46.317857" lon="13.512095">
      <name>Čezsoča</name>
      <desc>Keep right onto Čezsoča</desc>
      <extensions>
        <distance>4518.8</distance>
        <duration>905.3</duration>
        <type>13</type>
        <step>17</step>
      </extensions>
    </rtept>
    <rtept lat="46.317977" lon="13.510959">
      <name>Čezsoča</name>
      <desc>Keep right onto Čezsoča</desc>
      <extensions>
        <distance>4518.8</distance>
        <duration>905.3</duration>
        <type>13</type>
        <step>17</step>
      </extensions>
    </rtept>
    <rtept lat="46.318103" lon="13.51059">
      <name>Čezsoča</name>
      <desc>Keep right onto Čezsoča</desc>
      <extensions>
        <distance>4518.8</distance>
        <duration>905.3</duration>
        <type>13</type>
        <step>17</step>
      </extensions>
    </rtept>
    <rtept lat="46.318165" lon="13.510352">
      <name>Čezsoča</name>
      <desc>Keep right onto Čezsoča</desc>
      <extensions>
        <distance>4518.8</distance>
        <duration>905.3</duration>
        <type>13</type>
        <step>17</step>
      </extensions>
    </rtept>
    <rtept lat="46.318172" lon="13.510161">
      <name>Čezsoča</name>
      <desc>Keep right onto Čezsoča</desc>
      <extensions>
        <distance>4518.8</distance>
        <duration>905.3</duration>
        <type>13</type>
        <step>17</step>
      </extensions>
    </rtept>
    <rtept lat="46.318136" lon="13.509926">
      <name>Čezsoča</name>
      <desc>Keep right onto Čezsoča</desc>
      <extensions>
        <distance>4518.8</distance>
        <duration>905.3</duration>
        <type>13</type>
        <step>17</step>
      </extensions>
    </rtept>
    <rtept lat="46.31806" lon="13.509701">
      <name>Čezsoča</name>
      <desc>Keep right onto Čezsoča</desc>
      <extensions>
        <distance>4518.8</distance>
        <duration>905.3</duration>
        <type>13</type>
        <step>17</step>
      </extensions>
    </rtept>
    <rtept lat="46.31783" lon="13.509337">
      <name>Čezsoča</name>
      <desc>Keep right onto Čezsoča</desc>
      <extensions>
        <distance>4518.8</distance>
        <duration>905.3</duration>
        <type>13</type>
        <step>17</step>
      </extensions>
    </rtept>
    <rtept lat="46.317752" lon="13.509134">
      <name>Čezsoča</name>
      <desc>Keep right onto Čezsoča</desc>
      <extensions>
        <distance>4518.8</distance>
        <duration>905.3</duration>
        <type>13</type>
        <step>17</step>
      </extensions>
    </rtept>
    <rtept lat="46.3176" lon="13.508153">
      <name>Čezsoča</name>
      <desc>Keep right onto Čezsoča</desc>
      <extensions>
        <distance>4518.8</distance>
        <duration>905.3</duration>
        <type>13</type>
        <step>17</step>
      </extensions>
    </rtept>
    <rtept lat="46.31756" lon="13.507677">
      <name>Čezsoča</name>
      <desc>Keep right onto Čezsoča</desc>
      <extensions>
        <distance>4518.8</distance>
        <duration>905.3</duration>
        <type>13</type>
        <step>17</step>
      </extensions>
    </rtept>
    <rtept lat="46.317598" lon="13.507022">
      <name>Čezsoča</name>
      <desc>Keep right onto Čezsoča</desc>
      <extensions>
        <distance>4518.8</distance>
        <duration>905.3</duration>
        <type>13</type>
        <step>17</step>
      </extensions>
    </rtept>
    <rtept lat="46.317642" lon="13.506702">
      <name>Čezsoča</name>
      <desc>Keep right onto Čezsoča</desc>
      <extensions>
        <distance>4518.8</distance>
        <duration>905.3</duration>
        <type>13</type>
        <step>17</step>
      </extensions>
    </rtept>
    <rtept lat="46.31764" lon="13.506499">
      <name>Čezsoča</name>
      <desc>Keep right onto Čezsoča</desc>
      <extensions>
        <distance>4518.8</distance>
        <duration>905.3</duration>
        <type>13</type>
        <step>17</step>
      </extensions>
    </rtept>
    <rtept lat="46.317546" lon="13.506038">
      <name>Čezsoča</name>
      <desc>Keep right onto Čezsoča</desc>
      <extensions>
        <distance>4518.8</distance>
        <duration>905.3</duration>
        <type>13</type>
        <step>17</step>
      </extensions>
    </rtept>
    <rtept lat="46.317193" lon="13.503073">
      <name>Čezsoča</name>
      <desc>Keep right onto Čezsoča</desc>
      <extensions>
        <distance>4518.8</distance>
        <duration>905.3</duration>
        <type>13</type>
        <step>17</step>
      </extensions>
    </rtept>
    <rtept lat="46.317111" lon="13.502882">
      <name>Čezsoča</name>
      <desc>Keep right onto Čezsoča</desc>
      <extensions>
        <distance>4518.8</distance>
        <duration>905.3</duration>
        <type>13</type>
        <step>17</step>
      </extensions>
    </rtept>
    <rtept lat="46.316945" lon="13.50189">
      <name>Čezsoča</name>
      <desc>Keep right onto Čezsoča</desc>
      <extensions>
        <distance>4518.8</distance>
        <duration>905.3</duration>
        <type>13</type>
        <step>17</step>
      </extensions>
    </rtept>
    <rtept lat="46.316815" lon="13.501397">
      <name>Čezsoča</name>
      <desc>Keep right onto Čezsoča</desc>
      <extensions>
        <distance>4518.8</distance>
        <duration>905.3</duration>
        <type>13</type>
        <step>17</step>
      </extensions>
    </rtept>
    <rtept lat="46.31677" lon="13.500966">
      <name>Čezsoča</name>
      <desc>Keep right onto Čezsoča</desc>
      <extensions>
        <distance>4518.8</distance>
        <duration>905.3</duration>
        <type>13</type>
        <step>17</step>
      </extensions>
    </rtept>
    <rtept lat="46.316306" lon="13.499263">
      <name>Čezsoča</name>
      <desc>Keep right onto Čezsoča</desc>
      <extensions>
        <distance>4518.8</distance>
        <duration>905.3</duration>
        <type>13</type>
        <step>17</step>
      </extensions>
    </rtept>
    <rtept lat="46.316192" lon="13.498944">
      <name>Čezsoča</name>
      <desc>Keep right onto Čezsoča</desc>
      <extensions>
        <distance>4518.8</distance>
        <duration>905.3</duration>
        <type>13</type>
        <step>17</step>
      </extensions>
    </rtept>
    <rtept lat="46.315995" lon="13.498171">
      <name>Čezsoča</name>
      <desc>Keep right onto Čezsoča</desc>
      <extensions>
        <distance>4518.8</distance>
        <duration>905.3</duration>
        <type>13</type>
        <step>17</step>
      </extensions>
    </rtept>
    <rtept lat="46.315933" lon="13.497865">
      <name>Čezsoča</name>
      <desc>Keep right onto Čezsoča</desc>
      <extensions>
        <distance>4518.8</distance>
        <duration>905.3</duration>
        <type>13</type>
        <step>17</step>
      </extensions>
    </rtept>
    <rtept lat="46.315879" lon="13.49771">
      <name>Čezsoča</name>
      <desc>Keep right onto Čezsoča</desc>
      <extensions>
        <distance>4518.8</distance>
        <duration>905.3</duration>
        <type>13</type>
        <step>17</step>
      </extensions>
    </rtept>
    <rtept lat="46.315651" lon="13.497204">
      <name>Čezsoča</name>
      <desc>Keep right onto Čezsoča</desc>
      <extensions>
        <distance>4518.8</distance>
        <duration>905.3</duration>
        <type>13</type>
        <step>17</step>
      </extensions>
    </rtept>
    <rtept lat="46.315489" lon="13.496605">
      <name>Čezsoča</name>
      <desc>Keep right onto Čezsoča</desc>
      <extensions>
        <distance>4518.8</distance>
        <duration>905.3</duration>
        <type>13</type>
        <step>17</step>
      </extensions>
    </rtept>
    <rtept lat="46.31538" lon="13.496319">
      <name>Čezsoča</name>
      <desc>Keep right onto Čezsoča</desc>
      <extensions>
        <distance>4518.8</distance>
        <duration>905.3</duration>
        <type>13</type>
        <step>17</step>
      </extensions>
    </rtept>
    <rtept lat="46.315109" lon="13.495729">
      <name>Čezsoča</name>
      <desc>Keep right onto Čezsoča</desc>
      <extensions>
        <distance>4518.8</distance>
        <duration>905.3</duration>
        <type>13</type>
        <step>17</step>
      </extensions>
    </rtept>
    <rtept lat="46.314824" lon="13.494697">
      <name>Čezsoča</name>
      <desc>Keep right onto Čezsoča</desc>
      <extensions>
        <distance>4518.8</distance>
        <duration>905.3</duration>
        <type>13</type>
        <step>17</step>
      </extensions>
    </rtept>
    <rtept lat="46.31476" lon="13.494586">
      <name>Čezsoča</name>
      <desc>Keep right onto Čezsoča</desc>
      <extensions>
        <distance>4518.8</distance>
        <duration>905.3</duration>
        <type>13</type>
        <step>17</step>
      </extensions>
    </rtept>
    <rtept lat="46.314549" lon="13.494395">
      <name>Čezsoča</name>
      <desc>Keep right onto Čezsoča</desc>
      <extensions>
        <distance>4518.8</distance>
        <duration>905.3</duration>
        <type>13</type>
        <step>17</step>
      </extensions>
    </rtept>
    <rtept lat="46.314284" lon="13.494007">
      <name>Čezsoča</name>
      <desc>Keep right onto Čezsoča</desc>
      <extensions>
        <distance>4518.8</distance>
        <duration>905.3</duration>
        <type>13</type>
        <step>17</step>
      </extensions>
    </rtept>
    <rtept lat="46.3124" lon="13.491991">
      <name>Čezsoča</name>
      <desc>Keep right onto Čezsoča</desc>
      <extensions>
        <distance>4518.8</distance>
        <duration>905.3</duration>
        <type>13</type>
        <step>17</step>
      </extensions>
    </rtept>
    <rtept lat="46.312128" lon="13.491637">
      <name>Čezsoča</name>
      <desc>Keep right onto Čezsoča</desc>
      <extensions>
        <distance>4518.8</distance>
        <duration>905.3</duration>
        <type>13</type>
        <step>17</step>
      </extensions>
    </rtept>
    <rtept lat="46.311583" lon="13.490579">
      <name>Čezsoča</name>
      <desc>Keep right onto Čezsoča</desc>
      <extensions>
        <distance>4518.8</distance>
        <duration>905.3</duration>
        <type>13</type>
        <step>17</step>
      </extensions>
    </rtept>
    <rtept lat="46.311347" lon="13.490051">
      <name>Čezsoča</name>
      <desc>Keep right onto Čezsoča</desc>
      <extensions>
        <distance>4518.8</distance>
        <duration>905.3</duration>
        <type>13</type>
        <step>17</step>
      </extensions>
    </rtept>
    <rtept lat="46.311077" lon="13.489651">
      <name>Čezsoča</name>
      <desc>Keep right onto Čezsoča</desc>
      <extensions>
        <distance>4518.8</distance>
        <duration>905.3</duration>
        <type>13</type>
        <step>17</step>
      </extensions>
    </rtept>
    <rtept lat="46.310792" lon="13.489087">
      <name>Čezsoča</name>
      <desc>Keep right onto Čezsoča</desc>
      <extensions>
        <distance>4518.8</distance>
        <duration>905.3</duration>
        <type>13</type>
        <step>17</step>
      </extensions>
    </rtept>
    <rtept lat="46.310743" lon="13.489036">
      <name/>
      <desc>Turn right</desc>
      <extensions>
        <distance>218.2</distance>
        <duration>49.1</duration>
        <type>1</type>
        <step>18</step>
      </extensions>
    </rtept>
    <rtept lat="46.310773" lon="13.488733">
      <name/>
      <desc>Turn right</desc>
      <extensions>
        <distance>218.2</distance>
        <duration>49.1</duration>
        <type>1</type>
        <step>18</step>
      </extensions>
    </rtept>
    <rtept lat="46.31077" lon="13.488526">
      <name/>
      <desc>Turn right</desc>
      <extensions>
        <distance>218.2</distance>
        <duration>49.1</duration>
        <type>1</type>
        <step>18</step>
      </extensions>
    </rtept>
    <rtept lat="46.31071" lon="13.488412">
      <name/>
      <desc>Turn right</desc>
      <extensions>
        <distance>218.2</distance>
        <duration>49.1</duration>
        <type>1</type>
        <step>18</step>
      </extensions>
    </rtept>
    <rtept lat="46.310581" lon="13.488364">
      <name/>
      <desc>Turn right</desc>
      <extensions>
        <distance>218.2</distance>
        <duration>49.1</duration>
        <type>1</type>
        <step>18</step>
      </extensions>
    </rtept>
    <rtept lat="46.31047" lon="13.488361">
      <name/>
      <desc>Turn right</desc>
      <extensions>
        <distance>218.2</distance>
        <duration>49.1</duration>
        <type>1</type>
        <step>18</step>
      </extensions>
    </rtept>
    <rtept lat="46.310324" lon="13.488421">
      <name/>
      <desc>Turn right</desc>
      <extensions>
        <distance>218.2</distance>
        <duration>49.1</duration>
        <type>1</type>
        <step>18</step>
      </extensions>
    </rtept>
    <rtept lat="46.310273" lon="13.488421">
      <name/>
      <desc>Turn right</desc>
      <extensions>
        <distance>218.2</distance>
        <duration>49.1</duration>
        <type>1</type>
        <step>18</step>
      </extensions>
    </rtept>
    <rtept lat="46.310203" lon="13.488317">
      <name/>
      <desc>Turn right</desc>
      <extensions>
        <distance>218.2</distance>
        <duration>49.1</duration>
        <type>1</type>
        <step>18</step>
      </extensions>
    </rtept>
    <rtept lat="46.310178" lon="13.488192">
      <name/>
      <desc>Turn right</desc>
      <extensions>
        <distance>218.2</distance>
        <duration>49.1</duration>
        <type>1</type>
        <step>18</step>
      </extensions>
    </rtept>
    <rtept lat="46.310061" lon="13.48694">
      <name/>
      <desc>Turn left</desc>
      <extensions>
        <distance>436.2</distance>
        <duration>87.2</duration>
        <type>0</type>
        <step>19</step>
      </extensions>
    </rtept>
    <rtept lat="46.30993" lon="13.486911">
      <name/>
      <desc>Turn left</desc>
      <extensions>
        <distance>436.2</distance>
        <duration>87.2</duration>
        <type>0</type>
        <step>19</step>
      </extensions>
    </rtept>
    <rtept lat="46.30972" lon="13.486767">
      <name/>
      <desc>Turn left</desc>
      <extensions>
        <distance>436.2</distance>
        <duration>87.2</duration>
        <type>0</type>
        <step>19</step>
      </extensions>
    </rtept>
    <rtept lat="46.309552" lon="13.486522">
      <name/>
      <desc>Turn left</desc>
      <extensions>
        <distance>436.2</distance>
        <duration>87.2</duration>
        <type>0</type>
        <step>19</step>
      </extensions>
    </rtept>
    <rtept lat="46.309307" lon="13.486445">
      <name/>
      <desc>Turn left</desc>
      <extensions>
        <distance>436.2</distance>
        <duration>87.2</duration>
        <type>0</type>
        <step>19</step>
      </extensions>
    </rtept>
    <rtept lat="46.309149" lon="13.486321">
      <name/>
      <desc>Turn left</desc>
      <extensions>
        <distance>436.2</distance>
        <duration>87.2</duration>
        <type>0</type>
        <step>19</step>
      </extensions>
    </rtept>
    <rtept lat="46.30904" lon="13.486195">
      <name/>
      <desc>Turn left</desc>
      <extensions>
        <distance>436.2</distance>
        <duration>87.2</duration>
        <type>0</type>
        <step>19</step>
      </extensions>
    </rtept>
    <rtept lat="46.308807" lon="13.486109">
      <name/>
      <desc>Turn left</desc>
      <extensions>
        <distance>436.2</distance>
        <duration>87.2</duration>
        <type>0</type>
        <step>19</step>
      </extensions>
    </rtept>
    <rtept lat="46.308594" lon="13.486227">
      <name/>
      <desc>Turn left</desc>
      <extensions>
        <distance>436.2</distance>
        <duration>87.2</duration>
        <type>0</type>
        <step>19</step>
      </extensions>
    </rtept>
    <rtept lat="46.308486" lon="13.486348">
      <name/>
      <desc>Turn left</desc>
      <extensions>
        <distance>436.2</distance>
        <duration>87.2</duration>
        <type>0</type>
        <step>19</step>
      </extensions>
    </rtept>
    <rtept lat="46.308436" lon="13.48645">
      <name/>
      <desc>Turn left</desc>
      <extensions>
        <distance>436.2</distance>
        <duration>87.2</duration>
        <type>0</type>
        <step>19</step>
      </extensions>
    </rtept>
    <rtept lat="46.308375" lon="13.486718">
      <name/>
      <desc>Turn left</desc>
      <extensions>
        <distance>436.2</distance>
        <duration>87.2</duration>
        <type>0</type>
        <step>19</step>
      </extensions>
    </rtept>
    <rtept lat="46.308334" lon="13.486818">
      <name/>
      <desc>Turn left</desc>
      <extensions>
        <distance>436.2</distance>
        <duration>87.2</duration>
        <type>0</type>
        <step>19</step>
      </extensions>
    </rtept>
    <rtept lat="46.308292" lon="13.487233">
      <name/>
      <desc>Turn left</desc>
      <extensions>
        <distance>436.2</distance>
        <duration>87.2</duration>
        <type>0</type>
        <step>19</step>
      </extensions>
    </rtept>
    <rtept lat="46.308097" lon="13.487939">
      <name/>
      <desc>Turn left</desc>
      <extensions>
        <distance>436.2</distance>
        <duration>87.2</duration>
        <type>0</type>
        <step>19</step>
      </extensions>
    </rtept>
    <rtept lat="46.308008" lon="13.488097">
      <name/>
      <desc>Turn left</desc>
      <extensions>
        <distance>436.2</distance>
        <duration>87.2</duration>
        <type>0</type>
        <step>19</step>
      </extensions>
    </rtept>
    <rtept lat="46.307888" lon="13.488261">
      <name/>
      <desc>Turn left</desc>
      <extensions>
        <distance>436.2</distance>
        <duration>87.2</duration>
        <type>0</type>
        <step>19</step>
      </extensions>
    </rtept>
    <rtept lat="46.307602" lon="13.488599">
      <name/>
      <desc>Turn left</desc>
      <extensions>
        <distance>436.2</distance>
        <duration>87.2</duration>
        <type>0</type>
        <step>19</step>
      </extensions>
    </rtept>
    <rtept lat="46.30752" lon="13.488823">
      <name/>
      <desc>Turn left</desc>
      <extensions>
        <distance>436.2</distance>
        <duration>87.2</duration>
        <type>0</type>
        <step>19</step>
      </extensions>
    </rtept>
    <rtept lat="46.307441" lon="13.488949">
      <name/>
      <desc>Turn right</desc>
      <extensions>
        <distance>4677.4</distance>
        <duration>1235.6</duration>
        <type>1</type>
        <step>20</step>
      </extensions>
    </rtept>
    <rtept lat="46.307308" lon="13.488837">
      <name/>
      <desc>Turn right</desc>
      <extensions>
        <distance>4677.4</distance>
        <duration>1235.6</duration>
        <type>1</type>
        <step>20</step>
      </extensions>
    </rtept>
    <rtept lat="46.307085" lon="13.488829">
      <name/>
      <desc>Turn right</desc>
      <extensions>
        <distance>4677.4</distance>
        <duration>1235.6</duration>
        <type>1</type>
        <step>20</step>
      </extensions>
    </rtept>
    <rtept lat="46.306747" lon="13.488744">
      <name/>
      <desc>Turn right</desc>
      <extensions>
        <distance>4677.4</distance>
        <duration>1235.6</duration>
        <type>1</type>
        <step>20</step>
      </extensions>
    </rtept>
    <rtept lat="46.306192" lon="13.48884">
      <name/>
      <desc>Turn right</desc>
      <extensions>
        <distance>4677.4</distance>
        <duration>1235.6</duration>
        <type>1</type>
        <step>20</step>
      </extensions>
    </rtept>
    <rtept lat="46.305683" lon="13.488942">
      <name/>
      <desc>Turn right</desc>
      <extensions>
        <distance>4677.4</distance>
        <duration>1235.6</duration>
        <type>1</type>
        <step>20</step>
      </extensions>
    </rtept>
    <rtept lat="46.305435" lon="13.488962">
      <name/>
      <desc>Turn right</desc>
      <extensions>
        <distance>4677.4</distance>
        <duration>1235.6</duration>
        <type>1</type>
        <step>20</step>
      </extensions>
    </rtept>
    <rtept lat="46.305136" lon="13.488983">
      <name/>
      <desc>Turn right</desc>
      <extensions>
        <distance>4677.4</distance>
        <duration>1235.6</duration>
        <type>1</type>
        <step>20</step>
      </extensions>
    </rtept>
    <rtept lat="46.304829" lon="13.48905">
      <name/>
      <desc>Turn right</desc>
      <extensions>
        <distance>4677.4</distance>
        <duration>1235.6</duration>
        <type>1</type>
        <step>20</step>
      </extensions>
    </rtept>
    <rtept lat="46.304266" lon="13.489217">
      <name/>
      <desc>Turn right</desc>
      <extensions>
        <distance>4677.4</distance>
        <duration>1235.6</duration>
        <type>1</type>
        <step>20</step>
      </extensions>
    </rtept>
    <rtept lat="46.303916" lon="13.489332">
      <name/>
      <desc>Turn right</desc>
      <extensions>
        <distance>4677.4</distance>
        <duration>1235.6</duration>
        <type>1</type>
        <step>20</step>
      </extensions>
    </rtept>
    <rtept lat="46.303756" lon="13.489419">
      <name/>
      <desc>Turn right</desc>
      <extensions>
        <distance>4677.4</distance>
        <duration>1235.6</duration>
        <type>1</type>
        <step>20</step>
      </extensions>
    </rtept>
    <rtept lat="46.303602" lon="13.489599">
      <name/>
      <desc>Turn right</desc>
      <extensions>
        <distance>4677.4</distance>
        <duration>1235.6</duration>
        <type>1</type>
        <step>20</step>
      </extensions>
    </rtept>
    <rtept lat="46.302957" lon="13.490193">
      <name/>
      <desc>Turn right</desc>
      <extensions>
        <distance>4677.4</distance>
        <duration>1235.6</duration>
        <type>1</type>
        <step>20</step>
      </extensions>
    </rtept>
    <rtept lat="46.302774" lon="13.490409">
      <name/>
      <desc>Turn right</desc>
      <extensions>
        <distance>4677.4</distance>
        <duration>1235.6</duration>
        <type>1</type>
        <step>20</step>
      </extensions>
    </rtept>
    <rtept lat="46.302579" lon="13.490869">
      <name/>
      <desc>Turn right</desc>
      <extensions>
        <distance>4677.4</distance>
        <duration>1235.6</duration>
        <type>1</type>
        <step>20</step>
      </extensions>
    </rtept>
    <rtept lat="46.302152" lon="13.491505">
      <name/>
      <desc>Turn right</desc>
      <extensions>
        <distance>4677.4</distance>
        <duration>1235.6</duration>
        <type>1</type>
        <step>20</step>
      </extensions>
    </rtept>
    <rtept lat="46.30205" lon="13.491701">
      <name/>
      <desc>Turn right</desc>
      <extensions>
        <distance>4677.4</distance>
        <duration>1235.6</duration>
        <type>1</type>
        <step>20</step>
      </extensions>
    </rtept>
    <rtept lat="46.301893" lon="13.492489">
      <name/>
      <desc>Turn right</desc>
      <extensions>
        <distance>4677.4</distance>
        <duration>1235.6</duration>
        <type>1</type>
        <step>20</step>
      </extensions>
    </rtept>
    <rtept lat="46.301823" lon="13.492658">
      <name/>
      <desc>Turn right</desc>
      <extensions>
        <distance>4677.4</distance>
        <duration>1235.6</duration>
        <type>1</type>
        <step>20</step>
      </extensions>
    </rtept>
    <rtept lat="46.301619" lon="13.493059">
      <name/>
      <desc>Turn right</desc>
      <extensions>
        <distance>4677.4</distance>
        <duration>1235.6</duration>
        <type>1</type>
        <step>20</step>
      </extensions>
    </rtept>
    <rtept lat="46.30141" lon="13.493289">
      <name/>
      <desc>Turn right</desc>
      <extensions>
        <distance>4677.4</distance>
        <duration>1235.6</duration>
        <type>1</type>
        <step>20</step>
      </extensions>
    </rtept>
    <rtept lat="46.301084" lon="13.493771">
      <name/>
      <desc>Turn right</desc>
      <extensions>
        <distance>4677.4</distance>
        <duration>1235.6</duration>
        <type>1</type>
        <step>20</step>
      </extensions>
    </rtept>
    <rtept lat="46.301021" lon="13.49391">
      <name/>
      <desc>Turn right</desc>
      <extensions>
        <distance>4677.4</distance>
        <duration>1235.6</duration>
        <type>1</type>
        <step>20</step>
      </extensions>
    </rtept>
    <rtept lat="46.300843" lon="13.494091">
      <name/>
      <desc>Turn right</desc>
      <extensions>
        <distance>4677.4</distance>
        <duration>1235.6</duration>
        <type>1</type>
        <step>20</step>
      </extensions>
    </rtept>
    <rtept lat="46.30069" lon="13.494414">
      <name/>
      <desc>Turn right</desc>
      <extensions>
        <distance>4677.4</distance>
        <duration>1235.6</duration>
        <type>1</type>
        <step>20</step>
      </extensions>
    </rtept>
    <rtept lat="46.300446" lon="13.494753">
      <name/>
      <desc>Turn right</desc>
      <extensions>
        <distance>4677.4</distance>
        <duration>1235.6</duration>
        <type>1</type>
        <step>20</step>
      </extensions>
    </rtept>
    <rtept lat="46.300175" lon="13.495026">
      <name/>
      <desc>Turn right</desc>
      <extensions>
        <distance>4677.4</distance>
        <duration>1235.6</duration>
        <type>1</type>
        <step>20</step>
      </extensions>
    </rtept>
    <rtept lat="46.299805" lon="13.495626">
      <name/>
      <desc>Turn right</desc>
      <extensions>
        <distance>4677.4</distance>
        <duration>1235.6</duration>
        <type>1</type>
        <step>20</step>
      </extensions>
    </rtept>
    <rtept lat="46.299276" lon="13.496407">
      <name/>
      <desc>Turn right</desc>
      <extensions>
        <distance>4677.4</distance>
        <duration>1235.6</duration>
        <type>1</type>
        <step>20</step>
      </extensions>
    </rtept>
    <rtept lat="46.299159" lon="13.49666">
      <name/>
      <desc>Turn right</desc>
      <extensions>
        <distance>4677.4</distance>
        <duration>1235.6</duration>
        <type>1</type>
        <step>20</step>
      </extensions>
    </rtept>
    <rtept lat="46.299005" lon="13.496905">
      <name/>
      <desc>Turn right</desc>
      <extensions>
        <distance>4677.4</distance>
        <duration>1235.6</duration>
        <type>1</type>
        <step>20</step>
      </extensions>
    </rtept>
    <rtept lat="46.298838" lon="13.497071">
      <name/>
      <desc>Turn right</desc>
      <extensions>
        <distance>4677.4</distance>
        <duration>1235.6</duration>
        <type>1</type>
        <step>20</step>
      </extensions>
    </rtept>
    <rtept lat="46.298723" lon="13.49722">
      <name/>
      <desc>Turn right</desc>
      <extensions>
        <distance>4677.4</distance>
        <duration>1235.6</duration>
        <type>1</type>
        <step>20</step>
      </extensions>
    </rtept>
    <rtept lat="46.298618" lon="13.497416">
      <name/>
      <desc>Turn right</desc>
      <extensions>
        <distance>4677.4</distance>
        <duration>1235.6</duration>
        <type>1</type>
        <step>20</step>
      </extensions>
    </rtept>
    <rtept lat="46.298549" lon="13.497509">
      <name/>
      <desc>Turn right</desc>
      <extensions>
        <distance>4677.4</distance>
        <duration>1235.6</duration>
        <type>1</type>
        <step>20</step>
      </extensions>
    </rtept>
    <rtept lat="46.298491" lon="13.497727">
      <name/>
      <desc>Turn right</desc>
      <extensions>
        <distance>4677.4</distance>
        <duration>1235.6</duration>
        <type>1</type>
        <step>20</step>
      </extensions>
    </rtept>
    <rtept lat="46.298443" lon="13.497802">
      <name/>
      <desc>Turn right</desc>
      <extensions>
        <distance>4677.4</distance>
        <duration>1235.6</duration>
        <type>1</type>
        <step>20</step>
      </extensions>
    </rtept>
    <rtept lat="46.298318" lon="13.497901">
      <name/>
      <desc>Turn right</desc>
      <extensions>
        <distance>4677.4</distance>
        <duration>1235.6</duration>
        <type>1</type>
        <step>20</step>
      </extensions>
    </rtept>
    <rtept lat="46.298035" lon="13.498388">
      <name/>
      <desc>Turn right</desc>
      <extensions>
        <distance>4677.4</distance>
        <duration>1235.6</duration>
        <type>1</type>
        <step>20</step>
      </extensions>
    </rtept>
    <rtept lat="46.297801" lon="13.498747">
      <name/>
      <desc>Turn right</desc>
      <extensions>
        <distance>4677.4</distance>
        <duration>1235.6</duration>
        <type>1</type>
        <step>20</step>
      </extensions>
    </rtept>
    <rtept lat="46.297534" lon="13.499243">
      <name/>
      <desc>Turn right</desc>
      <extensions>
        <distance>4677.4</distance>
        <duration>1235.6</duration>
        <type>1</type>
        <step>20</step>
      </extensions>
    </rtept>
    <rtept lat="46.297403" lon="13.499427">
      <name/>
      <desc>Turn right</desc>
      <extensions>
        <distance>4677.4</distance>
        <duration>1235.6</duration>
        <type>1</type>
        <step>20</step>
      </extensions>
    </rtept>
    <rtept lat="46.297127" lon="13.499936">
      <name/>
      <desc>Turn right</desc>
      <extensions>
        <distance>4677.4</distance>
        <duration>1235.6</duration>
        <type>1</type>
        <step>20</step>
      </extensions>
    </rtept>
    <rtept lat="46.296981" lon="13.500159">
      <name/>
      <desc>Turn right</desc>
      <extensions>
        <distance>4677.4</distance>
        <duration>1235.6</duration>
        <type>1</type>
        <step>20</step>
      </extensions>
    </rtept>
    <rtept lat="46.296595" lon="13.500831">
      <name/>
      <desc>Turn right</desc>
      <extensions>
        <distance>4677.4</distance>
        <duration>1235.6</duration>
        <type>1</type>
        <step>20</step>
      </extensions>
    </rtept>
    <rtept lat="46.296447" lon="13.501043">
      <name/>
      <desc>Turn right</desc>
      <extensions>
        <distance>4677.4</distance>
        <duration>1235.6</duration>
        <type>1</type>
        <step>20</step>
      </extensions>
    </rtept>
    <rtept lat="46.296189" lon="13.50132">
      <name/>
      <desc>Turn right</desc>
      <extensions>
        <distance>4677.4</distance>
        <duration>1235.6</duration>
        <type>1</type>
        <step>20</step>
      </extensions>
    </rtept>
    <rtept lat="46.296145" lon="13.501413">
      <name/>
      <desc>Turn right</desc>
      <extensions>
        <distance>4677.4</distance>
        <duration>1235.6</duration>
        <type>1</type>
        <step>20</step>
      </extensions>
    </rtept>
    <rtept lat="46.296087" lon="13.501635">
      <name/>
      <desc>Turn right</desc>
      <extensions>
        <distance>4677.4</distance>
        <duration>1235.6</duration>
        <type>1</type>
        <step>20</step>
      </extensions>
    </rtept>
    <rtept lat="46.296037" lon="13.501744">
      <name/>
      <desc>Turn right</desc>
      <extensions>
        <distance>4677.4</distance>
        <duration>1235.6</duration>
        <type>1</type>
        <step>20</step>
      </extensions>
    </rtept>
    <rtept lat="46.295968" lon="13.501841">
      <name/>
      <desc>Turn right</desc>
      <extensions>
        <distance>4677.4</distance>
        <duration>1235.6</duration>
        <type>1</type>
        <step>20</step>
      </extensions>
    </rtept>
    <rtept lat="46.295911" lon="13.501985">
      <name/>
      <desc>Turn right</desc>
      <extensions>
        <distance>4677.4</distance>
        <duration>1235.6</duration>
        <type>1</type>
        <step>20</step>
      </extensions>
    </rtept>
    <rtept lat="46.295674" lon="13.50245">
      <name/>
      <desc>Turn right</desc>
      <extensions>
        <distance>4677.4</distance>
        <duration>1235.6</duration>
        <type>1</type>
        <step>20</step>
      </extensions>
    </rtept>
    <rtept lat="46.295436" lon="13.502814">
      <name/>
      <desc>Turn right</desc>
      <extensions>
        <distance>4677.4</distance>
        <duration>1235.6</duration>
        <type>1</type>
        <step>20</step>
      </extensions>
    </rtept>
    <rtept lat="46.295153" lon="13.503301">
      <name/>
      <desc>Turn right</desc>
      <extensions>
        <distance>4677.4</distance>
        <duration>1235.6</duration>
        <type>1</type>
        <step>20</step>
      </extensions>
    </rtept>
    <rtept lat="46.294931" lon="13.503582">
      <name/>
      <desc>Turn right</desc>
      <extensions>
        <distance>4677.4</distance>
        <duration>1235.6</duration>
        <type>1</type>
        <step>20</step>
      </extensions>
    </rtept>
    <rtept lat="46.294615" lon="13.504146">
      <name/>
      <desc>Turn right</desc>
      <extensions>
        <distance>4677.4</distance>
        <duration>1235.6</duration>
        <type>1</type>
        <step>20</step>
      </extensions>
    </rtept>
    <rtept lat="46.294523" lon="13.504207">
      <name/>
      <desc>Turn right</desc>
      <extensions>
        <distance>4677.4</distance>
        <duration>1235.6</duration>
        <type>1</type>
        <step>20</step>
      </extensions>
    </rtept>
    <rtept lat="46.294231" lon="13.504532">
      <name/>
      <desc>Turn right</desc>
      <extensions>
        <distance>4677.4</distance>
        <duration>1235.6</duration>
        <type>1</type>
        <step>20</step>
      </extensions>
    </rtept>
    <rtept lat="46.294125" lon="13.504687">
      <name/>
      <desc>Turn right</desc>
      <extensions>
        <distance>4677.4</distance>
        <duration>1235.6</duration>
        <type>1</type>
        <step>20</step>
      </extensions>
    </rtept>
    <rtept lat="46.294052" lon="13.504839">
      <name/>
      <desc>Turn right</desc>
      <extensions>
        <distance>4677.4</distance>
        <duration>1235.6</duration>
        <type>1</type>
        <step>20</step>
      </extensions>
    </rtept>
    <rtept lat="46.293633" lon="13.506269">
      <name/>
      <desc>Turn right</desc>
      <extensions>
        <distance>4677.4</distance>
        <duration>1235.6</duration>
        <type>1</type>
        <step>20</step>
      </extensions>
    </rtept>
    <rtept lat="46.293489" lon="13.506711">
      <name/>
      <desc>Turn right</desc>
      <extensions>
        <distance>4677.4</distance>
        <duration>1235.6</duration>
        <type>1</type>
        <step>20</step>
      </extensions>
    </rtept>
    <rtept lat="46.293312" lon="13.507114">
      <name/>
      <desc>Turn right</desc>
      <extensions>
        <distance>4677.4</distance>
        <duration>1235.6</duration>
        <type>1</type>
        <step>20</step>
      </extensions>
    </rtept>
    <rtept lat="46.293212" lon="13.507523">
      <name/>
      <desc>Turn right</desc>
      <extensions>
        <distance>4677.4</distance>
        <duration>1235.6</duration>
        <type>1</type>
        <step>20</step>
      </extensions>
    </rtept>
    <rtept lat="46.293103" lon="13.507775">
      <name/>
      <desc>Turn right</desc>
      <extensions>
        <distance>4677.4</distance>
        <duration>1235.6</duration>
        <type>1</type>
        <step>20</step>
      </extensions>
    </rtept>
    <rtept lat="46.293072" lon="13.508027">
      <name/>
      <desc>Turn right</desc>
      <extensions>
        <distance>4677.4</distance>
        <duration>1235.6</duration>
        <type>1</type>
        <step>20</step>
      </extensions>
    </rtept>
    <rtept lat="46.292973" lon="13.508434">
      <name/>
      <desc>Turn right</desc>
      <extensions>
        <distance>4677.4</distance>
        <duration>1235.6</duration>
        <type>1</type>
        <step>20</step>
      </extensions>
    </rtept>
    <rtept lat="46.292944" lon="13.508614">
      <name/>
      <desc>Turn right</desc>
      <extensions>
        <distance>4677.4</distance>
        <duration>1235.6</duration>
        <type>1</type>
        <step>20</step>
      </extensions>
    </rtept>
    <rtept lat="46.292862" lon="13.509469">
      <name/>
      <desc>Turn right</desc>
      <extensions>
        <distance>4677.4</distance>
        <duration>1235.6</duration>
        <type>1</type>
        <step>20</step>
      </extensions>
    </rtept>
    <rtept lat="46.292854" lon="13.509943">
      <name/>
      <desc>Turn right</desc>
      <extensions>
        <distance>4677.4</distance>
        <duration>1235.6</duration>
        <type>1</type>
        <step>20</step>
      </extensions>
    </rtept>
    <rtept lat="46.292891" lon="13.510236">
      <name/>
      <desc>Turn right</desc>
      <extensions>
        <distance>4677.4</distance>
        <duration>1235.6</duration>
        <type>1</type>
        <step>20</step>
      </extensions>
    </rtept>
    <rtept lat="46.292915" lon="13.510325">
      <name/>
      <desc>Turn right</desc>
      <extensions>
        <distance>4677.4</distance>
        <duration>1235.6</duration>
        <type>1</type>
        <step>20</step>
      </extensions>
    </rtept>
    <rtept lat="46.292871" lon="13.510801">
      <name/>
      <desc>Turn right</desc>
      <extensions>
        <distance>4677.4</distance>
        <duration>1235.6</duration>
        <type>1</type>
        <step>20</step>
      </extensions>
    </rtept>
    <rtept lat="46.292905" lon="13.511158">
      <name/>
      <desc>Turn right</desc>
      <extensions>
        <distance>4677.4</distance>
        <duration>1235.6</duration>
        <type>1</type>
        <step>20</step>
      </extensions>
    </rtept>
    <rtept lat="46.292854" lon="13.511269">
      <name/>
      <desc>Turn right</desc>
      <extensions>
        <distance>4677.4</distance>
        <duration>1235.6</duration>
        <type>1</type>
        <step>20</step>
      </extensions>
    </rtept>
    <rtept lat="46.292793" lon="13.511328">
      <name/>
      <desc>Turn right</desc>
      <extensions>
        <distance>4677.4</distance>
        <duration>1235.6</duration>
        <type>1</type>
        <step>20</step>
      </extensions>
    </rtept>
    <rtept lat="46.292491" lon="13.512148">
      <name/>
      <desc>Turn right</desc>
      <extensions>
        <distance>4677.4</distance>
        <duration>1235.6</duration>
        <type>1</type>
        <step>20</step>
      </extensions>
    </rtept>
    <rtept lat="46.292432" lon="13.512409">
      <name/>
      <desc>Turn right</desc>
      <extensions>
        <distance>4677.4</distance>
        <duration>1235.6</duration>
        <type>1</type>
        <step>20</step>
      </extensions>
    </rtept>
    <rtept lat="46.292302" lon="13.512614">
      <name/>
      <desc>Turn right</desc>
      <extensions>
        <distance>4677.4</distance>
        <duration>1235.6</duration>
        <type>1</type>
        <step>20</step>
      </extensions>
    </rtept>
    <rtept lat="46.292048" lon="13.513216">
      <name/>
      <desc>Turn right</desc>
      <extensions>
        <distance>4677.4</distance>
        <duration>1235.6</duration>
        <type>1</type>
        <step>20</step>
      </extensions>
    </rtept>
    <rtept lat="46.292023" lon="13.513431">
      <name/>
      <desc>Turn right</desc>
      <extensions>
        <distance>4677.4</distance>
        <duration>1235.6</duration>
        <type>1</type>
        <step>20</step>
      </extensions>
    </rtept>
    <rtept lat="46.292023" lon="13.513596">
      <name/>
      <desc>Turn right</desc>
      <extensions>
        <distance>4677.4</distance>
        <duration>1235.6</duration>
        <type>1</type>
        <step>20</step>
      </extensions>
    </rtept>
    <rtept lat="46.292005" lon="13.51365">
      <name/>
      <desc>Turn right</desc>
      <extensions>
        <distance>4677.4</distance>
        <duration>1235.6</duration>
        <type>1</type>
        <step>20</step>
      </extensions>
    </rtept>
    <rtept lat="46.291879" lon="13.51376">
      <name/>
      <desc>Turn right</desc>
      <extensions>
        <distance>4677.4</distance>
        <duration>1235.6</duration>
        <type>1</type>
        <step>20</step>
      </extensions>
    </rtept>
    <rtept lat="46.29184" lon="13.513846">
      <name/>
      <desc>Turn right</desc>
      <extensions>
        <distance>4677.4</distance>
        <duration>1235.6</duration>
        <type>1</type>
        <step>20</step>
      </extensions>
    </rtept>
    <rtept lat="46.29181" lon="13.513992">
      <name/>
      <desc>Turn right</desc>
      <extensions>
        <distance>4677.4</distance>
        <duration>1235.6</duration>
        <type>1</type>
        <step>20</step>
      </extensions>
    </rtept>
    <rtept lat="46.291741" lon="13.514155">
      <name/>
      <desc>Turn right</desc>
      <extensions>
        <distance>4677.4</distance>
        <duration>1235.6</duration>
        <type>1</type>
        <step>20</step>
      </extensions>
    </rtept>
    <rtept lat="46.291538" lon="13.51449">
      <name/>
      <desc>Turn right</desc>
      <extensions>
        <distance>4677.4</distance>
        <duration>1235.6</duration>
        <type>1</type>
        <step>20</step>
      </extensions>
    </rtept>
    <rtept lat="46.291437" lon="13.514794">
      <name/>
      <desc>Turn right</desc>
      <extensions>
        <distance>4677.4</distance>
        <duration>1235.6</duration>
        <type>1</type>
        <step>20</step>
      </extensions>
    </rtept>
    <rtept lat="46.29144" lon="13.514972">
      <name/>
      <desc>Turn right</desc>
      <extensions>
        <distance>4677.4</distance>
        <duration>1235.6</duration>
        <type>1</type>
        <step>20</step>
      </extensions>
    </rtept>
    <rtept lat="46.291213" lon="13.515705">
      <name/>
      <desc>Turn right</desc>
      <extensions>
        <distance>4677.4</distance>
        <duration>1235.6</duration>
        <type>1</type>
        <step>20</step>
      </extensions>
    </rtept>
    <rtept lat="46.290956" lon="13.516257">
      <name/>
      <desc>Turn right</desc>
      <extensions>
        <distance>4677.4</distance>
        <duration>1235.6</duration>
        <type>1</type>
        <step>20</step>
      </extensions>
    </rtept>
    <rtept lat="46.290807" lon="13.516928">
      <name/>
      <desc>Turn right</desc>
      <extensions>
        <distance>4677.4</distance>
        <duration>1235.6</duration>
        <type>1</type>
        <step>20</step>
      </extensions>
    </rtept>
    <rtept lat="46.290253" lon="13.517806">
      <name/>
      <desc>Turn right</desc>
      <extensions>
        <distance>4677.4</distance>
        <duration>1235.6</duration>
        <type>1</type>
        <step>20</step>
      </extensions>
    </rtept>
    <rtept lat="46.290056" lon="13.518175">
      <name/>
      <desc>Turn right</desc>
      <extensions>
        <distance>4677.4</distance>
        <duration>1235.6</duration>
        <type>1</type>
        <step>20</step>
      </extensions>
    </rtept>
    <rtept lat="46.289999" lon="13.518504">
      <name/>
      <desc>Turn right</desc>
      <extensions>
        <distance>4677.4</distance>
        <duration>1235.6</duration>
        <type>1</type>
        <step>20</step>
      </extensions>
    </rtept>
    <rtept lat="46.290011" lon="13.518695">
      <name/>
      <desc>Turn right</desc>
      <extensions>
        <distance>4677.4</distance>
        <duration>1235.6</duration>
        <type>1</type>
        <step>20</step>
      </extensions>
    </rtept>
    <rtept lat="46.289982" lon="13.518843">
      <name/>
      <desc>Turn right</desc>
      <extensions>
        <distance>4677.4</distance>
        <duration>1235.6</duration>
        <type>1</type>
        <step>20</step>
      </extensions>
    </rtept>
    <rtept lat="46.289822" lon="13.519295">
      <name/>
      <desc>Turn right</desc>
      <extensions>
        <distance>4677.4</distance>
        <duration>1235.6</duration>
        <type>1</type>
        <step>20</step>
      </extensions>
    </rtept>
    <rtept lat="46.289761" lon="13.519352">
      <name/>
      <desc>Turn right</desc>
      <extensions>
        <distance>4677.4</distance>
        <duration>1235.6</duration>
        <type>1</type>
        <step>20</step>
      </extensions>
    </rtept>
    <rtept lat="46.289617" lon="13.51973">
      <name/>
      <desc>Turn right</desc>
      <extensions>
        <distance>4677.4</distance>
        <duration>1235.6</duration>
        <type>1</type>
        <step>20</step>
      </extensions>
    </rtept>
    <rtept lat="46.28955" lon="13.51993">
      <name/>
      <desc>Turn right</desc>
      <extensions>
        <distance>4677.4</distance>
        <duration>1235.6</duration>
        <type>1</type>
        <step>20</step>
      </extensions>
    </rtept>
    <rtept lat="46.28952" lon="13.520097">
      <name/>
      <desc>Turn right</desc>
      <extensions>
        <distance>4677.4</distance>
        <duration>1235.6</duration>
        <type>1</type>
        <step>20</step>
      </extensions>
    </rtept>
    <rtept lat="46.289517" lon="13.520831">
      <name/>
      <desc>Turn right</desc>
      <extensions>
        <distance>4677.4</distance>
        <duration>1235.6</duration>
        <type>1</type>
        <step>20</step>
      </extensions>
    </rtept>
    <rtept lat="46.289475" lon="13.521087">
      <name/>
      <desc>Turn right</desc>
      <extensions>
        <distance>4677.4</distance>
        <duration>1235.6</duration>
        <type>1</type>
        <step>20</step>
      </extensions>
    </rtept>
    <rtept lat="46.289514" lon="13.52125">
      <name/>
      <desc>Turn right</desc>
      <extensions>
        <distance>4677.4</distance>
        <duration>1235.6</duration>
        <type>1</type>
        <step>20</step>
      </extensions>
    </rtept>
    <rtept lat="46.289575" lon="13.521358">
      <name/>
      <desc>Turn right</desc>
      <extensions>
        <distance>4677.4</distance>
        <duration>1235.6</duration>
        <type>1</type>
        <step>20</step>
      </extensions>
    </rtept>
    <rtept lat="46.28945" lon="13.521834">
      <name/>
      <desc>Turn right</desc>
      <extensions>
        <distance>4677.4</distance>
        <duration>1235.6</duration>
        <type>1</type>
        <step>20</step>
      </extensions>
    </rtept>
    <rtept lat="46.289419" lon="13.52235">
      <name/>
      <desc>Turn right</desc>
      <extensions>
        <distance>4677.4</distance>
        <duration>1235.6</duration>
        <type>1</type>
        <step>20</step>
      </extensions>
    </rtept>
    <rtept lat="46.289453" lon="13.522728">
      <name/>
      <desc>Turn right</desc>
      <extensions>
        <distance>4677.4</distance>
        <duration>1235.6</duration>
        <type>1</type>
        <step>20</step>
      </extensions>
    </rtept>
    <rtept lat="46.289385" lon="13.523396">
      <name/>
      <desc>Turn right</desc>
      <extensions>
        <distance>4677.4</distance>
        <duration>1235.6</duration>
        <type>1</type>
        <step>20</step>
      </extensions>
    </rtept>
    <rtept lat="46.289293" lon="13.523961">
      <name/>
      <desc>Turn right</desc>
      <extensions>
        <distance>4677.4</distance>
        <duration>1235.6</duration>
        <type>1</type>
        <step>20</step>
      </extensions>
    </rtept>
    <rtept lat="46.289383" lon="13.524248">
      <name/>
      <desc>Turn right</desc>
      <extensions>
        <distance>4677.4</distance>
        <duration>1235.6</duration>
        <type>1</type>
        <step>20</step>
      </extensions>
    </rtept>
    <rtept lat="46.289441" lon="13.524512">
      <name/>
      <desc>Turn right</desc>
      <extensions>
        <distance>4677.4</distance>
        <duration>1235.6</duration>
        <type>1</type>
        <step>20</step>
      </extensions>
    </rtept>
    <rtept lat="46.289579" lon="13.525315">
      <name/>
      <desc>Turn right</desc>
      <extensions>
        <distance>4677.4</distance>
        <duration>1235.6</duration>
        <type>1</type>
        <step>20</step>
      </extensions>
    </rtept>
    <rtept lat="46.289674" lon="13.525524">
      <name/>
      <desc>Turn right</desc>
      <extensions>
        <distance>4677.4</distance>
        <duration>1235.6</duration>
        <type>1</type>
        <step>20</step>
      </extensions>
    </rtept>
    <rtept lat="46.289784" lon="13.525691">
      <name/>
      <desc>Turn right</desc>
      <extensions>
        <distance>4677.4</distance>
        <duration>1235.6</duration>
        <type>1</type>
        <step>20</step>
      </extensions>
    </rtept>
    <rtept lat="46.289871" lon="13.52579">
      <name/>
      <desc>Turn right</desc>
      <extensions>
        <distance>4677.4</distance>
        <duration>1235.6</duration>
        <type>1</type>
        <step>20</step>
      </extensions>
    </rtept>
    <rtept lat="46.289956" lon="13.525835">
      <name/>
      <desc>Turn right</desc>
      <extensions>
        <distance>4677.4</distance>
        <duration>1235.6</duration>
        <type>1</type>
        <step>20</step>
      </extensions>
    </rtept>
    <rtept lat="46.290003" lon="13.525898">
      <name/>
      <desc>Turn right</desc>
      <extensions>
        <distance>4677.4</distance>
        <duration>1235.6</duration>
        <type>1</type>
        <step>20</step>
      </extensions>
    </rtept>
    <rtept lat="46.290027" lon="13.525995">
      <name/>
      <desc>Turn right</desc>
      <extensions>
        <distance>4677.4</distance>
        <duration>1235.6</duration>
        <type>1</type>
        <step>20</step>
      </extensions>
    </rtept>
    <rtept lat="46.289956" lon="13.526475">
      <name/>
      <desc>Turn right</desc>
      <extensions>
        <distance>4677.4</distance>
        <duration>1235.6</duration>
        <type>1</type>
        <step>20</step>
      </extensions>
    </rtept>
    <rtept lat="46.289961" lon="13.526774">
      <name/>
      <desc>Turn right</desc>
      <extensions>
        <distance>4677.4</distance>
        <duration>1235.6</duration>
        <type>1</type>
        <step>20</step>
      </extensions>
    </rtept>
    <rtept lat="46.289905" lon="13.527302">
      <name/>
      <desc>Turn right</desc>
      <extensions>
        <distance>4677.4</distance>
        <duration>1235.6</duration>
        <type>1</type>
        <step>20</step>
      </extensions>
    </rtept>
    <rtept lat="46.289942" lon="13.52741">
      <name/>
      <desc>Turn right</desc>
      <extensions>
        <distance>4677.4</distance>
        <duration>1235.6</duration>
        <type>1</type>
        <step>20</step>
      </extensions>
    </rtept>
    <rtept lat="46.290109" lon="13.527673">
      <name/>
      <desc>Turn right</desc>
      <extensions>
        <distance>4677.4</distance>
        <duration>1235.6</duration>
        <type>1</type>
        <step>20</step>
      </extensions>
    </rtept>
    <rtept lat="46.290132" lon="13.527846">
      <name/>
      <desc>Turn right</desc>
      <extensions>
        <distance>4677.4</distance>
        <duration>1235.6</duration>
        <type>1</type>
        <step>20</step>
      </extensions>
    </rtept>
    <rtept lat="46.290216" lon="13.528072">
      <name/>
      <desc>Turn right</desc>
      <extensions>
        <distance>4677.4</distance>
        <duration>1235.6</duration>
        <type>1</type>
        <step>20</step>
      </extensions>
    </rtept>
    <rtept lat="46.290256" lon="13.52834">
      <name/>
      <desc>Turn right</desc>
      <extensions>
        <distance>4677.4</distance>
        <duration>1235.6</duration>
        <type>1</type>
        <step>20</step>
      </extensions>
    </rtept>
    <rtept lat="46.290259" lon="13.528679">
      <name/>
      <desc>Turn right</desc>
      <extensions>
        <distance>4677.4</distance>
        <duration>1235.6</duration>
        <type>1</type>
        <step>20</step>
      </extensions>
    </rtept>
    <rtept lat="46.290328" lon="13.529075">
      <name/>
      <desc>Turn right</desc>
      <extensions>
        <distance>4677.4</distance>
        <duration>1235.6</duration>
        <type>1</type>
        <step>20</step>
      </extensions>
    </rtept>
    <rtept lat="46.290246" lon="13.529693">
      <name/>
      <desc>Turn right</desc>
      <extensions>
        <distance>4677.4</distance>
        <duration>1235.6</duration>
        <type>1</type>
        <step>20</step>
      </extensions>
    </rtept>
    <rtept lat="46.290113" lon="13.530262">
      <name/>
      <desc>Turn right</desc>
      <extensions>
        <distance>4677.4</distance>
        <duration>1235.6</duration>
        <type>1</type>
        <step>20</step>
      </extensions>
    </rtept>
    <rtept lat="46.290091" lon="13.530598">
      <name/>
      <desc>Turn right</desc>
      <extensions>
        <distance>4677.4</distance>
        <duration>1235.6</duration>
        <type>1</type>
        <step>20</step>
      </extensions>
    </rtept>
    <rtept lat="46.290098" lon="13.531055">
      <name/>
      <desc>Turn right</desc>
      <extensions>
        <distance>4677.4</distance>
        <duration>1235.6</duration>
        <type>1</type>
        <step>20</step>
      </extensions>
    </rtept>
    <rtept lat="46.290042" lon="13.531454">
      <name/>
      <desc>Turn right</desc>
      <extensions>
        <distance>4677.4</distance>
        <duration>1235.6</duration>
        <type>1</type>
        <step>20</step>
      </extensions>
    </rtept>
    <rtept lat="46.289868" lon="13.532052">
      <name/>
      <desc>Turn right</desc>
      <extensions>
        <distance>4677.4</distance>
        <duration>1235.6</duration>
        <type>1</type>
        <step>20</step>
      </extensions>
    </rtept>
    <rtept lat="46.289803" lon="13.532212">
      <name/>
      <desc>Turn right</desc>
      <extensions>
        <distance>4677.4</distance>
        <duration>1235.6</duration>
        <type>1</type>
        <step>20</step>
      </extensions>
    </rtept>
    <rtept lat="46.289764" lon="13.532386">
      <name/>
      <desc>Turn right</desc>
      <extensions>
        <distance>4677.4</distance>
        <duration>1235.6</duration>
        <type>1</type>
        <step>20</step>
      </extensions>
    </rtept>
    <rtept lat="46.289813" lon="13.532653">
      <name/>
      <desc>Turn right</desc>
      <extensions>
        <distance>4677.4</distance>
        <duration>1235.6</duration>
        <type>1</type>
        <step>20</step>
      </extensions>
    </rtept>
    <rtept lat="46.289867" lon="13.533094">
      <name/>
      <desc>Turn right</desc>
      <extensions>
        <distance>4677.4</distance>
        <duration>1235.6</duration>
        <type>1</type>
        <step>20</step>
      </extensions>
    </rtept>
    <rtept lat="46.289816" lon="13.533449">
      <name/>
      <desc>Turn right</desc>
      <extensions>
        <distance>4677.4</distance>
        <duration>1235.6</duration>
        <type>1</type>
        <step>20</step>
      </extensions>
    </rtept>
    <rtept lat="46.289648" lon="13.533922">
      <name/>
      <desc>Turn right</desc>
      <extensions>
        <distance>4677.4</distance>
        <duration>1235.6</duration>
        <type>1</type>
        <step>20</step>
      </extensions>
    </rtept>
    <rtept lat="46.289417" lon="13.534454">
      <name/>
      <desc>Turn right</desc>
      <extensions>
        <distance>4677.4</distance>
        <duration>1235.6</duration>
        <type>1</type>
        <step>20</step>
      </extensions>
    </rtept>
    <rtept lat="46.289381" lon="13.535004">
      <name/>
      <desc>Turn right</desc>
      <extensions>
        <distance>4677.4</distance>
        <duration>1235.6</duration>
        <type>1</type>
        <step>20</step>
      </extensions>
    </rtept>
    <rtept lat="46.289293" lon="13.535518">
      <name/>
      <desc>Turn right</desc>
      <extensions>
        <distance>4677.4</distance>
        <duration>1235.6</duration>
        <type>1</type>
        <step>20</step>
      </extensions>
    </rtept>
    <rtept lat="46.289337" lon="13.535869">
      <name/>
      <desc>Turn right</desc>
      <extensions>
        <distance>4677.4</distance>
        <duration>1235.6</duration>
        <type>1</type>
        <step>20</step>
      </extensions>
    </rtept>
    <rtept lat="46.289306" lon="13.536273">
      <name/>
      <desc>Keep right</desc>
      <extensions>
        <distance>446.1</distance>
        <duration>100.4</duration>
        <type>13</type>
        <step>21</step>
      </extensions>
    </rtept>
    <rtept lat="46.289247" lon="13.537099">
      <name/>
      <desc>Keep right</desc>
      <extensions>
        <distance>446.1</distance>
        <duration>100.4</duration>
        <type>13</type>
        <step>21</step>
      </extensions>
    </rtept>
    <rtept lat="46.289276" lon="13.53751">
      <name/>
      <desc>Keep right</desc>
      <extensions>
        <distance>446.1</distance>
        <duration>100.4</duration>
        <type>13</type>
        <step>21</step>
      </extensions>
    </rtept>
    <rtept lat="46.289269" lon="13.537846">
      <name/>
      <desc>Keep right</desc>
      <extensions>
        <distance>446.1</distance>
        <duration>100.4</duration>
        <type>13</type>
        <step>21</step>
      </extensions>
    </rtept>
    <rtept lat="46.289318" lon="13.538157">
      <name/>
      <desc>Keep right</desc>
      <extensions>
        <distance>446.1</distance>
        <duration>100.4</duration>
        <type>13</type>
        <step>21</step>
      </extensions>
    </rtept>
    <rtept lat="46.289301" lon="13.538307">
      <name/>
      <desc>Keep right</desc>
      <extensions>
        <distance>446.1</distance>
        <duration>100.4</duration>
        <type>13</type>
        <step>21</step>
      </extensions>
    </rtept>
    <rtept lat="46.289147" lon="13.538714">
      <name/>
      <desc>Keep right</desc>
      <extensions>
        <distance>446.1</distance>
        <duration>100.4</duration>
        <type>13</type>
        <step>21</step>
      </extensions>
    </rtept>
    <rtept lat="46.289161" lon="13.53882">
      <name/>
      <desc>Keep right</desc>
      <extensions>
        <distance>446.1</distance>
        <duration>100.4</duration>
        <type>13</type>
        <step>21</step>
      </extensions>
    </rtept>
    <rtept lat="46.289137" lon="13.538915">
      <name/>
      <desc>Keep right</desc>
      <extensions>
        <distance>446.1</distance>
        <duration>100.4</duration>
        <type>13</type>
        <step>21</step>
      </extensions>
    </rtept>
    <rtept lat="46.289089" lon="13.538965">
      <name/>
      <desc>Keep right</desc>
      <extensions>
        <distance>446.1</distance>
        <duration>100.4</duration>
        <type>13</type>
        <step>21</step>
      </extensions>
    </rtept>
    <rtept lat="46.288971" lon="13.538943">
      <name/>
      <desc>Keep right</desc>
      <extensions>
        <distance>446.1</distance>
        <duration>100.4</duration>
        <type>13</type>
        <step>21</step>
      </extensions>
    </rtept>
    <rtept lat="46.288827" lon="13.539">
      <name/>
      <desc>Keep right</desc>
      <extensions>
        <distance>446.1</distance>
        <duration>100.4</duration>
        <type>13</type>
        <step>21</step>
      </extensions>
    </rtept>
    <rtept lat="46.288607" lon="13.539021">
      <name/>
      <desc>Keep right</desc>
      <extensions>
        <distance>446.1</distance>
        <duration>100.4</duration>
        <type>13</type>
        <step>21</step>
      </extensions>
    </rtept>
    <rtept lat="46.288198" lon="13.538973">
      <name/>
      <desc>Keep right</desc>
      <extensions>
        <distance>446.1</distance>
        <duration>100.4</duration>
        <type>13</type>
        <step>21</step>
      </extensions>
    </rtept>
    <rtept lat="46.288089" lon="13.538914">
      <name/>
      <desc>Keep right</desc>
      <extensions>
        <distance>446.1</distance>
        <duration>100.4</duration>
        <type>13</type>
        <step>21</step>
      </extensions>
    </rtept>
    <rtept lat="46.287863" lon="13.538895">
      <name/>
      <desc>Keep right</desc>
      <extensions>
        <distance>446.1</distance>
        <duration>100.4</duration>
        <type>13</type>
        <step>21</step>
      </extensions>
    </rtept>
    <rtept lat="46.287507" lon="13.538937">
      <name/>
      <desc>Keep right</desc>
      <extensions>
        <distance>446.1</distance>
        <duration>100.4</duration>
        <type>13</type>
        <step>21</step>
      </extensions>
    </rtept>
    <rtept lat="46.287306" lon="13.539052">
      <name/>
      <desc>Keep right</desc>
      <extensions>
        <distance>446.1</distance>
        <duration>100.4</duration>
        <type>13</type>
        <step>21</step>
      </extensions>
    </rtept>
    <rtept lat="46.287193" lon="13.539156">
      <name/>
      <desc>Keep right</desc>
      <extensions>
        <distance>446.1</distance>
        <duration>100.4</duration>
        <type>13</type>
        <step>21</step>
      </extensions>
    </rtept>
    <rtept lat="46.287109" lon="13.539283">
      <name/>
      <desc>Keep left</desc>
      <extensions>
        <distance>132.4</distance>
        <duration>29.8</duration>
        <type>12</type>
        <step>22</step>
      </extensions>
    </rtept>
    <rtept lat="46.287077" lon="13.539453">
      <name/>
      <desc>Keep left</desc>
      <extensions>
        <distance>132.4</distance>
        <duration>29.8</duration>
        <type>12</type>
        <step>22</step>
      </extensions>
    </rtept>
    <rtept lat="46.286938" lon="13.539743">
      <name/>
      <desc>Keep left</desc>
      <extensions>
        <distance>132.4</distance>
        <duration>29.8</duration>
        <type>12</type>
        <step>22</step>
      </extensions>
    </rtept>
    <rtept lat="46.286923" lon="13.540113">
      <name/>
      <desc>Keep left</desc>
      <extensions>
        <distance>132.4</distance>
        <duration>29.8</duration>
        <type>12</type>
        <step>22</step>
      </extensions>
    </rtept>
    <rtept lat="46.286992" lon="13.540704">
      <name/>
      <desc>Keep left</desc>
      <extensions>
        <distance>132.4</distance>
        <duration>29.8</duration>
        <type>12</type>
        <step>22</step>
      </extensions>
    </rtept>
    <rtept lat="46.28698" lon="13.540926">
      <name/>
      <desc>Turn slight right</desc>
      <extensions>
        <distance>794.0</distance>
        <duration>178.7</duration>
        <type>5</type>
        <step>23</step>
      </extensions>
    </rtept>
    <rtept lat="46.286893" lon="13.541057">
      <name/>
      <desc>Turn slight right</desc>
      <extensions>
        <distance>794.0</distance>
        <duration>178.7</duration>
        <type>5</type>
        <step>23</step>
      </extensions>
    </rtept>
    <rtept lat="46.286382" lon="13.541357">
      <name/>
      <desc>Turn slight right</desc>
      <extensions>
        <distance>794.0</distance>
        <duration>178.7</duration>
        <type>5</type>
        <step>23</step>
      </extensions>
    </rtept>
    <rtept lat="46.286276" lon="13.541485">
      <name/>
      <desc>Turn slight right</desc>
      <extensions>
        <distance>794.0</distance>
        <duration>178.7</duration>
        <type>5</type>
        <step>23</step>
      </extensions>
    </rtept>
    <rtept lat="46.28621" lon="13.541612">
      <name/>
      <desc>Turn slight right</desc>
      <extensions>
        <distance>794.0</distance>
        <duration>178.7</duration>
        <type>5</type>
        <step>23</step>
      </extensions>
    </rtept>
    <rtept lat="46.286152" lon="13.541686">
      <name/>
      <desc>Turn slight right</desc>
      <extensions>
        <distance>794.0</distance>
        <duration>178.7</duration>
        <type>5</type>
        <step>23</step>
      </extensions>
    </rtept>
    <rtept lat="46.285958" lon="13.54184">
      <name/>
      <desc>Turn slight right</desc>
      <extensions>
        <distance>794.0</distance>
        <duration>178.7</duration>
        <type>5</type>
        <step>23</step>
      </extensions>
    </rtept>
    <rtept lat="46.285915" lon="13.541913">
      <name/>
      <desc>Turn slight right</desc>
      <extensions>
        <distance>794.0</distance>
        <duration>178.7</duration>
        <type>5</type>
        <step>23</step>
      </extensions>
    </rtept>
    <rtept lat="46.28591" lon="13.541993">
      <name/>
      <desc>Turn slight right</desc>
      <extensions>
        <distance>794.0</distance>
        <duration>178.7</duration>
        <type>5</type>
        <step>23</step>
      </extensions>
    </rtept>
    <rtept lat="46.285929" lon="13.542099">
      <name/>
      <desc>Turn slight right</desc>
      <extensions>
        <distance>794.0</distance>
        <duration>178.7</duration>
        <type>5</type>
        <step>23</step>
      </extensions>
    </rtept>
    <rtept lat="46.286014" lon="13.542262">
      <name/>
      <desc>Turn slight right</desc>
      <extensions>
        <distance>794.0</distance>
        <duration>178.7</duration>
        <type>5</type>
        <step>23</step>
      </extensions>
    </rtept>
    <rtept lat="46.286097" lon="13.5426">
      <name/>
      <desc>Turn slight right</desc>
      <extensions>
        <distance>794.0</distance>
        <duration>178.7</duration>
        <type>5</type>
        <step>23</step>
      </extensions>
    </rtept>
    <rtept lat="46.286108" lon="13.542758">
      <name/>
      <desc>Turn slight right</desc>
      <extensions>
        <distance>794.0</distance>
        <duration>178.7</duration>
        <type>5</type>
        <step>23</step>
      </extensions>
    </rtept>
    <rtept lat="46.286089" lon="13.542861">
      <name/>
      <desc>Turn slight right</desc>
      <extensions>
        <distance>794.0</distance>
        <duration>178.7</duration>
        <type>5</type>
        <step>23</step>
      </extensions>
    </rtept>
    <rtept lat="46.286032" lon="13.542938">
      <name/>
      <desc>Turn slight right</desc>
      <extensions>
        <distance>794.0</distance>
        <duration>178.7</duration>
        <type>5</type>
        <step>23</step>
      </extensions>
    </rtept>
    <rtept lat="46.285975" lon="13.542967">
      <name/>
      <desc>Turn slight right</desc>
      <extensions>
        <distance>794.0</distance>
        <duration>178.7</duration>
        <type>5</type>
        <step>23</step>
      </extensions>
    </rtept>
    <rtept lat="46.285809" lon="13.542986">
      <name/>
      <desc>Turn slight right</desc>
      <extensions>
        <distance>794.0</distance>
        <duration>178.7</duration>
        <type>5</type>
        <step>23</step>
      </extensions>
    </rtept>
    <rtept lat="46.285605" lon="13.543065">
      <name/>
      <desc>Turn slight right</desc>
      <extensions>
        <distance>794.0</distance>
        <duration>178.7</duration>
        <type>5</type>
        <step>23</step>
      </extensions>
    </rtept>
    <rtept lat="46.285443" lon="13.543344">
      <name/>
      <desc>Turn slight right</desc>
      <extensions>
        <distance>794.0</distance>
        <duration>178.7</duration>
        <type>5</type>
        <step>23</step>
      </extensions>
    </rtept>
    <rtept lat="46.285272" lon="13.543714">
      <name/>
      <desc>Turn slight right</desc>
      <extensions>
        <distance>794.0</distance>
        <duration>178.7</duration>
        <type>5</type>
        <step>23</step>
      </extensions>
    </rtept>
    <rtept lat="46.285244" lon="13.543853">
      <name/>
      <desc>Turn slight right</desc>
      <extensions>
        <distance>794.0</distance>
        <duration>178.7</duration>
        <type>5</type>
        <step>23</step>
      </extensions>
    </rtept>
    <rtept lat="46.285228" lon="13.544298">
      <name/>
      <desc>Turn slight right</desc>
      <extensions>
        <distance>794.0</distance>
        <duration>178.7</duration>
        <type>5</type>
        <step>23</step>
      </extensions>
    </rtept>
    <rtept lat="46.285253" lon="13.54467">
      <name/>
      <desc>Turn slight right</desc>
      <extensions>
        <distance>794.0</distance>
        <duration>178.7</duration>
        <type>5</type>
        <step>23</step>
      </extensions>
    </rtept>
    <rtept lat="46.285406" lon="13.545101">
      <name/>
      <desc>Turn slight right</desc>
      <extensions>
        <distance>794.0</distance>
        <duration>178.7</duration>
        <type>5</type>
        <step>23</step>
      </extensions>
    </rtept>
    <rtept lat="46.285574" lon="13.545351">
      <name/>
      <desc>Turn slight right</desc>
      <extensions>
        <distance>794.0</distance>
        <duration>178.7</duration>
        <type>5</type>
        <step>23</step>
      </extensions>
    </rtept>
    <rtept lat="46.285744" lon="13.545843">
      <name/>
      <desc>Turn slight right</desc>
      <extensions>
        <distance>794.0</distance>
        <duration>178.7</duration>
        <type>5</type>
        <step>23</step>
      </extensions>
    </rtept>
    <rtept lat="46.285988" lon="13.546376">
      <name/>
      <desc>Turn slight right</desc>
      <extensions>
        <distance>794.0</distance>
        <duration>178.7</duration>
        <type>5</type>
        <step>23</step>
      </extensions>
    </rtept>
    <rtept lat="46.286078" lon="13.54653">
      <name/>
      <desc>Turn slight right</desc>
      <extensions>
        <distance>794.0</distance>
        <duration>178.7</duration>
        <type>5</type>
        <step>23</step>
      </extensions>
    </rtept>
    <rtept lat="46.286157" lon="13.546591">
      <name/>
      <desc>Turn slight right</desc>
      <extensions>
        <distance>794.0</distance>
        <duration>178.7</duration>
        <type>5</type>
        <step>23</step>
      </extensions>
    </rtept>
    <rtept lat="46.286203" lon="13.546666">
      <name/>
      <desc>Turn slight right</desc>
      <extensions>
        <distance>794.0</distance>
        <duration>178.7</duration>
        <type>5</type>
        <step>23</step>
      </extensions>
    </rtept>
    <rtept lat="46.286202" lon="13.546798">
      <name/>
      <desc>Turn slight right</desc>
      <extensions>
        <distance>794.0</distance>
        <duration>178.7</duration>
        <type>5</type>
        <step>23</step>
      </extensions>
    </rtept>
    <rtept lat="46.286177" lon="13.547009">
      <name/>
      <desc>Turn slight right</desc>
      <extensions>
        <distance>794.0</distance>
        <duration>178.7</duration>
        <type>5</type>
        <step>23</step>
      </extensions>
    </rtept>
    <rtept lat="46.286143" lon="13.5471">
      <name/>
      <desc>Turn slight right</desc>
      <extensions>
        <distance>794.0</distance>
        <duration>178.7</duration>
        <type>5</type>
        <step>23</step>
      </extensions>
    </rtept>
    <rtept lat="46.286097" lon="13.547165">
      <name/>
      <desc>Turn slight right</desc>
      <extensions>
        <distance>794.0</distance>
        <duration>178.7</duration>
        <type>5</type>
        <step>23</step>
      </extensions>
    </rtept>
    <rtept lat="46.285972" lon="13.547267">
      <name/>
      <desc>Turn slight right</desc>
      <extensions>
        <distance>794.0</distance>
        <duration>178.7</duration>
        <type>5</type>
        <step>23</step>
      </extensions>
    </rtept>
    <rtept lat="46.285929" lon="13.547349">
      <name/>
      <desc>Turn slight right</desc>
      <extensions>
        <distance>794.0</distance>
        <duration>178.7</duration>
        <type>5</type>
        <step>23</step>
      </extensions>
    </rtept>
    <rtept lat="46.285934" lon="13.547773">
      <name/>
      <desc>Turn slight right</desc>
      <extensions>
        <distance>794.0</distance>
        <duration>178.7</duration>
        <type>5</type>
        <step>23</step>
      </extensions>
    </rtept>
    <rtept lat="46.285906" lon="13.547912">
      <name/>
      <desc>Turn slight right</desc>
      <extensions>
        <distance>794.0</distance>
        <duration>178.7</duration>
        <type>5</type>
        <step>23</step>
      </extensions>
    </rtept>
    <rtept lat="46.285728" lon="13.548391">
      <name/>
      <desc>Turn slight right</desc>
      <extensions>
        <distance>794.0</distance>
        <duration>178.7</duration>
        <type>5</type>
        <step>23</step>
      </extensions>
    </rtept>
    <rtept lat="46.28561" lon="13.548643">
      <name/>
      <desc>Turn slight right</desc>
      <extensions>
        <distance>794.0</distance>
        <duration>178.7</duration>
        <type>5</type>
        <step>23</step>
      </extensions>
    </rtept>
    <rtept lat="46.285584" lon="13.548773">
      <name/>
      <desc>Turn slight right</desc>
      <extensions>
        <distance>794.0</distance>
        <duration>178.7</duration>
        <type>5</type>
        <step>23</step>
      </extensions>
    </rtept>
    <rtept lat="46.285593" lon="13.54884">
      <name/>
      <desc>Turn right</desc>
      <extensions>
        <distance>131.0</distance>
        <duration>40.4</duration>
        <type>1</type>
        <step>24</step>
      </extensions>
    </rtept>
    <rtept lat="46.285546" lon="13.548888">
      <name/>
      <desc>Turn right</desc>
      <extensions>
        <distance>131.0</distance>
        <duration>40.4</duration>
        <type>1</type>
        <step>24</step>
      </extensions>
    </rtept>
    <rtept lat="46.285524" lon="13.549064">
      <name/>
      <desc>Turn right</desc>
      <extensions>
        <distance>131.0</distance>
        <duration>40.4</duration>
        <type>1</type>
        <step>24</step>
      </extensions>
    </rtept>
    <rtept lat="46.285497" lon="13.54915">
      <name/>
      <desc>Turn right</desc>
      <extensions>
        <distance>131.0</distance>
        <duration>40.4</duration>
        <type>1</type>
        <step>24</step>
      </extensions>
    </rtept>
    <rtept lat="46.285469" lon="13.549169">
      <name/>
      <desc>Turn right</desc>
      <extensions>
        <distance>131.0</distance>
        <duration>40.4</duration>
        <type>1</type>
        <step>24</step>
      </extensions>
    </rtept>
    <rtept lat="46.285415" lon="13.549153">
      <name/>
      <desc>Turn right</desc>
      <extensions>
        <distance>131.0</distance>
        <duration>40.4</duration>
        <type>1</type>
        <step>24</step>
      </extensions>
    </rtept>
    <rtept lat="46.284871" lon="13.54885">
      <name/>
      <desc>Turn right</desc>
      <extensions>
        <distance>131.0</distance>
        <duration>40.4</duration>
        <type>1</type>
        <step>24</step>
      </extensions>
    </rtept>
    <rtept lat="46.284798" lon="13.548809">
      <name/>
      <desc>Turn right</desc>
      <extensions>
        <distance>131.0</distance>
        <duration>40.4</duration>
        <type>1</type>
        <step>24</step>
      </extensions>
    </rtept>
    <rtept lat="46.284624" lon="13.54872">
      <name/>
      <desc>Turn slight left</desc>
      <extensions>
        <distance>248.5</distance>
        <duration>63.9</duration>
        <type>4</type>
        <step>25</step>
      </extensions>
    </rtept>
    <rtept lat="46.284491" lon="13.548741">
      <name/>
      <desc>Turn slight left</desc>
      <extensions>
        <distance>248.5</distance>
        <duration>63.9</duration>
        <type>4</type>
        <step>25</step>
      </extensions>
    </rtept>
    <rtept lat="46.284465" lon="13.548746">
      <name/>
      <desc>Turn slight left</desc>
      <extensions>
        <distance>248.5</distance>
        <duration>63.9</duration>
        <type>4</type>
        <step>25</step>
      </extensions>
    </rtept>
    <rtept lat="46.284239" lon="13.548771">
      <name/>
      <desc>Turn slight left</desc>
      <extensions>
        <distance>248.5</distance>
        <duration>63.9</duration>
        <type>4</type>
        <step>25</step>
      </extensions>
    </rtept>
    <rtept lat="46.283992" lon="13.548827">
      <name/>
      <desc>Turn slight left</desc>
      <extensions>
        <distance>248.5</distance>
        <duration>63.9</duration>
        <type>4</type>
        <step>25</step>
      </extensions>
    </rtept>
    <rtept lat="46.283935" lon="13.548898">
      <name/>
      <desc>Turn slight left</desc>
      <extensions>
        <distance>248.5</distance>
        <duration>63.9</duration>
        <type>4</type>
        <step>25</step>
      </extensions>
    </rtept>
    <rtept lat="46.283892" lon="13.548992">
      <name/>
      <desc>Turn slight left</desc>
      <extensions>
        <distance>248.5</distance>
        <duration>63.9</duration>
        <type>4</type>
        <step>25</step>
      </extensions>
    </rtept>
    <rtept lat="46.28388" lon="13.549131">
      <name/>
      <desc>Turn slight left</desc>
      <extensions>
        <distance>248.5</distance>
        <duration>63.9</duration>
        <type>4</type>
        <step>25</step>
      </extensions>
    </rtept>
    <rtept lat="46.283842" lon="13.549385">
      <name/>
      <desc>Turn slight left</desc>
      <extensions>
        <distance>248.5</distance>
        <duration>63.9</duration>
        <type>4</type>
        <step>25</step>
      </extensions>
    </rtept>
    <rtept lat="46.283782" lon="13.549474">
      <name/>
      <desc>Turn slight left</desc>
      <extensions>
        <distance>248.5</distance>
        <duration>63.9</duration>
        <type>4</type>
        <step>25</step>
      </extensions>
    </rtept>
    <rtept lat="46.283494" lon="13.549715">
      <name/>
      <desc>Turn slight left</desc>
      <extensions>
        <distance>248.5</distance>
        <duration>63.9</duration>
        <type>4</type>
        <step>25</step>
      </extensions>
    </rtept>
    <rtept lat="46.283408" lon="13.549862">
      <name/>
      <desc>Turn slight left</desc>
      <extensions>
        <distance>248.5</distance>
        <duration>63.9</duration>
        <type>4</type>
        <step>25</step>
      </extensions>
    </rtept>
    <rtept lat="46.283335" lon="13.550058">
      <name/>
      <desc>Turn slight left</desc>
      <extensions>
        <distance>248.5</distance>
        <duration>63.9</duration>
        <type>4</type>
        <step>25</step>
      </extensions>
    </rtept>
    <rtept lat="46.2833" lon="13.550274">
      <name/>
      <desc>Turn slight left</desc>
      <extensions>
        <distance>248.5</distance>
        <duration>63.9</duration>
        <type>4</type>
        <step>25</step>
      </extensions>
    </rtept>
    <rtept lat="46.28329" lon="13.55055">
      <name/>
      <desc>Turn slight left</desc>
      <extensions>
        <distance>248.5</distance>
        <duration>63.9</duration>
        <type>4</type>
        <step>25</step>
      </extensions>
    </rtept>
    <rtept lat="46.283268" lon="13.550719">
      <name/>
      <desc>Turn right</desc>
      <extensions>
        <distance>283.9</distance>
        <duration>73.0</duration>
        <type>1</type>
        <step>26</step>
      </extensions>
    </rtept>
    <rtept lat="46.283211" lon="13.550758">
      <name/>
      <desc>Turn right</desc>
      <extensions>
        <distance>283.9</distance>
        <duration>73.0</duration>
        <type>1</type>
        <step>26</step>
      </extensions>
    </rtept>
    <rtept lat="46.28313" lon="13.55074">
      <name/>
      <desc>Turn right</desc>
      <extensions>
        <distance>283.9</distance>
        <duration>73.0</duration>
        <type>1</type>
        <step>26</step>
      </extensions>
    </rtept>
    <rtept lat="46.282089" lon="13.550332">
      <name/>
      <desc>Turn right</desc>
      <extensions>
        <distance>283.9</distance>
        <duration>73.0</duration>
        <type>1</type>
        <step>26</step>
      </extensions>
    </rtept>
    <rtept lat="46.28161" lon="13.55028">
      <name/>
      <desc>Turn right</desc>
      <extensions>
        <distance>283.9</distance>
        <duration>73.0</duration>
        <type>1</type>
        <step>26</step>
      </extensions>
    </rtept>
    <rtept lat="46.281357" lon="13.550231">
      <name/>
      <desc>Turn right</desc>
      <extensions>
        <distance>283.9</distance>
        <duration>73.0</duration>
        <type>1</type>
        <step>26</step>
      </extensions>
    </rtept>
    <rtept lat="46.280868" lon="13.550072">
      <name/>
      <desc>Turn right</desc>
      <extensions>
        <distance>283.9</distance>
        <duration>73.0</duration>
        <type>1</type>
        <step>26</step>
      </extensions>
    </rtept>
    <rtept lat="46.280776" lon="13.55009">
      <name/>
      <desc>Turn left</desc>
      <extensions>
        <distance>125.2</distance>
        <duration>28.2</duration>
        <type>0</type>
        <step>27</step>
      </extensions>
    </rtept>
    <rtept lat="46.280625" lon="13.550623">
      <name/>
      <desc>Turn left</desc>
      <extensions>
        <distance>125.2</distance>
        <duration>28.2</duration>
        <type>0</type>
        <step>27</step>
      </extensions>
    </rtept>
    <rtept lat="46.280561" lon="13.550908">
      <name/>
      <desc>Turn left</desc>
      <extensions>
        <distance>125.2</distance>
        <duration>28.2</duration>
        <type>0</type>
        <step>27</step>
      </extensions>
    </rtept>
    <rtept lat="46.280359" lon="13.551602">
      <name>Trnovo ob Soči</name>
      <desc>Turn right onto Trnovo ob Soči</desc>
      <extensions>
        <distance>29.9</distance>
        <duration>6.7</duration>
        <type>1</type>
        <step>28</step>
      </extensions>
    </rtept>
    <rtept lat="46.280111" lon="13.551455">
      <name>Trnovo ob Soči, 203</name>
      <desc>Turn left onto Trnovo ob Soči, 203</desc>
      <extensions>
        <distance>125.9</distance>
        <duration>25.2</duration>
        <type>0</type>
        <step>29</step>
      </extensions>
    </rtept>
    <rtept lat="46.279978" lon="13.552064">
      <name>Trnovo ob Soči, 203</name>
      <desc>Turn left onto Trnovo ob Soči, 203</desc>
      <extensions>
        <distance>125.9</distance>
        <duration>25.2</duration>
        <type>0</type>
        <step>29</step>
      </extensions>
    </rtept>
    <rtept lat="46.279845" lon="13.552886">
      <name>Trnovo ob Soči, 203</name>
      <desc>Turn left onto Trnovo ob Soči, 203</desc>
      <extensions>
        <distance>125.9</distance>
        <duration>25.2</duration>
        <type>0</type>
        <step>29</step>
      </extensions>
    </rtept>
    <rtept lat="46.279807" lon="13.553031">
      <name/>
      <desc>Turn sharp right</desc>
      <extensions>
        <distance>1247.2</distance>
        <duration>280.6</duration>
        <type>3</type>
        <step>30</step>
      </extensions>
    </rtept>
    <rtept lat="46.279488" lon="13.552709">
      <name/>
      <desc>Turn sharp right</desc>
      <extensions>
        <distance>1247.2</distance>
        <duration>280.6</duration>
        <type>3</type>
        <step>30</step>
      </extensions>
    </rtept>
    <rtept lat="46.279384" lon="13.552827">
      <name/>
      <desc>Turn sharp right</desc>
      <extensions>
        <distance>1247.2</distance>
        <duration>280.6</duration>
        <type>3</type>
        <step>30</step>
      </extensions>
    </rtept>
    <rtept lat="46.279256" lon="13.552781">
      <name/>
      <desc>Turn sharp right</desc>
      <extensions>
        <distance>1247.2</distance>
        <duration>280.6</duration>
        <type>3</type>
        <step>30</step>
      </extensions>
    </rtept>
    <rtept lat="46.279166" lon="13.55266">
      <name/>
      <desc>Turn sharp right</desc>
      <extensions>
        <distance>1247.2</distance>
        <duration>280.6</duration>
        <type>3</type>
        <step>30</step>
      </extensions>
    </rtept>
    <rtept lat="46.279133" lon="13.55237">
      <name/>
      <desc>Turn sharp right</desc>
      <extensions>
        <distance>1247.2</distance>
        <duration>280.6</duration>
        <type>3</type>
        <step>30</step>
      </extensions>
    </rtept>
    <rtept lat="46.279021" lon="13.552232">
      <name/>
      <desc>Turn sharp right</desc>
      <extensions>
        <distance>1247.2</distance>
        <duration>280.6</duration>
        <type>3</type>
        <step>30</step>
      </extensions>
    </rtept>
    <rtept lat="46.278988" lon="13.551922">
      <name/>
      <desc>Turn sharp right</desc>
      <extensions>
        <distance>1247.2</distance>
        <duration>280.6</duration>
        <type>3</type>
        <step>30</step>
      </extensions>
    </rtept>
    <rtept lat="46.279013" lon="13.551575">
      <name/>
      <desc>Turn sharp right</desc>
      <extensions>
        <distance>1247.2</distance>
        <duration>280.6</duration>
        <type>3</type>
        <step>30</step>
      </extensions>
    </rtept>
    <rtept lat="46.279106" lon="13.551355">
      <name/>
      <desc>Turn sharp right</desc>
      <extensions>
        <distance>1247.2</distance>
        <duration>280.6</duration>
        <type>3</type>
        <step>30</step>
      </extensions>
    </rtept>
    <rtept lat="46.27913" lon="13.551132">
      <name/>
      <desc>Turn sharp right</desc>
      <extensions>
        <distance>1247.2</distance>
        <duration>280.6</duration>
        <type>3</type>
        <step>30</step>
      </extensions>
    </rtept>
    <rtept lat="46.279096" lon="13.550915">
      <name/>
      <desc>Turn sharp right</desc>
      <extensions>
        <distance>1247.2</distance>
        <duration>280.6</duration>
        <type>3</type>
        <step>30</step>
      </extensions>
    </rtept>
    <rtept lat="46.279034" lon="13.550916">
      <name/>
      <desc>Turn sharp right</desc>
      <extensions>
        <distance>1247.2</distance>
        <duration>280.6</duration>
        <type>3</type>
        <step>30</step>
      </extensions>
    </rtept>
    <rtept lat="46.278615" lon="13.551349">
      <name/>
      <desc>Turn sharp right</desc>
      <extensions>
        <distance>1247.2</distance>
        <duration>280.6</duration>
        <type>3</type>
        <step>30</step>
      </extensions>
    </rtept>
    <rtept lat="46.278488" lon="13.551401">
      <name/>
      <desc>Turn sharp right</desc>
      <extensions>
        <distance>1247.2</distance>
        <duration>280.6</duration>
        <type>3</type>
        <step>30</step>
      </extensions>
    </rtept>
    <rtept lat="46.278393" lon="13.551322">
      <name/>
      <desc>Turn sharp right</desc>
      <extensions>
        <distance>1247.2</distance>
        <duration>280.6</duration>
        <type>3</type>
        <step>30</step>
      </extensions>
    </rtept>
    <rtept lat="46.278262" lon="13.55061">
      <name/>
      <desc>Turn sharp right</desc>
      <extensions>
        <distance>1247.2</distance>
        <duration>280.6</duration>
        <type>3</type>
        <step>30</step>
      </extensions>
    </rtept>
    <rtept lat="46.278284" lon="13.55031">
      <name/>
      <desc>Turn sharp right</desc>
      <extensions>
        <distance>1247.2</distance>
        <duration>280.6</duration>
        <type>3</type>
        <step>30</step>
      </extensions>
    </rtept>
    <rtept lat="46.278188" lon="13.550176">
      <name/>
      <desc>Turn sharp right</desc>
      <extensions>
        <distance>1247.2</distance>
        <duration>280.6</duration>
        <type>3</type>
        <step>30</step>
      </extensions>
    </rtept>
    <rtept lat="46.277942" lon="13.550144">
      <name/>
      <desc>Turn sharp right</desc>
      <extensions>
        <distance>1247.2</distance>
        <duration>280.6</duration>
        <type>3</type>
        <step>30</step>
      </extensions>
    </rtept>
    <rtept lat="46.277524" lon="13.550243">
      <name/>
      <desc>Turn sharp right</desc>
      <extensions>
        <distance>1247.2</distance>
        <duration>280.6</duration>
        <type>3</type>
        <step>30</step>
      </extensions>
    </rtept>
    <rtept lat="46.277341" lon="13.550453">
      <name/>
      <desc>Turn sharp right</desc>
      <extensions>
        <distance>1247.2</distance>
        <duration>280.6</duration>
        <type>3</type>
        <step>30</step>
      </extensions>
    </rtept>
    <rtept lat="46.277139" lon="13.550592">
      <name/>
      <desc>Turn sharp right</desc>
      <extensions>
        <distance>1247.2</distance>
        <duration>280.6</duration>
        <type>3</type>
        <step>30</step>
      </extensions>
    </rtept>
    <rtept lat="46.276978" lon="13.550753">
      <name/>
      <desc>Turn sharp right</desc>
      <extensions>
        <distance>1247.2</distance>
        <duration>280.6</duration>
        <type>3</type>
        <step>30</step>
      </extensions>
    </rtept>
    <rtept lat="46.276844" lon="13.550799">
      <name/>
      <desc>Turn sharp right</desc>
      <extensions>
        <distance>1247.2</distance>
        <duration>280.6</duration>
        <type>3</type>
        <step>30</step>
      </extensions>
    </rtept>
    <rtept lat="46.276766" lon="13.550627">
      <name/>
      <desc>Turn sharp right</desc>
      <extensions>
        <distance>1247.2</distance>
        <duration>280.6</duration>
        <type>3</type>
        <step>30</step>
      </extensions>
    </rtept>
    <rtept lat="46.276716" lon="13.550157">
      <name/>
      <desc>Turn sharp right</desc>
      <extensions>
        <distance>1247.2</distance>
        <duration>280.6</duration>
        <type>3</type>
        <step>30</step>
      </extensions>
    </rtept>
    <rtept lat="46.276731" lon="13.549552">
      <name/>
      <desc>Turn sharp right</desc>
      <extensions>
        <distance>1247.2</distance>
        <duration>280.6</duration>
        <type>3</type>
        <step>30</step>
      </extensions>
    </rtept>
    <rtept lat="46.27672" lon="13.549127">
      <name/>
      <desc>Turn sharp right</desc>
      <extensions>
        <distance>1247.2</distance>
        <duration>280.6</duration>
        <type>3</type>
        <step>30</step>
      </extensions>
    </rtept>
    <rtept lat="46.276698" lon="13.548893">
      <name/>
      <desc>Turn sharp right</desc>
      <extensions>
        <distance>1247.2</distance>
        <duration>280.6</duration>
        <type>3</type>
        <step>30</step>
      </extensions>
    </rtept>
    <rtept lat="46.276638" lon="13.548833">
      <name/>
      <desc>Turn sharp right</desc>
      <extensions>
        <distance>1247.2</distance>
        <duration>280.6</duration>
        <type>3</type>
        <step>30</step>
      </extensions>
    </rtept>
    <rtept lat="46.276267" lon="13.549071">
      <name/>
      <desc>Turn sharp right</desc>
      <extensions>
        <distance>1247.2</distance>
        <duration>280.6</duration>
        <type>3</type>
        <step>30</step>
      </extensions>
    </rtept>
    <rtept lat="46.276011" lon="13.549146">
      <name/>
      <desc>Turn sharp right</desc>
      <extensions>
        <distance>1247.2</distance>
        <duration>280.6</duration>
        <type>3</type>
        <step>30</step>
      </extensions>
    </rtept>
    <rtept lat="46.275682" lon="13.549036">
      <name/>
      <desc>Turn sharp right</desc>
      <extensions>
        <distance>1247.2</distance>
        <duration>280.6</duration>
        <type>3</type>
        <step>30</step>
      </extensions>
    </rtept>
    <rtept lat="46.275408" lon="13.548763">
      <name/>
      <desc>Turn sharp right</desc>
      <extensions>
        <distance>1247.2</distance>
        <duration>280.6</duration>
        <type>3</type>
        <step>30</step>
      </extensions>
    </rtept>
    <rtept lat="46.27524" lon="13.548208">
      <name/>
      <desc>Turn sharp right</desc>
      <extensions>
        <distance>1247.2</distance>
        <duration>280.6</duration>
        <type>3</type>
        <step>30</step>
      </extensions>
    </rtept>
    <rtept lat="46.274966" lon="13.547643">
      <name/>
      <desc>Turn sharp right</desc>
      <extensions>
        <distance>1247.2</distance>
        <duration>280.6</duration>
        <type>3</type>
        <step>30</step>
      </extensions>
    </rtept>
    <rtept lat="46.274907" lon="13.547631">
      <name/>
      <desc>Turn sharp right</desc>
      <extensions>
        <distance>1247.2</distance>
        <duration>280.6</duration>
        <type>3</type>
        <step>30</step>
      </extensions>
    </rtept>
    <rtept lat="46.274777" lon="13.547799">
      <name/>
      <desc>Turn sharp right</desc>
      <extensions>
        <distance>1247.2</distance>
        <duration>280.6</duration>
        <type>3</type>
        <step>30</step>
      </extensions>
    </rtept>
    <rtept lat="46.274654" lon="13.547909">
      <name/>
      <desc>Turn sharp right</desc>
      <extensions>
        <distance>1247.2</distance>
        <duration>280.6</duration>
        <type>3</type>
        <step>30</step>
      </extensions>
    </rtept>
    <rtept lat="46.274411" lon="13.548014">
      <name/>
      <desc>Turn sharp right</desc>
      <extensions>
        <distance>1247.2</distance>
        <duration>280.6</duration>
        <type>3</type>
        <step>30</step>
      </extensions>
    </rtept>
    <rtept lat="46.274189" lon="13.548236">
      <name/>
      <desc>Turn sharp right</desc>
      <extensions>
        <distance>1247.2</distance>
        <duration>280.6</duration>
        <type>3</type>
        <step>30</step>
      </extensions>
    </rtept>
    <rtept lat="46.273998" lon="13.548195">
      <name/>
      <desc>Turn sharp right</desc>
      <extensions>
        <distance>1247.2</distance>
        <duration>280.6</duration>
        <type>3</type>
        <step>30</step>
      </extensions>
    </rtept>
    <rtept lat="46.273748" lon="13.54795">
      <name/>
      <desc>Turn sharp right</desc>
      <extensions>
        <distance>1247.2</distance>
        <duration>280.6</duration>
        <type>3</type>
        <step>30</step>
      </extensions>
    </rtept>
    <rtept lat="46.273586" lon="13.547918">
      <name/>
      <desc>Turn sharp right</desc>
      <extensions>
        <distance>1247.2</distance>
        <duration>280.6</duration>
        <type>3</type>
        <step>30</step>
      </extensions>
    </rtept>
    <rtept lat="46.273454" lon="13.547922">
      <name/>
      <desc>Turn sharp right</desc>
      <extensions>
        <distance>1247.2</distance>
        <duration>280.6</duration>
        <type>3</type>
        <step>30</step>
      </extensions>
    </rtept>
    <rtept lat="46.273302" lon="13.548164">
      <name/>
      <desc>Turn sharp right</desc>
      <extensions>
        <distance>1247.2</distance>
        <duration>280.6</duration>
        <type>3</type>
        <step>30</step>
      </extensions>
    </rtept>
    <rtept lat="46.273259" lon="13.548406">
      <name/>
      <desc>Turn sharp right</desc>
      <extensions>
        <distance>1247.2</distance>
        <duration>280.6</duration>
        <type>3</type>
        <step>30</step>
      </extensions>
    </rtept>
    <rtept lat="46.273319" lon="13.548549">
      <name/>
      <desc>Turn sharp right</desc>
      <extensions>
        <distance>1247.2</distance>
        <duration>280.6</duration>
        <type>3</type>
        <step>30</step>
      </extensions>
    </rtept>
    <rtept lat="46.273351" lon="13.548768">
      <name/>
      <desc>Turn sharp right</desc>
      <extensions>
        <distance>21.5</distance>
        <duration>4.8</duration>
        <type>3</type>
        <step>31</step>
      </extensions>
    </rtept>
    <rtept lat="46.273319" lon="13.548717">
      <name/>
      <desc>Turn sharp right</desc>
      <extensions>
        <distance>21.5</distance>
        <duration>4.8</duration>
        <type>3</type>
        <step>31</step>
      </extensions>
    </rtept>
    <rtept lat="46.273271" lon="13.548685">
      <name/>
      <desc>Turn sharp right</desc>
      <extensions>
        <distance>21.5</distance>
        <duration>4.8</duration>
        <type>3</type>
        <step>31</step>
      </extensions>
    </rtept>
    <rtept lat="46.273232" lon="13.5487">
      <name/>
      <desc>Turn sharp right</desc>
      <extensions>
        <distance>21.5</distance>
        <duration>4.8</duration>
        <type>3</type>
        <step>31</step>
      </extensions>
    </rtept>
    <rtept lat="46.273192" lon="13.548749">
      <name/>
      <desc>Turn left</desc>
      <extensions>
        <distance>1436.2</distance>
        <duration>323.1</duration>
        <type>0</type>
        <step>32</step>
      </extensions>
    </rtept>
    <rtept lat="46.273195" lon="13.548954">
      <name/>
      <desc>Turn left</desc>
      <extensions>
        <distance>1436.2</distance>
        <duration>323.1</duration>
        <type>0</type>
        <step>32</step>
      </extensions>
    </rtept>
    <rtept lat="46.273228" lon="13.549165">
      <name/>
      <desc>Turn left</desc>
      <extensions>
        <distance>1436.2</distance>
        <duration>323.1</duration>
        <type>0</type>
        <step>32</step>
      </extensions>
    </rtept>
    <rtept lat="46.273389" lon="13.549596">
      <name/>
      <desc>Turn left</desc>
      <extensions>
        <distance>1436.2</distance>
        <duration>323.1</duration>
        <type>0</type>
        <step>32</step>
      </extensions>
    </rtept>
    <rtept lat="46.273421" lon="13.55005">
      <name/>
      <desc>Turn left</desc>
      <extensions>
        <distance>1436.2</distance>
        <duration>323.1</duration>
        <type>0</type>
        <step>32</step>
      </extensions>
    </rtept>
    <rtept lat="46.273421" lon="13.550314">
      <name/>
      <desc>Turn left</desc>
      <extensions>
        <distance>1436.2</distance>
        <duration>323.1</duration>
        <type>0</type>
        <step>32</step>
      </extensions>
    </rtept>
    <rtept lat="46.273308" lon="13.550866">
      <name/>
      <desc>Turn left</desc>
      <extensions>
        <distance>1436.2</distance>
        <duration>323.1</duration>
        <type>0</type>
        <step>32</step>
      </extensions>
    </rtept>
    <rtept lat="46.27325" lon="13.551237">
      <name/>
      <desc>Turn left</desc>
      <extensions>
        <distance>1436.2</distance>
        <duration>323.1</duration>
        <type>0</type>
        <step>32</step>
      </extensions>
    </rtept>
    <rtept lat="46.273229" lon="13.551722">
      <name/>
      <desc>Turn left</desc>
      <extensions>
        <distance>1436.2</distance>
        <duration>323.1</duration>
        <type>0</type>
        <step>32</step>
      </extensions>
    </rtept>
    <rtept lat="46.273236" lon="13.55203">
      <name/>
      <desc>Turn left</desc>
      <extensions>
        <distance>1436.2</distance>
        <duration>323.1</duration>
        <type>0</type>
        <step>32</step>
      </extensions>
    </rtept>
    <rtept lat="46.273212" lon="13.552129">
      <name/>
      <desc>Turn left</desc>
      <extensions>
        <distance>1436.2</distance>
        <duration>323.1</duration>
        <type>0</type>
        <step>32</step>
      </extensions>
    </rtept>
    <rtept lat="46.273186" lon="13.552146">
      <name/>
      <desc>Turn left</desc>
      <extensions>
        <distance>1436.2</distance>
        <duration>323.1</duration>
        <type>0</type>
        <step>32</step>
      </extensions>
    </rtept>
    <rtept lat="46.273151" lon="13.552136">
      <name/>
      <desc>Turn left</desc>
      <extensions>
        <distance>1436.2</distance>
        <duration>323.1</duration>
        <type>0</type>
        <step>32</step>
      </extensions>
    </rtept>
    <rtept lat="46.273105" lon="13.552075">
      <name/>
      <desc>Turn left</desc>
      <extensions>
        <distance>1436.2</distance>
        <duration>323.1</duration>
        <type>0</type>
        <step>32</step>
      </extensions>
    </rtept>
    <rtept lat="46.27299" lon="13.551205">
      <name/>
      <desc>Turn left</desc>
      <extensions>
        <distance>1436.2</distance>
        <duration>323.1</duration>
        <type>0</type>
        <step>32</step>
      </extensions>
    </rtept>
    <rtept lat="46.272962" lon="13.55077">
      <name/>
      <desc>Turn left</desc>
      <extensions>
        <distance>1436.2</distance>
        <duration>323.1</duration>
        <type>0</type>
        <step>32</step>
      </extensions>
    </rtept>
    <rtept lat="46.272935" lon="13.550683">
      <name/>
      <desc>Turn left</desc>
      <extensions>
        <distance>1436.2</distance>
        <duration>323.1</duration>
        <type>0</type>
        <step>32</step>
      </extensions>
    </rtept>
    <rtept lat="46.272883" lon="13.550636">
      <name/>
      <desc>Turn left</desc>
      <extensions>
        <distance>1436.2</distance>
        <duration>323.1</duration>
        <type>0</type>
        <step>32</step>
      </extensions>
    </rtept>
    <rtept lat="46.272799" lon="13.550622">
      <name/>
      <desc>Turn left</desc>
      <extensions>
        <distance>1436.2</distance>
        <duration>323.1</duration>
        <type>0</type>
        <step>32</step>
      </extensions>
    </rtept>
    <rtept lat="46.272729" lon="13.550668">
      <name/>
      <desc>Turn left</desc>
      <extensions>
        <distance>1436.2</distance>
        <duration>323.1</duration>
        <type>0</type>
        <step>32</step>
      </extensions>
    </rtept>
    <rtept lat="46.272586" lon="13.550869">
      <name/>
      <desc>Turn left</desc>
      <extensions>
        <distance>1436.2</distance>
        <duration>323.1</duration>
        <type>0</type>
        <step>32</step>
      </extensions>
    </rtept>
    <rtept lat="46.272122" lon="13.55132">
      <name/>
      <desc>Turn left</desc>
      <extensions>
        <distance>1436.2</distance>
        <duration>323.1</duration>
        <type>0</type>
        <step>32</step>
      </extensions>
    </rtept>
    <rtept lat="46.272022" lon="13.55149">
      <name/>
      <desc>Turn left</desc>
      <extensions>
        <distance>1436.2</distance>
        <duration>323.1</duration>
        <type>0</type>
        <step>32</step>
      </extensions>
    </rtept>
    <rtept lat="46.271706" lon="13.552073">
      <name/>
      <desc>Turn left</desc>
      <extensions>
        <distance>1436.2</distance>
        <duration>323.1</duration>
        <type>0</type>
        <step>32</step>
      </extensions>
    </rtept>
    <rtept lat="46.271499" lon="13.552501">
      <name/>
      <desc>Turn left</desc>
      <extensions>
        <distance>1436.2</distance>
        <duration>323.1</duration>
        <type>0</type>
        <step>32</step>
      </extensions>
    </rtept>
    <rtept lat="46.271312" lon="13.55296">
      <name/>
      <desc>Turn left</desc>
      <extensions>
        <distance>1436.2</distance>
        <duration>323.1</duration>
        <type>0</type>
        <step>32</step>
      </extensions>
    </rtept>
    <rtept lat="46.271023" lon="13.553736">
      <name/>
      <desc>Turn left</desc>
      <extensions>
        <distance>1436.2</distance>
        <duration>323.1</duration>
        <type>0</type>
        <step>32</step>
      </extensions>
    </rtept>
    <rtept lat="46.270703" lon="13.554793">
      <name/>
      <desc>Turn left</desc>
      <extensions>
        <distance>1436.2</distance>
        <duration>323.1</duration>
        <type>0</type>
        <step>32</step>
      </extensions>
    </rtept>
    <rtept lat="46.2706" lon="13.555089">
      <name/>
      <desc>Turn left</desc>
      <extensions>
        <distance>1436.2</distance>
        <duration>323.1</duration>
        <type>0</type>
        <step>32</step>
      </extensions>
    </rtept>
    <rtept lat="46.270526" lon="13.555238">
      <name/>
      <desc>Turn left</desc>
      <extensions>
        <distance>1436.2</distance>
        <duration>323.1</duration>
        <type>0</type>
        <step>32</step>
      </extensions>
    </rtept>
    <rtept lat="46.27042" lon="13.555401">
      <name/>
      <desc>Turn left</desc>
      <extensions>
        <distance>1436.2</distance>
        <duration>323.1</duration>
        <type>0</type>
        <step>32</step>
      </extensions>
    </rtept>
    <rtept lat="46.270358" lon="13.555606">
      <name/>
      <desc>Turn left</desc>
      <extensions>
        <distance>1436.2</distance>
        <duration>323.1</duration>
        <type>0</type>
        <step>32</step>
      </extensions>
    </rtept>
    <rtept lat="46.270192" lon="13.556343">
      <name/>
      <desc>Turn left</desc>
      <extensions>
        <distance>1436.2</distance>
        <duration>323.1</duration>
        <type>0</type>
        <step>32</step>
      </extensions>
    </rtept>
    <rtept lat="46.270151" lon="13.55679">
      <name/>
      <desc>Turn left</desc>
      <extensions>
        <distance>1436.2</distance>
        <duration>323.1</duration>
        <type>0</type>
        <step>32</step>
      </extensions>
    </rtept>
    <rtept lat="46.270121" lon="13.556935">
      <name/>
      <desc>Turn left</desc>
      <extensions>
        <distance>1436.2</distance>
        <duration>323.1</duration>
        <type>0</type>
        <step>32</step>
      </extensions>
    </rtept>
    <rtept lat="46.270063" lon="13.557092">
      <name/>
      <desc>Turn left</desc>
      <extensions>
        <distance>1436.2</distance>
        <duration>323.1</duration>
        <type>0</type>
        <step>32</step>
      </extensions>
    </rtept>
    <rtept lat="46.26984" lon="13.557365">
      <name/>
      <desc>Turn left</desc>
      <extensions>
        <distance>1436.2</distance>
        <duration>323.1</duration>
        <type>0</type>
        <step>32</step>
      </extensions>
    </rtept>
    <rtept lat="46.269329" lon="13.558089">
      <name/>
      <desc>Turn left</desc>
      <extensions>
        <distance>1436.2</distance>
        <duration>323.1</duration>
        <type>0</type>
        <step>32</step>
      </extensions>
    </rtept>
    <rtept lat="46.269088" lon="13.558439">
      <name/>
      <desc>Turn left</desc>
      <extensions>
        <distance>1436.2</distance>
        <duration>323.1</duration>
        <type>0</type>
        <step>32</step>
      </extensions>
    </rtept>
    <rtept lat="46.268922" lon="13.558717">
      <name/>
      <desc>Turn left</desc>
      <extensions>
        <distance>1436.2</distance>
        <duration>323.1</duration>
        <type>0</type>
        <step>32</step>
      </extensions>
    </rtept>
    <rtept lat="46.268782" lon="13.559062">
      <name/>
      <desc>Turn left</desc>
      <extensions>
        <distance>1436.2</distance>
        <duration>323.1</duration>
        <type>0</type>
        <step>32</step>
      </extensions>
    </rtept>
    <rtept lat="46.268013" lon="13.561238">
      <name/>
      <desc>Turn left</desc>
      <extensions>
        <distance>1436.2</distance>
        <duration>323.1</duration>
        <type>0</type>
        <step>32</step>
      </extensions>
    </rtept>
    <rtept lat="46.267961" lon="13.561358">
      <name/>
      <desc>Turn left</desc>
      <extensions>
        <distance>1436.2</distance>
        <duration>323.1</duration>
        <type>0</type>
        <step>32</step>
      </extensions>
    </rtept>
    <rtept lat="46.267889" lon="13.561444">
      <name/>
      <desc>Turn left</desc>
      <extensions>
        <distance>1436.2</distance>
        <duration>323.1</duration>
        <type>0</type>
        <step>32</step>
      </extensions>
    </rtept>
    <rtept lat="46.267782" lon="13.561505">
      <name/>
      <desc>Keep right</desc>
      <extensions>
        <distance>1244.9</distance>
        <duration>280.1</duration>
        <type>13</type>
        <step>33</step>
      </extensions>
    </rtept>
    <rtept lat="46.267561" lon="13.561647">
      <name/>
      <desc>Keep right</desc>
      <extensions>
        <distance>1244.9</distance>
        <duration>280.1</duration>
        <type>13</type>
        <step>33</step>
      </extensions>
    </rtept>
    <rtept lat="46.267495" lon="13.561639">
      <name/>
      <desc>Keep right</desc>
      <extensions>
        <distance>1244.9</distance>
        <duration>280.1</duration>
        <type>13</type>
        <step>33</step>
      </extensions>
    </rtept>
    <rtept lat="46.267455" lon="13.561591">
      <name/>
      <desc>Keep right</desc>
      <extensions>
        <distance>1244.9</distance>
        <duration>280.1</duration>
        <type>13</type>
        <step>33</step>
      </extensions>
    </rtept>
    <rtept lat="46.267445" lon="13.561507">
      <name/>
      <desc>Keep right</desc>
      <extensions>
        <distance>1244.9</distance>
        <duration>280.1</duration>
        <type>13</type>
        <step>33</step>
      </extensions>
    </rtept>
    <rtept lat="46.267464" lon="13.561405">
      <name/>
      <desc>Keep right</desc>
      <extensions>
        <distance>1244.9</distance>
        <duration>280.1</duration>
        <type>13</type>
        <step>33</step>
      </extensions>
    </rtept>
    <rtept lat="46.2676" lon="13.560878">
      <name/>
      <desc>Keep right</desc>
      <extensions>
        <distance>1244.9</distance>
        <duration>280.1</duration>
        <type>13</type>
        <step>33</step>
      </extensions>
    </rtept>
    <rtept lat="46.267588" lon="13.560742">
      <name/>
      <desc>Keep right</desc>
      <extensions>
        <distance>1244.9</distance>
        <duration>280.1</duration>
        <type>13</type>
        <step>33</step>
      </extensions>
    </rtept>
    <rtept lat="46.267548" lon="13.560656">
      <name/>
      <desc>Keep right</desc>
      <extensions>
        <distance>1244.9</distance>
        <duration>280.1</duration>
        <type>13</type>
        <step>33</step>
      </extensions>
    </rtept>
    <rtept lat="46.267485" lon="13.560635">
      <name/>
      <desc>Keep right</desc>
      <extensions>
        <distance>1244.9</distance>
        <duration>280.1</duration>
        <type>13</type>
        <step>33</step>
      </extensions>
    </rtept>
    <rtept lat="46.267421" lon="13.560655">
      <name/>
      <desc>Keep right</desc>
      <extensions>
        <distance>1244.9</distance>
        <duration>280.1</duration>
        <type>13</type>
        <step>33</step>
      </extensions>
    </rtept>
    <rtept lat="46.267346" lon="13.560729">
      <name/>
      <desc>Keep right</desc>
      <extensions>
        <distance>1244.9</distance>
        <duration>280.1</duration>
        <type>13</type>
        <step>33</step>
      </extensions>
    </rtept>
    <rtept lat="46.266635" lon="13.561672">
      <name/>
      <desc>Keep right</desc>
      <extensions>
        <distance>1244.9</distance>
        <duration>280.1</duration>
        <type>13</type>
        <step>33</step>
      </extensions>
    </rtept>
    <rtept lat="46.266234" lon="13.562369">
      <name/>
      <desc>Keep right</desc>
      <extensions>
        <distance>1244.9</distance>
        <duration>280.1</duration>
        <type>13</type>
        <step>33</step>
      </extensions>
    </rtept>
    <rtept lat="46.266147" lon="13.562557">
      <name/>
      <desc>Keep right</desc>
      <extensions>
        <distance>1244.9</distance>
        <duration>280.1</duration>
        <type>13</type>
        <step>33</step>
      </extensions>
    </rtept>
    <rtept lat="46.266042" lon="13.562636">
      <name/>
      <desc>Keep right</desc>
      <extensions>
        <distance>1244.9</distance>
        <duration>280.1</duration>
        <type>13</type>
        <step>33</step>
      </extensions>
    </rtept>
    <rtept lat="46.265905" lon="13.56306">
      <name/>
      <desc>Keep right</desc>
      <extensions>
        <distance>1244.9</distance>
        <duration>280.1</duration>
        <type>13</type>
        <step>33</step>
      </extensions>
    </rtept>
    <rtept lat="46.265853" lon="13.563157">
      <name/>
      <desc>Keep right</desc>
      <extensions>
        <distance>1244.9</distance>
        <duration>280.1</duration>
        <type>13</type>
        <step>33</step>
      </extensions>
    </rtept>
    <rtept lat="46.265492" lon="13.563587">
      <name/>
      <desc>Keep right</desc>
      <extensions>
        <distance>1244.9</distance>
        <duration>280.1</duration>
        <type>13</type>
        <step>33</step>
      </extensions>
    </rtept>
    <rtept lat="46.264847" lon="13.564559">
      <name/>
      <desc>Keep right</desc>
      <extensions>
        <distance>1244.9</distance>
        <duration>280.1</duration>
        <type>13</type>
        <step>33</step>
      </extensions>
    </rtept>
    <rtept lat="46.264637" lon="13.564938">
      <name/>
      <desc>Keep right</desc>
      <extensions>
        <distance>1244.9</distance>
        <duration>280.1</duration>
        <type>13</type>
        <step>33</step>
      </extensions>
    </rtept>
    <rtept lat="46.264447" lon="13.565234">
      <name/>
      <desc>Keep right</desc>
      <extensions>
        <distance>1244.9</distance>
        <duration>280.1</duration>
        <type>13</type>
        <step>33</step>
      </extensions>
    </rtept>
    <rtept lat="46.264151" lon="13.565551">
      <name/>
      <desc>Keep right</desc>
      <extensions>
        <distance>1244.9</distance>
        <duration>280.1</duration>
        <type>13</type>
        <step>33</step>
      </extensions>
    </rtept>
    <rtept lat="46.263707" lon="13.565906">
      <name/>
      <desc>Keep right</desc>
      <extensions>
        <distance>1244.9</distance>
        <duration>280.1</duration>
        <type>13</type>
        <step>33</step>
      </extensions>
    </rtept>
    <rtept lat="46.263168" lon="13.566442">
      <name/>
      <desc>Keep right</desc>
      <extensions>
        <distance>1244.9</distance>
        <duration>280.1</duration>
        <type>13</type>
        <step>33</step>
      </extensions>
    </rtept>
    <rtept lat="46.262669" lon="13.566817">
      <name/>
      <desc>Keep right</desc>
      <extensions>
        <distance>1244.9</distance>
        <duration>280.1</duration>
        <type>13</type>
        <step>33</step>
      </extensions>
    </rtept>
    <rtept lat="46.26224" lon="13.567053">
      <name/>
      <desc>Keep right</desc>
      <extensions>
        <distance>1244.9</distance>
        <duration>280.1</duration>
        <type>13</type>
        <step>33</step>
      </extensions>
    </rtept>
    <rtept lat="46.262075" lon="13.567075">
      <name/>
      <desc>Keep right</desc>
      <extensions>
        <distance>1244.9</distance>
        <duration>280.1</duration>
        <type>13</type>
        <step>33</step>
      </extensions>
    </rtept>
    <rtept lat="46.261843" lon="13.567045">
      <name/>
      <desc>Keep right</desc>
      <extensions>
        <distance>1244.9</distance>
        <duration>280.1</duration>
        <type>13</type>
        <step>33</step>
      </extensions>
    </rtept>
    <rtept lat="46.261508" lon="13.566939">
      <name/>
      <desc>Keep right</desc>
      <extensions>
        <distance>1244.9</distance>
        <duration>280.1</duration>
        <type>13</type>
        <step>33</step>
      </extensions>
    </rtept>
    <rtept lat="46.260919" lon="13.567021">
      <name/>
      <desc>Keep right</desc>
      <extensions>
        <distance>1244.9</distance>
        <duration>280.1</duration>
        <type>13</type>
        <step>33</step>
      </extensions>
    </rtept>
    <rtept lat="46.260715" lon="13.567105">
      <name/>
      <desc>Keep right</desc>
      <extensions>
        <distance>1244.9</distance>
        <duration>280.1</duration>
        <type>13</type>
        <step>33</step>
      </extensions>
    </rtept>
    <rtept lat="46.26051" lon="13.56731">
      <name/>
      <desc>Keep right</desc>
      <extensions>
        <distance>1244.9</distance>
        <duration>280.1</duration>
        <type>13</type>
        <step>33</step>
      </extensions>
    </rtept>
    <rtept lat="46.260279" lon="13.567611">
      <name/>
      <desc>Keep right</desc>
      <extensions>
        <distance>1244.9</distance>
        <duration>280.1</duration>
        <type>13</type>
        <step>33</step>
      </extensions>
    </rtept>
    <rtept lat="46.260066" lon="13.567766">
      <name/>
      <desc>Keep right</desc>
      <extensions>
        <distance>1244.9</distance>
        <duration>280.1</duration>
        <type>13</type>
        <step>33</step>
      </extensions>
    </rtept>
    <rtept lat="46.25993" lon="13.567758">
      <name/>
      <desc>Keep right</desc>
      <extensions>
        <distance>1244.9</distance>
        <duration>280.1</duration>
        <type>13</type>
        <step>33</step>
      </extensions>
    </rtept>
    <rtept lat="46.259741" lon="13.567704">
      <name/>
      <desc>Keep right</desc>
      <extensions>
        <distance>1244.9</distance>
        <duration>280.1</duration>
        <type>13</type>
        <step>33</step>
      </extensions>
    </rtept>
    <rtept lat="46.259544" lon="13.567573">
      <name/>
      <desc>Keep right</desc>
      <extensions>
        <distance>1244.9</distance>
        <duration>280.1</duration>
        <type>13</type>
        <step>33</step>
      </extensions>
    </rtept>
    <rtept lat="46.259479" lon="13.567459">
      <name/>
      <desc>Keep right</desc>
      <extensions>
        <distance>1244.9</distance>
        <duration>280.1</duration>
        <type>13</type>
        <step>33</step>
      </extensions>
    </rtept>
    <rtept lat="46.259471" lon="13.567321">
      <name/>
      <desc>Turn left</desc>
      <extensions>
        <distance>333.3</distance>
        <duration>100.0</duration>
        <type>0</type>
        <step>34</step>
      </extensions>
    </rtept>
    <rtept lat="46.259426" lon="13.567279">
      <name/>
      <desc>Turn left</desc>
      <extensions>
        <distance>333.3</distance>
        <duration>100.0</duration>
        <type>0</type>
        <step>34</step>
      </extensions>
    </rtept>
    <rtept lat="46.259427" lon="13.567112">
      <name/>
      <desc>Turn left</desc>
      <extensions>
        <distance>333.3</distance>
        <duration>100.0</duration>
        <type>0</type>
        <step>34</step>
      </extensions>
    </rtept>
    <rtept lat="46.259457" lon="13.566902">
      <name/>
      <desc>Turn left</desc>
      <extensions>
        <distance>333.3</distance>
        <duration>100.0</duration>
        <type>0</type>
        <step>34</step>
      </extensions>
    </rtept>
    <rtept lat="46.259453" lon="13.566738">
      <name/>
      <desc>Turn left</desc>
      <extensions>
        <distance>333.3</distance>
        <duration>100.0</duration>
        <type>0</type>
        <step>34</step>
      </extensions>
    </rtept>
    <rtept lat="46.25942" lon="13.566692">
      <name/>
      <desc>Turn left</desc>
      <extensions>
        <distance>333.3</distance>
        <duration>100.0</duration>
        <type>0</type>
        <step>34</step>
      </extensions>
    </rtept>
    <rtept lat="46.259261" lon="13.566447">
      <name/>
      <desc>Turn left</desc>
      <extensions>
        <distance>333.3</distance>
        <duration>100.0</duration>
        <type>0</type>
        <step>34</step>
      </extensions>
    </rtept>
    <rtept lat="46.25905" lon="13.566302">
      <name/>
      <desc>Turn left</desc>
      <extensions>
        <distance>333.3</distance>
        <duration>100.0</duration>
        <type>0</type>
        <step>34</step>
      </extensions>
    </rtept>
    <rtept lat="46.258809" lon="13.566251">
      <name/>
      <desc>Turn left</desc>
      <extensions>
        <distance>333.3</distance>
        <duration>100.0</duration>
        <type>0</type>
        <step>34</step>
      </extensions>
    </rtept>
    <rtept lat="46.25818" lon="13.566246">
      <name/>
      <desc>Turn left</desc>
      <extensions>
        <distance>333.3</distance>
        <duration>100.0</duration>
        <type>0</type>
        <step>34</step>
      </extensions>
    </rtept>
    <rtept lat="46.257779" lon="13.566407">
      <name/>
      <desc>Turn left</desc>
      <extensions>
        <distance>333.3</distance>
        <duration>100.0</duration>
        <type>0</type>
        <step>34</step>
      </extensions>
    </rtept>
    <rtept lat="46.257434" lon="13.566616">
      <name/>
      <desc>Turn left</desc>
      <extensions>
        <distance>333.3</distance>
        <duration>100.0</duration>
        <type>0</type>
        <step>34</step>
      </extensions>
    </rtept>
    <rtept lat="46.257227" lon="13.566635">
      <name/>
      <desc>Turn left</desc>
      <extensions>
        <distance>333.3</distance>
        <duration>100.0</duration>
        <type>0</type>
        <step>34</step>
      </extensions>
    </rtept>
    <rtept lat="46.257125" lon="13.566603">
      <name/>
      <desc>Turn left</desc>
      <extensions>
        <distance>333.3</distance>
        <duration>100.0</duration>
        <type>0</type>
        <step>34</step>
      </extensions>
    </rtept>
    <rtept lat="46.257054" lon="13.566548">
      <name/>
      <desc>Turn left</desc>
      <extensions>
        <distance>1855.0</distance>
        <duration>443.9</duration>
        <type>0</type>
        <step>35</step>
      </extensions>
    </rtept>
    <rtept lat="46.256982" lon="13.566719">
      <name/>
      <desc>Turn left</desc>
      <extensions>
        <distance>1855.0</distance>
        <duration>443.9</duration>
        <type>0</type>
        <step>35</step>
      </extensions>
    </rtept>
    <rtept lat="46.256825" lon="13.566972">
      <name/>
      <desc>Turn left</desc>
      <extensions>
        <distance>1855.0</distance>
        <duration>443.9</duration>
        <type>0</type>
        <step>35</step>
      </extensions>
    </rtept>
    <rtept lat="46.256807" lon="13.567135">
      <name/>
      <desc>Turn left</desc>
      <extensions>
        <distance>1855.0</distance>
        <duration>443.9</duration>
        <type>0</type>
        <step>35</step>
      </extensions>
    </rtept>
    <rtept lat="46.256753" lon="13.567231">
      <name/>
      <desc>Turn left</desc>
      <extensions>
        <distance>1855.0</distance>
        <duration>443.9</duration>
        <type>0</type>
        <step>35</step>
      </extensions>
    </rtept>
    <rtept lat="46.256595" lon="13.567705">
      <name/>
      <desc>Turn left</desc>
      <extensions>
        <distance>1855.0</distance>
        <duration>443.9</duration>
        <type>0</type>
        <step>35</step>
      </extensions>
    </rtept>
    <rtept lat="46.256374" lon="13.567891">
      <name/>
      <desc>Turn left</desc>
      <extensions>
        <distance>1855.0</distance>
        <duration>443.9</duration>
        <type>0</type>
        <step>35</step>
      </extensions>
    </rtept>
    <rtept lat="46.255914" lon="13.5679">
      <name/>
      <desc>Turn left</desc>
      <extensions>
        <distance>1855.0</distance>
        <duration>443.9</duration>
        <type>0</type>
        <step>35</step>
      </extensions>
    </rtept>
    <rtept lat="46.255779" lon="13.568017">
      <name/>
      <desc>Turn left</desc>
      <extensions>
        <distance>1855.0</distance>
        <duration>443.9</duration>
        <type>0</type>
        <step>35</step>
      </extensions>
    </rtept>
    <rtept lat="46.255428" lon="13.568427">
      <name/>
      <desc>Turn left</desc>
      <extensions>
        <distance>1855.0</distance>
        <duration>443.9</duration>
        <type>0</type>
        <step>35</step>
      </extensions>
    </rtept>
    <rtept lat="46.255174" lon="13.568807">
      <name/>
      <desc>Turn left</desc>
      <extensions>
        <distance>1855.0</distance>
        <duration>443.9</duration>
        <type>0</type>
        <step>35</step>
      </extensions>
    </rtept>
    <rtept lat="46.255037" lon="13.569054">
      <name/>
      <desc>Turn left</desc>
      <extensions>
        <distance>1855.0</distance>
        <duration>443.9</duration>
        <type>0</type>
        <step>35</step>
      </extensions>
    </rtept>
    <rtept lat="46.254865" lon="13.569542">
      <name/>
      <desc>Turn left</desc>
      <extensions>
        <distance>1855.0</distance>
        <duration>443.9</duration>
        <type>0</type>
        <step>35</step>
      </extensions>
    </rtept>
    <rtept lat="46.254698" lon="13.569803">
      <name/>
      <desc>Turn left</desc>
      <extensions>
        <distance>1855.0</distance>
        <duration>443.9</duration>
        <type>0</type>
        <step>35</step>
      </extensions>
    </rtept>
    <rtept lat="46.254639" lon="13.570043">
      <name/>
      <desc>Turn left</desc>
      <extensions>
        <distance>1855.0</distance>
        <duration>443.9</duration>
        <type>0</type>
        <step>35</step>
      </extensions>
    </rtept>
    <rtept lat="46.25451" lon="13.570311">
      <name/>
      <desc>Turn left</desc>
      <extensions>
        <distance>1855.0</distance>
        <duration>443.9</duration>
        <type>0</type>
        <step>35</step>
      </extensions>
    </rtept>
    <rtept lat="46.254419" lon="13.570768">
      <name/>
      <desc>Turn left</desc>
      <extensions>
        <distance>1855.0</distance>
        <duration>443.9</duration>
        <type>0</type>
        <step>35</step>
      </extensions>
    </rtept>
    <rtept lat="46.254374" lon="13.571161">
      <name/>
      <desc>Turn left</desc>
      <extensions>
        <distance>1855.0</distance>
        <duration>443.9</duration>
        <type>0</type>
        <step>35</step>
      </extensions>
    </rtept>
    <rtept lat="46.254242" lon="13.571246">
      <name/>
      <desc>Turn left</desc>
      <extensions>
        <distance>1855.0</distance>
        <duration>443.9</duration>
        <type>0</type>
        <step>35</step>
      </extensions>
    </rtept>
    <rtept lat="46.254255" lon="13.571414">
      <name/>
      <desc>Turn left</desc>
      <extensions>
        <distance>1855.0</distance>
        <duration>443.9</duration>
        <type>0</type>
        <step>35</step>
      </extensions>
    </rtept>
    <rtept lat="46.254422" lon="13.57158">
      <name/>
      <desc>Turn left</desc>
      <extensions>
        <distance>1855.0</distance>
        <duration>443.9</duration>
        <type>0</type>
        <step>35</step>
      </extensions>
    </rtept>
    <rtept lat="46.254472" lon="13.571849">
      <name/>
      <desc>Turn left</desc>
      <extensions>
        <distance>1855.0</distance>
        <duration>443.9</duration>
        <type>0</type>
        <step>35</step>
      </extensions>
    </rtept>
    <rtept lat="46.254522" lon="13.572007">
      <name/>
      <desc>Turn left</desc>
      <extensions>
        <distance>1855.0</distance>
        <duration>443.9</duration>
        <type>0</type>
        <step>35</step>
      </extensions>
    </rtept>
    <rtept lat="46.254527" lon="13.572128">
      <name/>
      <desc>Turn left</desc>
      <extensions>
        <distance>1855.0</distance>
        <duration>443.9</duration>
        <type>0</type>
        <step>35</step>
      </extensions>
    </rtept>
    <rtept lat="46.254191" lon="13.572137">
      <name/>
      <desc>Turn left</desc>
      <extensions>
        <distance>1855.0</distance>
        <duration>443.9</duration>
        <type>0</type>
        <step>35</step>
      </extensions>
    </rtept>
    <rtept lat="46.253987" lon="13.572166">
      <name/>
      <desc>Turn left</desc>
      <extensions>
        <distance>1855.0</distance>
        <duration>443.9</duration>
        <type>0</type>
        <step>35</step>
      </extensions>
    </rtept>
    <rtept lat="46.253825" lon="13.572221">
      <name/>
      <desc>Turn left</desc>
      <extensions>
        <distance>1855.0</distance>
        <duration>443.9</duration>
        <type>0</type>
        <step>35</step>
      </extensions>
    </rtept>
    <rtept lat="46.253674" lon="13.572326">
      <name/>
      <desc>Turn left</desc>
      <extensions>
        <distance>1855.0</distance>
        <duration>443.9</duration>
        <type>0</type>
        <step>35</step>
      </extensions>
    </rtept>
    <rtept lat="46.253614" lon="13.572465">
      <name/>
      <desc>Turn left</desc>
      <extensions>
        <distance>1855.0</distance>
        <duration>443.9</duration>
        <type>0</type>
        <step>35</step>
      </extensions>
    </rtept>
    <rtept lat="46.253516" lon="13.57256">
      <name/>
      <desc>Turn left</desc>
      <extensions>
        <distance>1855.0</distance>
        <duration>443.9</duration>
        <type>0</type>
        <step>35</step>
      </extensions>
    </rtept>
    <rtept lat="46.253203" lon="13.57259">
      <name/>
      <desc>Turn left</desc>
      <extensions>
        <distance>1855.0</distance>
        <duration>443.9</duration>
        <type>0</type>
        <step>35</step>
      </extensions>
    </rtept>
    <rtept lat="46.253106" lon="13.572528">
      <name/>
      <desc>Turn left</desc>
      <extensions>
        <distance>1855.0</distance>
        <duration>443.9</duration>
        <type>0</type>
        <step>35</step>
      </extensions>
    </rtept>
    <rtept lat="46.253037" lon="13.572435">
      <name/>
      <desc>Turn left</desc>
      <extensions>
        <distance>1855.0</distance>
        <duration>443.9</duration>
        <type>0</type>
        <step>35</step>
      </extensions>
    </rtept>
    <rtept lat="46.25299" lon="13.572226">
      <name/>
      <desc>Turn left</desc>
      <extensions>
        <distance>1855.0</distance>
        <duration>443.9</duration>
        <type>0</type>
        <step>35</step>
      </extensions>
    </rtept>
    <rtept lat="46.252931" lon="13.571715">
      <name/>
      <desc>Turn left</desc>
      <extensions>
        <distance>1855.0</distance>
        <duration>443.9</duration>
        <type>0</type>
        <step>35</step>
      </extensions>
    </rtept>
    <rtept lat="46.252828" lon="13.571519">
      <name/>
      <desc>Turn left</desc>
      <extensions>
        <distance>1855.0</distance>
        <duration>443.9</duration>
        <type>0</type>
        <step>35</step>
      </extensions>
    </rtept>
    <rtept lat="46.252784" lon="13.571513">
      <name/>
      <desc>Turn left</desc>
      <extensions>
        <distance>1855.0</distance>
        <duration>443.9</duration>
        <type>0</type>
        <step>35</step>
      </extensions>
    </rtept>
    <rtept lat="46.25262" lon="13.571801">
      <name/>
      <desc>Turn left</desc>
      <extensions>
        <distance>1855.0</distance>
        <duration>443.9</duration>
        <type>0</type>
        <step>35</step>
      </extensions>
    </rtept>
    <rtept lat="46.252512" lon="13.571856">
      <name/>
      <desc>Turn left</desc>
      <extensions>
        <distance>1855.0</distance>
        <duration>443.9</duration>
        <type>0</type>
        <step>35</step>
      </extensions>
    </rtept>
    <rtept lat="46.25244" lon="13.571716">
      <name/>
      <desc>Turn left</desc>
      <extensions>
        <distance>1855.0</distance>
        <duration>443.9</duration>
        <type>0</type>
        <step>35</step>
      </extensions>
    </rtept>
    <rtept lat="46.252304" lon="13.571764">
      <name/>
      <desc>Turn left</desc>
      <extensions>
        <distance>1855.0</distance>
        <duration>443.9</duration>
        <type>0</type>
        <step>35</step>
      </extensions>
    </rtept>
    <rtept lat="46.252179" lon="13.571987">
      <name/>
      <desc>Turn left</desc>
      <extensions>
        <distance>1855.0</distance>
        <duration>443.9</duration>
        <type>0</type>
        <step>35</step>
      </extensions>
    </rtept>
    <rtept lat="46.252223" lon="13.572345">
      <name/>
      <desc>Turn left</desc>
      <extensions>
        <distance>1855.0</distance>
        <duration>443.9</duration>
        <type>0</type>
        <step>35</step>
      </extensions>
    </rtept>
    <rtept lat="46.252136" lon="13.572476">
      <name/>
      <desc>Turn left</desc>
      <extensions>
        <distance>1855.0</distance>
        <duration>443.9</duration>
        <type>0</type>
        <step>35</step>
      </extensions>
    </rtept>
    <rtept lat="46.252085" lon="13.572674">
      <name/>
      <desc>Turn left</desc>
      <extensions>
        <distance>1855.0</distance>
        <duration>443.9</duration>
        <type>0</type>
        <step>35</step>
      </extensions>
    </rtept>
    <rtept lat="46.252035" lon="13.573062">
      <name/>
      <desc>Turn left</desc>
      <extensions>
        <distance>1855.0</distance>
        <duration>443.9</duration>
        <type>0</type>
        <step>35</step>
      </extensions>
    </rtept>
    <rtept lat="46.252166" lon="13.57327">
      <name/>
      <desc>Turn left</desc>
      <extensions>
        <distance>1855.0</distance>
        <duration>443.9</duration>
        <type>0</type>
        <step>35</step>
      </extensions>
    </rtept>
    <rtept lat="46.252093" lon="13.573415">
      <name/>
      <desc>Turn left</desc>
      <extensions>
        <distance>1855.0</distance>
        <duration>443.9</duration>
        <type>0</type>
        <step>35</step>
      </extensions>
    </rtept>
    <rtept lat="46.25204" lon="13.573573">
      <name/>
      <desc>Turn left</desc>
      <extensions>
        <distance>1855.0</distance>
        <duration>443.9</duration>
        <type>0</type>
        <step>35</step>
      </extensions>
    </rtept>
    <rtept lat="46.251946" lon="13.573675">
      <name/>
      <desc>Turn left</desc>
      <extensions>
        <distance>1855.0</distance>
        <duration>443.9</duration>
        <type>0</type>
        <step>35</step>
      </extensions>
    </rtept>
    <rtept lat="46.251899" lon="13.573767">
      <name/>
      <desc>Turn left</desc>
      <extensions>
        <distance>1855.0</distance>
        <duration>443.9</duration>
        <type>0</type>
        <step>35</step>
      </extensions>
    </rtept>
    <rtept lat="46.251938" lon="13.573924">
      <name/>
      <desc>Turn left</desc>
      <extensions>
        <distance>1855.0</distance>
        <duration>443.9</duration>
        <type>0</type>
        <step>35</step>
      </extensions>
    </rtept>
    <rtept lat="46.25198" lon="13.574312">
      <name/>
      <desc>Turn left</desc>
      <extensions>
        <distance>1855.0</distance>
        <duration>443.9</duration>
        <type>0</type>
        <step>35</step>
      </extensions>
    </rtept>
    <rtept lat="46.252103" lon="13.574429">
      <name/>
      <desc>Turn left</desc>
      <extensions>
        <distance>1855.0</distance>
        <duration>443.9</duration>
        <type>0</type>
        <step>35</step>
      </extensions>
    </rtept>
    <rtept lat="46.252156" lon="13.574735">
      <name/>
      <desc>Turn left</desc>
      <extensions>
        <distance>1855.0</distance>
        <duration>443.9</duration>
        <type>0</type>
        <step>35</step>
      </extensions>
    </rtept>
    <rtept lat="46.252219" lon="13.574966">
      <name/>
      <desc>Turn left</desc>
      <extensions>
        <distance>1855.0</distance>
        <duration>443.9</duration>
        <type>0</type>
        <step>35</step>
      </extensions>
    </rtept>
    <rtept lat="46.25223" lon="13.575159">
      <name/>
      <desc>Turn left</desc>
      <extensions>
        <distance>1855.0</distance>
        <duration>443.9</duration>
        <type>0</type>
        <step>35</step>
      </extensions>
    </rtept>
    <rtept lat="46.252175" lon="13.575218">
      <name/>
      <desc>Turn left</desc>
      <extensions>
        <distance>1855.0</distance>
        <duration>443.9</duration>
        <type>0</type>
        <step>35</step>
      </extensions>
    </rtept>
    <rtept lat="46.252016" lon="13.575249">
      <name/>
      <desc>Turn left</desc>
      <extensions>
        <distance>1855.0</distance>
        <duration>443.9</duration>
        <type>0</type>
        <step>35</step>
      </extensions>
    </rtept>
    <rtept lat="46.251954" lon="13.575298">
      <name/>
      <desc>Turn left</desc>
      <extensions>
        <distance>1855.0</distance>
        <duration>443.9</duration>
        <type>0</type>
        <step>35</step>
      </extensions>
    </rtept>
    <rtept lat="46.251888" lon="13.575384">
      <name/>
      <desc>Turn left</desc>
      <extensions>
        <distance>1855.0</distance>
        <duration>443.9</duration>
        <type>0</type>
        <step>35</step>
      </extensions>
    </rtept>
    <rtept lat="46.251726" lon="13.575413">
      <name/>
      <desc>Turn left</desc>
      <extensions>
        <distance>1855.0</distance>
        <duration>443.9</duration>
        <type>0</type>
        <step>35</step>
      </extensions>
    </rtept>
    <rtept lat="46.251645" lon="13.575375">
      <name/>
      <desc>Turn left</desc>
      <extensions>
        <distance>1855.0</distance>
        <duration>443.9</duration>
        <type>0</type>
        <step>35</step>
      </extensions>
    </rtept>
    <rtept lat="46.251423" lon="13.575399">
      <name/>
      <desc>Turn left</desc>
      <extensions>
        <distance>1855.0</distance>
        <duration>443.9</duration>
        <type>0</type>
        <step>35</step>
      </extensions>
    </rtept>
    <rtept lat="46.251045" lon="13.575337">
      <name/>
      <desc>Turn left</desc>
      <extensions>
        <distance>1855.0</distance>
        <duration>443.9</duration>
        <type>0</type>
        <step>35</step>
      </extensions>
    </rtept>
    <rtept lat="46.250804" lon="13.575328">
      <name/>
      <desc>Turn left</desc>
      <extensions>
        <distance>1855.0</distance>
        <duration>443.9</duration>
        <type>0</type>
        <step>35</step>
      </extensions>
    </rtept>
    <rtept lat="46.250554" lon="13.575448">
      <name/>
      <desc>Turn left</desc>
      <extensions>
        <distance>1855.0</distance>
        <duration>443.9</duration>
        <type>0</type>
        <step>35</step>
      </extensions>
    </rtept>
    <rtept lat="46.250342" lon="13.57568">
      <name/>
      <desc>Turn left</desc>
      <extensions>
        <distance>1855.0</distance>
        <duration>443.9</duration>
        <type>0</type>
        <step>35</step>
      </extensions>
    </rtept>
    <rtept lat="46.250183" lon="13.575947">
      <name/>
      <desc>Turn left</desc>
      <extensions>
        <distance>1855.0</distance>
        <duration>443.9</duration>
        <type>0</type>
        <step>35</step>
      </extensions>
    </rtept>
    <rtept lat="46.250074" lon="13.576237">
      <name/>
      <desc>Turn left</desc>
      <extensions>
        <distance>1855.0</distance>
        <duration>443.9</duration>
        <type>0</type>
        <step>35</step>
      </extensions>
    </rtept>
    <rtept lat="46.249956" lon="13.5765">
      <name/>
      <desc>Turn left</desc>
      <extensions>
        <distance>1855.0</distance>
        <duration>443.9</duration>
        <type>0</type>
        <step>35</step>
      </extensions>
    </rtept>
    <rtept lat="46.249778" lon="13.576825">
      <name/>
      <desc>Turn left</desc>
      <extensions>
        <distance>1855.0</distance>
        <duration>443.9</duration>
        <type>0</type>
        <step>35</step>
      </extensions>
    </rtept>
    <rtept lat="46.24961" lon="13.576892">
      <name/>
      <desc>Turn left</desc>
      <extensions>
        <distance>1855.0</distance>
        <duration>443.9</duration>
        <type>0</type>
        <step>35</step>
      </extensions>
    </rtept>
    <rtept lat="46.249482" lon="13.577125">
      <name/>
      <desc>Turn left</desc>
      <extensions>
        <distance>1855.0</distance>
        <duration>443.9</duration>
        <type>0</type>
        <step>35</step>
      </extensions>
    </rtept>
    <rtept lat="46.249242" lon="13.577815">
      <name/>
      <desc>Turn left</desc>
      <extensions>
        <distance>1855.0</distance>
        <duration>443.9</duration>
        <type>0</type>
        <step>35</step>
      </extensions>
    </rtept>
    <rtept lat="46.24909" lon="13.577997">
      <name/>
      <desc>Turn left</desc>
      <extensions>
        <distance>1855.0</distance>
        <duration>443.9</duration>
        <type>0</type>
        <step>35</step>
      </extensions>
    </rtept>
    <rtept lat="46.248824" lon="13.57806">
      <name/>
      <desc>Turn left</desc>
      <extensions>
        <distance>1855.0</distance>
        <duration>443.9</duration>
        <type>0</type>
        <step>35</step>
      </extensions>
    </rtept>
    <rtept lat="46.248624" lon="13.578182">
      <name/>
      <desc>Turn left</desc>
      <extensions>
        <distance>1855.0</distance>
        <duration>443.9</duration>
        <type>0</type>
        <step>35</step>
      </extensions>
    </rtept>
    <rtept lat="46.248495" lon="13.578475">
      <name/>
      <desc>Turn left</desc>
      <extensions>
        <distance>1855.0</distance>
        <duration>443.9</duration>
        <type>0</type>
        <step>35</step>
      </extensions>
    </rtept>
    <rtept lat="46.248473" lon="13.578835">
      <name/>
      <desc>Turn left</desc>
      <extensions>
        <distance>1855.0</distance>
        <duration>443.9</duration>
        <type>0</type>
        <step>35</step>
      </extensions>
    </rtept>
    <rtept lat="46.248445" lon="13.578864">
      <name/>
      <desc>Turn left</desc>
      <extensions>
        <distance>1855.0</distance>
        <duration>443.9</duration>
        <type>0</type>
        <step>35</step>
      </extensions>
    </rtept>
    <rtept lat="46.2482" lon="13.57887">
      <name/>
      <desc>Turn left</desc>
      <extensions>
        <distance>1855.0</distance>
        <duration>443.9</duration>
        <type>0</type>
        <step>35</step>
      </extensions>
    </rtept>
    <rtept lat="46.248011" lon="13.579071">
      <name/>
      <desc>Turn left</desc>
      <extensions>
        <distance>1855.0</distance>
        <duration>443.9</duration>
        <type>0</type>
        <step>35</step>
      </extensions>
    </rtept>
    <rtept lat="46.247925" lon="13.579107">
      <name>Krilanova ulica</name>
      <desc>Turn slight left onto Krilanova ulica</desc>
      <extensions>
        <distance>17.2</distance>
        <duration>3.4</duration>
        <type>4</type>
        <step>36</step>
      </extensions>
    </rtept>
    <rtept lat="46.247847" lon="13.57923">
      <name>Krilanova ulica</name>
      <desc>Turn slight left onto Krilanova ulica</desc>
      <extensions>
        <distance>17.2</distance>
        <duration>3.4</duration>
        <type>4</type>
        <step>36</step>
      </extensions>
    </rtept>
    <rtept lat="46.24782" lon="13.579272">
      <name>Trg svobode</name>
      <desc>Turn right onto Trg svobode</desc>
      <extensions>
        <distance>23.7</distance>
        <duration>4.7</duration>
        <type>1</type>
        <step>37</step>
      </extensions>
    </rtept>
    <rtept lat="46.247749" lon="13.579181">
      <name>Trg svobode</name>
      <desc>Turn right onto Trg svobode</desc>
      <extensions>
        <distance>23.7</distance>
        <duration>4.7</duration>
        <type>1</type>
        <step>37</step>
      </extensions>
    </rtept>
    <rtept lat="46.247638" lon="13.579123">
      <name>Volaričeva ulica, 102</name>
      <desc>Turn left onto Volaričeva ulica, 102</desc>
      <extensions>
        <distance>122.4</distance>
        <duration>24.5</duration>
        <type>0</type>
        <step>38</step>
      </extensions>
    </rtept>
    <rtept lat="46.247607" lon="13.579147">
      <name>Volaričeva ulica, 102</name>
      <desc>Turn left onto Volaričeva ulica, 102</desc>
      <extensions>
        <distance>122.4</distance>
        <duration>24.5</duration>
        <type>0</type>
        <step>38</step>
      </extensions>
    </rtept>
    <rtept lat="46.247338" lon="13.579336">
      <name>Volaričeva ulica, 102</name>
      <desc>Turn left onto Volaričeva ulica, 102</desc>
      <extensions>
        <distance>122.4</distance>
        <duration>24.5</duration>
        <type>0</type>
        <step>38</step>
      </extensions>
    </rtept>
    <rtept lat="46.247182" lon="13.579342">
      <name>Volaričeva ulica, 102</name>
      <desc>Turn left onto Volaričeva ulica, 102</desc>
      <extensions>
        <distance>122.4</distance>
        <duration>24.5</duration>
        <type>0</type>
        <step>38</step>
      </extensions>
    </rtept>
    <rtept lat="46.247034" lon="13.579325">
      <name>Volaričeva ulica, 102</name>
      <desc>Turn left onto Volaričeva ulica, 102</desc>
      <extensions>
        <distance>122.4</distance>
        <duration>24.5</duration>
        <type>0</type>
        <step>38</step>
      </extensions>
    </rtept>
    <rtept lat="46.246718" lon="13.57926">
      <name>Volaričeva ulica, 102</name>
      <desc>Turn left onto Volaričeva ulica, 102</desc>
      <extensions>
        <distance>122.4</distance>
        <duration>24.5</duration>
        <type>0</type>
        <step>38</step>
      </extensions>
    </rtept>
    <rtept lat="46.24658" lon="13.579203">
      <name>Manfredova ulica</name>
      <desc>Turn left onto Manfredova ulica</desc>
      <extensions>
        <distance>54.2</distance>
        <duration>10.8</duration>
        <type>0</type>
        <step>39</step>
      </extensions>
    </rtept>
    <rtept lat="46.246476" lon="13.579467">
      <name>Manfredova ulica</name>
      <desc>Turn left onto Manfredova ulica</desc>
      <extensions>
        <distance>54.2</distance>
        <duration>10.8</duration>
        <type>0</type>
        <step>39</step>
      </extensions>
    </rtept>
    <rtept lat="46.246298" lon="13.579775">
      <name>Šarfova ulica</name>
      <desc>Turn right onto Šarfova ulica</desc>
      <extensions>
        <distance>89.4</distance>
        <duration>17.9</duration>
        <type>1</type>
        <step>40</step>
      </extensions>
    </rtept>
    <rtept lat="46.246212" lon="13.579753">
      <name>Šarfova ulica</name>
      <desc>Turn right onto Šarfova ulica</desc>
      <extensions>
        <distance>89.4</distance>
        <duration>17.9</duration>
        <type>1</type>
        <step>40</step>
      </extensions>
    </rtept>
    <rtept lat="46.246024" lon="13.579703">
      <name>Šarfova ulica</name>
      <desc>Turn right onto Šarfova ulica</desc>
      <extensions>
        <distance>89.4</distance>
        <duration>17.9</duration>
        <type>1</type>
        <step>40</step>
      </extensions>
    </rtept>
    <rtept lat="46.245711" lon="13.579717">
      <name>Šarfova ulica</name>
      <desc>Turn right onto Šarfova ulica</desc>
      <extensions>
        <distance>89.4</distance>
        <duration>17.9</duration>
        <type>1</type>
        <step>40</step>
      </extensions>
    </rtept>
    <rtept lat="46.245509" lon="13.579621">
      <name/>
      <desc>Turn left</desc>
      <extensions>
        <distance>105.0</distance>
        <duration>21.0</duration>
        <type>0</type>
        <step>41</step>
      </extensions>
    </rtept>
    <rtept lat="46.245483" lon="13.579685">
      <name/>
      <desc>Turn left</desc>
      <extensions>
        <distance>105.0</distance>
        <duration>21.0</duration>
        <type>0</type>
        <step>41</step>
      </extensions>
    </rtept>
    <rtept lat="46.245358" lon="13.579997">
      <name/>
      <desc>Turn left</desc>
      <extensions>
        <distance>105.0</distance>
        <duration>21.0</duration>
        <type>0</type>
        <step>41</step>
      </extensions>
    </rtept>
    <rtept lat="46.245205" lon="13.580439">
      <name/>
      <desc>Turn left</desc>
      <extensions>
        <distance>105.0</distance>
        <duration>21.0</duration>
        <type>0</type>
        <step>41</step>
      </extensions>
    </rtept>
    <rtept lat="46.245126" lon="13.58086">
      <name>Ulica Sergeja Mašera</name>
      <desc>Turn sharp right onto Ulica Sergeja Mašera</desc>
      <extensions>
        <distance>47.4</distance>
        <duration>9.5</duration>
        <type>3</type>
        <step>42</step>
      </extensions>
    </rtept>
    <rtept lat="46.245046" lon="13.580777">
      <name>Ulica Sergeja Mašera</name>
      <desc>Turn sharp right onto Ulica Sergeja Mašera</desc>
      <extensions>
        <distance>47.4</distance>
        <duration>9.5</duration>
        <type>3</type>
        <step>42</step>
      </extensions>
    </rtept>
    <rtept lat="46.244783" lon="13.580492">
      <name>Ulica Sergeja Mašera</name>
      <desc>Turn right onto Ulica Sergeja Mašera</desc>
      <extensions>
        <distance>58.4</distance>
        <duration>13.1</duration>
        <type>1</type>
        <step>43</step>
      </extensions>
    </rtept>
    <rtept lat="46.245051" lon="13.579839">
      <name/>
      <desc>Arrive at Ulica Sergeja Mašera, on the right</desc>
      <extensions>
        <distance>0.0</distance>
        <duration>0.0</duration>
        <type>10</type>
        <step>44</step>
      </extensions>
    </rtept>
    <extensions>
      <distance>21501.4</distance>
      <duration>4959.2</duration>
      <ascent>0.0</ascent>
      <descent>0.0</descent>
      <avgspeed>15.6</avgspeed>
      <bounds maxlat="46.336436" maxlon="13.58086" minlat="46.244783" minlon="13.486109"/>
    </extensions>
  </rte>
  <extensions>
    <attribution>openrouteservice.org | OpenStreetMap contributors</attribution>
    <engine>9.8.0</engine>
    <build_date>2026-03-30T12:24:04Z</build_date>
    <graph_date>2026-04-28T05:37:06Z</graph_date>
    <osm_date>2026-04-20T00:00:00Z</osm_date>
    <profile>cycling-mountain</profile>
    <language>en</language>
    <distance-units>m</distance-units>
    <instructions>true</instructions>
    <elevation>false</elevation>
  </extensions>
</gpx>
